	S1	S2	S3	S4	S5	S6	S7	S8	S9	S10	S11	S12	S13
TTLL10	0.00351491120328956	0.0	0.0	0.0	0.0034979577237098046	0.0	0.0	0.009098178315426978	0.00022229073508813605	0.0	0.0	0.0	0.0
MIB2	0.0	0.0038676170337938512	0.0011423372322090055	0.0	0.0	0.0017692721285556276	0.0	0.0022725343837009184	6.763740239938241e-05	0.0	0.0	0.0007171764120614051	0.0
MMEL1	0.002747390277781476	0.0	0.0	0.008243617286126357	0.0	0.0	0.0	0.0048381901724746075	0.0	0.005379545201337048	0.0	0.005106653686503475	0.00138827366567843
PER3	0.0	0.0	0.0	0.006385852893675115	0.0	0.0011612797255253207	0.0	0.0	0.006327240911699974	0.0	0.0	0.0	0.0
CASZ1	0.000685218180304399	0.0	0.0	0.0014313965787165963	0.0	0.0	0.0	0.0056963461179357685	0.00532105998390713	0.007871828526095033	0.0	0.0	0.004328246496090953
PRDM2	0.0	0.0017405183689644136	0.0	0.0032962203360914918	0.0	0.00311846347672278	0.0	0.0017376750970256956	0.0008959552173270167	0.0032831391168821706	0.0	0.0017376358407110496	0.005552614411257473
IFFO2	0.005862980924944753	0.0	0.0	0.0	0.0	0.0	0.0	0.003125734915909062	0.001416136692597548	0.007065536483475615	0.0	0.0008551733301368964	0.0013398130200296037
ALPL	0.0	0.0	0.001547420180513308	0.0	0.0	0.007334577742919515	0.00968878968658608	0.0	0.0	0.01002659372074642	0.0	0.01096921036100585	0.0
WNT4	0.0	0.0036985433970752536	0.00636887403249904	0.0003660461584667795	0.0	0.0	0.0019429547366509794	0.0	0.0	0.0	0.001569572707032837	0.0	0.0
C1QB	0.0	0.008043326718306626	0.0	0.0	0.004261574896659729	0.004214366781321387	0.0016079912431692868	0.0	0.0	0.0	0.0	0.0032003162714117155	0.0
KDF1	0.006005669903138772	0.0	0.0	0.007834748260733744	0.0	0.0	0.0027578847128246512	0.004271598286113664	0.0005951519707477887	0.0	0.0	0.0	0.0
HDAC1	0.007563435860916424	0.0	0.0	0.0032797954654390773	0.0	0.0	0.0	0.0	0.0	0.0001894683683990076	0.0	0.0	0.0031614627165548106
GJA9	0.0010761250943609228	0.0	0.0	0.0016302389394248597	0.0	0.0	0.0	0.0030666380501210943	0.0037813111918229394	0.002178937745544526	0.0	0.0	0.001892396518311396
HEYL	0.0	0.00016983386025908642	0.004840677674379505	0.0	0.0	0.0017353363476632097	0.0018238201766672072	0.0	0.0	0.0028373269051916654	0.0	0.016792321535632662	0.005962036167446628
PPIH	0.0	0.008163352224421442	0.0035910971795686283	0.0	0.004563731922400437	0.0	0.0	0.0	0.0	0.0	0.002594602303876442	0.0	0.0016734101557791124
ERMAP	0.0	0.005580193492339213	0.006504707933194315	0.0	0.004062389419178484	0.0010189739234628015	0.0	0.0	0.0	0.0	0.0	0.0015740877212726116	0.0009231189144759125
CFAP57	0.0	0.00543183467668462	0.007233354343835595	0.0	0.0005964155204033806	0.003982594787502663	0.0	0.0	0.0010078958305603516	0.0	0.0	0.0	0.0
SLC6A9	0.0027196077413994607	0.0	0.0	0.0	0.0	0.0	0.0	0.0	0.0007048067577263016	0.0	0.03232743528573581	0.0	0.0
HPDL	0.0	0.0	0.0	0.0	0.005464307082859927	0.0	0.007170248926528477	0.0	0.0	0.0	0.0034986405181900867	0.0	0.0
NASP	0.005682694885804207	0.0	0.0	0.0034527105532353147	0.0	0.0	0.0	0.0	0.0	0.012086225512852487	0.0	0.00022950906638206467	0.0
DMRTA2	0.0	0.0	0.0024149562904754607	0.0	0.0	0.005421341172163298	0.0	0.0	0.0	0.0028008792696812236	0.0016633581178941586	0.005426093306435821	0.0016135563762750239
TTC39A	0.002748427408428348	0.0	0.0	0.01136606533682457	0.0	0.0	0.001958255978442211	0.0019298651317794834	0.0031206735276371935	0.0	0.0	0.0	0.0
SSBP3	0.0	0.0	0.0	0.0	0.015032938622270878	0.00030247429293597436	0.0	0.0	0.0	0.0	0.003089815233025879	0.0	0.0
DHCR24	0.0	0.004560393148774422	0.0	0.0	0.0024418442499874416	0.006315146370496854	0.0023210988752584965	0.0	0.0	0.0	0.0	0.0026570257075868953	0.0
TMEM61	0.0	0.006158137102240557	0.00019138957850136973	0.0	0.012419898345338326	0.002074439802203403	0.0	0.0	0.0	0.0	0.0	0.0	0.0
PCSK9	0.0036682371656693905	0.0	0.0	0.00616906528283716	0.0	0.0	0.00036182537722925464	0.0	0.0011836925835168502	0.0029714348994597344	0.0	0.0027730437963588658	0.0009342758588519061
DAB1	0.008123450107627364	0.0	0.0	0.0018251155663784437	0.0	0.0	0.0	0.0	0.003898668576234725	0.0	0.0	0.0	0.007366190650988067
PTGER3	0.005015955097137858	0.0	0.0	0.0007442032497735357	0.0022890297007301633	0.0	0.0	0.0029267760486872373	0.0	0.003962443320788904	0.0	0.0	0.004166694573589258
NEGR1	0.0028709258765473524	0.0	0.0	0.004112929258257257	0.0	0.0	0.0017300669699200511	0.00794622356492009	0.0032592970991860283	0.0	0.0	0.0036600360297567554	0.00031766741744561355
LRRC53	0.004052294002631477	0.0	0.0	0.014111595449411155	0.0	0.0	0.0	0.0010473183706777955	0.0	0.0	0.0	0.0	0.0
SYDE2	0.0015952108385167494	0.0	0.0010040576139413772	0.002134923004197209	0.0	0.0	0.004579964438573959	0.01179512826407765	0.0064942753456544025	0.0	0.0	0.0	0.0
C1orf52	0.0013202585705478897	0.0	0.0	0.008476697849802983	0.0	0.0	0.0	0.0	0.0005116776445781588	0.001698459666709442	0.0	0.004535546714605656	0.002821898249601548
DIPK1A	0.0	0.0	0.0	0.0011209178748202689	0.003511744189775201	0.0	0.0	0.0057960277220697135	0.006530842631544489	0.007744794503765157	0.0	0.0	0.011297206192862537
FNBP1L	0.0034173654116692147	0.0	0.0	0.012834251275131478	0.0	0.0	0.0	0.0047629142871939995	0.0	0.0037297850680518656	0.0	0.0	0.0022606098534557533
SLC25A24	0.0018976642608779719	0.0	0.0	0.003075703689318319	0.0	0.0	0.0011036670752559577	0.0032331949699115517	8.844624940725845e-05	0.0	0.0	0.0004947944146019509	0.0
STRIP1	0.0	0.0015881146142010967	0.004889144726002163	0.0	0.010744622280631019	0.0006739434442554762	0.0	0.0	0.0026343567920906067	0.0	0.006669288391810545	0.0	0.005075917770912871
CAPZA1	0.0	0.0	0.00020290613072164112	0.0	0.0	0.0	0.0	0.0	0.0033854633449141003	0.0	0.0394543732980371	0.0	0.007775977056258527
LRIG2	0.0	0.0	0.0	0.004858285630432978	0.0	0.0	0.0010707679667857572	0.0	0.005634723902602142	0.0	0.0	0.0	0.0
OLFML3	0.00517645011973147	0.0	0.0	0.0	0.0006947210401998125	0.0	0.0	0.003274865605349634	0.0	0.0036098169498183443	0.0	0.0	0.004135705058952329
TRIM33	0.0	0.004702961157742463	0.001877682139390212	0.0	0.0	0.00039021830824975993	0.002884036955250476	0.001070411369927529	0.0	0.009463105809397467	0.0	0.015794151367071456	0.0006647640873799279
RNF115	0.0	0.0007189220517530966	0.005060837752598347	0.0	0.0	0.010115087310161565	0.011736583631230134	0.0	0.0	0.0	0.0	0.0035432987575191015	0.0
CHD1L	0.0	0.0	0.001739546944346055	0.0	0.0	0.0	0.005729883958931677	0.0	0.0	0.0	0.0	0.008427796583939514	0.0013720236698074437
CIART	0.0	0.0	0.0023123952885620263	0.0	0.0	0.006060035211417754	0.0	0.0	0.0	0.0016275024375249697	0.025203770830395652	0.0	0.0
GOLPH3L	0.009011528765939414	0.0	0.0	0.002882879887687281	0.0	0.0	0.0	0.010457305855775966	0.0010205799359372697	0.0	0.0	0.001217004282615246	0.003004822318763547
RFX5	0.0	0.0	0.0	0.012089203980536851	0.0	0.0	0.0035589797492732345	0.0007139613269349794	0.0	0.008053391181438609	0.0	0.006559084610952803	0.007709018311470912
OAZ3	0.007160476900788637	0.0	0.0	0.009562910749301162	0.0	0.0	0.0	0.0	0.002023461968326405	0.0	0.0	0.0	0.0
LMNA	0.003135245974766864	0.0	0.0	0.007045527297827889	0.0	0.0	0.0045286948897862314	0.00817422718061706	0.001131436301124821	0.002047408388747967	0.0	0.00435538680740265	0.0
NES	0.0	0.0	0.0	0.005152373014220222	0.0	0.0	0.0	0.0	0.0	0.0	0.00821996697264248	0.0	0.0
TMCO1	0.0	0.005499686655234027	0.0030553170184592264	0.0	0.0011836807919026792	0.006073595723978741	0.0	0.0	0.002903820652652297	0.0	0.0	0.0	0.00821326796053999
RCSD1	0.0	0.0005027283398898038	0.008709126476813754	0.0	0.0	0.004705764666295363	0.008722283202825662	0.0	0.00012842349525172457	0.0	0.0	0.002779811811195598	0.0
SCYL3	0.00393644286433453	0.0	0.0	0.00815135935239084	0.0	0.0	0.0	0.0024749638112204686	0.0	0.00455386030863486	0.0	0.0	0.002445394621244276
ANGPTL1	0.0025142155354765214	0.0	0.0	0.0	0.002660841140824855	0.0	0.0	0.001772534684046521	0.0009459241685068043	0.004139486825280745	0.0	0.0	0.00013057616726130854
PTGS2	0.0	0.0	0.005315341866602676	0.0	0.0	0.007778154245762922	0.00822692733049822	0.0	0.0	0.0	0.0	0.00017403645138357066	0.0
KDM5B	0.00910814842768463	0.0	0.0	0.004902758863842036	0.0	0.0	0.0	0.0	0.0008562515964647996	0.0	0.0	0.0	0.0
MRPL55	0.0	0.002611512270791744	0.0	0.0	0.0010769009378995124	0.0038136818538580565	0.0	0.0	0.001516921640823335	0.0	0.0	0.015616459174012156	0.0063213599851394305
KCNK1	0.010958004499838034	0.0	0.0	0.0	0.0	0.0	0.0	0.0	0.0012395356437477942	0.009051185004439188	0.0	0.0	0.006622914145439186
WDR64	0.008747452358643229	0.0	0.0	0.009705180218726227	0.0	0.0	0.0	0.0	0.0018159667438507707	0.0	0.0	0.00040557238299506306	0.0
SNTG2	0.0014028765708466186	0.0	0.0030244818310951665	0.0	0.005217618440025142	0.0	0.0	0.0	0.006526233636250814	0.0	0.0	0.0	0.0
KLF11	0.005284383386200265	0.0	0.0	0.004502476202639438	0.0	0.0	0.0	0.0	0.0	0.003995437342860536	0.0	0.0005108909677496052	0.0027428468705986715
GREB1	0.0	0.008296269046379902	0.0	0.0	0.004272752026408199	0.0	0.0	0.0	0.0	0.0	0.002977350092612919	0.0	0.001328461654762526
NTSR2	0.0	0.0006082620358203211	0.003004302350473125	0.0	0.0053652435855774195	0.0	0.0	0.0	0.000830685660309933	0.0	0.0	0.0	0.014388940205746117
CENPO	0.0	0.0	0.0	0.004938147471275331	0.0	0.0	0.0	0.009590703136406762	0.0014841431778284998	0.0	0.006282286282790232	0.0	0.005440875475623528
ADGRF3	0.0018707727938032993	0.0	0.0	0.005188087536575318	0.0	0.0	0.0	0.0	0.0	0.0018317044153517434	0.0	0.0	0.0076984386276554625
FAM166C	0.0	0.0042819988826352275	0.0	0.0	0.0	0.0	0.0	0.00895337841193148	0.0	0.0	0.021783043209180362	0.0	0.0
KRTCAP3	0.004381210555951083	0.0	0.0	0.012029467014122492	0.0	0.0	0.0	0.0	0.0024707947067403604	0.0	0.0	0.0	0.0
TOGARAM2	0.0	0.007594042942175741	0.0	0.0	0.0008451721742216492	0.0014765184446270143	0.0035964688679586757	0.0	0.0	0.0	0.0	0.0	0.0
PKDCC	0.0	0.0	0.0	0.001409264903943876	0.0	0.0	0.0	0.010726455263555512	0.0008165965933326964	0.0021469497035327416	0.0038968305632966684	0.0	0.0
HAAO	0.0029873830481764803	0.0	0.0	0.000504528762329473	0.0	0.0	0.0	0.013423233087142964	0.0038111599258999727	0.0	0.0	0.0	0.00142040989909628
DYNC2LI1	0.011090230750596035	0.0	0.0	0.0	0.0	0.0	0.0	0.0	0.003102830227016411	0.0	0.0	0.0	0.0038891545131358334
ABCG5	0.0	0.0	0.006279641675910371	0.0	0.0	0.0035893512212963156	0.001005150433107368	0.0	0.0	0.0	0.0024417692361806157	0.0	2.6687685065024233e-05
CFAP36	0.0	0.003948556680613073	0.0	0.001283505213483341	0.0	0.011551590662052037	0.00492123732574239	0.0	0.0	0.0	0.0	0.005569386137586469	0.0
NFU1	0.0011723320099610332	0.0	0.0	0.0	0.0	0.0	0.0	0.005575530894955817	0.0	0.014124145023223674	0.0	0.0010352027781717133	0.0023987411809682857
TLX2	0.0	0.009165337269805299	0.004750510789555327	0.0	0.0043692346135081285	0.0001232183446160667	0.0	0.0	0.0019157491115216897	0.0	0.0	0.0	0.0
AUP1	0.0	0.0	0.0	0.00026950360032661604	0.001444038756064245	0.0	0.0	0.005843433610840286	0.0	0.01336495227043006	0.0	0.0023755144279632274	0.0
TACR1	0.0	0.0	0.004056952810303498	0.0	0.0	0.012411450182238368	0.001425163310862361	0.0	0.0	0.0	0.0	0.002189571860354496	0.0
RNF181	0.00519582024553766	0.0	0.0	0.0	0.0	0.0	0.0	0.0007326676061488025	0.006723665064724721	0.0	0.01907711302791053	0.0	0.0
PTCD3	0.0	0.005679110139806602	0.007476411259471285	0.0	0.0	0.003006315301723269	0.0	0.0	0.0	0.0	0.005563370271179219	0.0	0.0
INPP4A	0.00016449053325379742	0.0	0.0	0.0029558010280729048	0.0	0.0	0.0006652109269018206	0.006067222788799273	0.011789317377094695	0.0	0.0	0.0	0.0
IL1R2	0.013348549609962023	0.0	0.0	0.0	0.0	0.0	0.0	0.00043319520670756035	0.00408225262119565	0.0	0.0	0.0	0.0
NPHP1	0.0063709836015455	0.0	0.0	0.005121298689073585	0.0	0.0	0.0	0.0	0.003469138789479842	0.0	0.0	0.0	0.0
IL1A	0.0	0.0007711543584065819	0.001670034602856423	0.0005106933268533061	0.0	0.0	0.0	0.007920325447247788	0.005895973101062949	0.0012025080443177967	0.0	0.0	0.0014683348372347223
TMEM185B	0.0	0.006142473783948941	0.0	0.0	0.0016610293694308614	0.008993037482048615	0.004467083015722254	0.002099014893134875	0.0	0.0	0.0	0.006620022160144504	0.0
CYTIP	0.0	0.0	0.0	0.0	0.009325938198249964	0.0	0.0	0.0	0.0	0.0	0.0	0.0038203267507255947	0.0004822267738009889
SLC4A10	0.0	0.0	0.008856101965340826	0.0	0.0	0.004171900458273989	0.00485349975392294	0.0	0.001427526173505764	0.007546534807677984	0.0	0.0	0.0
DLX1	0.009032330286788738	0.0	0.0	0.0008050117571964421	0.0	0.0	0.0	0.0	0.0017966452799388715	0.009534547157290902	0.0	0.004860016283332031	0.0
FKBP7	0.0007887070491831436	0.0	0.0	0.0023403868777422117	0.0	0.0	0.0	0.005133534569924657	0.009165834836114658	0.002411696110370862	0.0	0.0	0.007676204212523725
SF3B1	0.0	0.004625476510542601	0.0055398475329825544	0.0	0.0	0.0007967249752669919	0.0	0.0	0.0002894482123322199	0.0	0.004661344487402139	0.0	0.0
PLCL1	0.0	0.00029680283478565703	0.0	0.0	0.010157116940362629	0.0	0.0	0.0	0.0	0.0	0.0	0.0	0.006510409471129928
CASP10	0.0	0.0068255688757487875	0.0022903001054987875	0.0	0.008627453149402413	0.0018236334675924121	0.0009190301191387407	0.0	0.0	0.0	0.0	0.0	0.0014699490301375232
ABI2	0.0	0.001732718720527093	0.0	0.0	0.008819141459724966	0.0037764655148553395	0.0	0.0	0.0	3.567068212945758e-05	0.0	0.0	0.0
PECR	0.006237106389156512	0.0	0.0	0.0026195226044382707	0.0	0.0	0.0	0.0	0.0	0.0	0.0	0.0	0.007112724333710131
FARSB	0.0	0.0	0.0	0.0	0.013014365778194899	0.0008533972847023224	0.0	0.0	0.0	0.0	0.0	0.0019239543384068944	0.0
FBXO36	0.005041584861673099	0.0	0.0	0.0097570598897591	0.0	0.0	0.0	0.0054503569808951454	0.0058097433788162605	0.0	0.0	0.0	0.0
CAB39	0.004355487210531794	0.0	0.0	0.00822367934552961	0.0	0.0	0.0	0.004739199930162374	0.0013530278930854757	0.0	0.0	0.0	0.0
ARL4C	0.0	0.0	0.0	0.0021621244584513486	0.0	0.0	0.0024504218807027294	0.0009520338179295654	0.002480104551960883	0.0	0.021386658803739293	0.0	0.005794496910617868
ASB18	0.0	0.0	0.0026567975511619835	0.0	0.0	0.006245943983307654	0.0061215634429769876	0.0	0.005479751375336926	0.0	0.0	0.0	0.006853829614907651
HES6	0.0	0.0	0.0	0.0	0.0	0.0006751802692737819	0.008764443140587087	0.008861882622285367	0.0026014368136115006	0.0	0.0	0.0	0.0
DUSP28	0.0	0.007015996610294332	0.003216955218388442	0.0	0.002741125358391196	0.008876100262472778	0.0	0.0	0.0	0.0	0.0	0.0	0.0
IL5RA	0.0031010510381884577	0.0	0.0	0.007195497359353159	0.0	0.0	2.0444551786878717e-05	0.00024775901841269586	0.005228293836306463	0.0	0.0	2.9908017362006366e-05	0.0053017158574812
KAT2B	0.0	0.009585354610233122	0.0	0.0	0.003260599618835653	0.0	0.0	0.0	0.0	0.0014028029562764114	0.0	0.0021801266994838898	0.0
SLC6A20	0.0	0.0028807830555044613	0.0	0.0022653229190386396	0.0	0.0025149550169620304	0.0034431316704767825	0.002393553520969025	0.001456330119324672	0.0	0.0	0.0	0.001533185922674255
LRRC2	0.003485197360837157	0.0	0.0	0.005862274581530603	0.0	0.0	0.0	0.004527408210141487	0.0	0.0	0.0	0.006447872479116231	0.0002314617987925237
APEH	0.0018189809443611502	0.0	0.0022946074853483008	0.0	0.0	0.0	0.0	0.0	0.00036390614727174297	0.0035034358666970315	0.004148758868748691	0.00949861335950863	0.0019289973006568057
SLC38A3	0.0	0.005237948996944518	0.004866026857259681	0.0	0.0	0.004062689032452123	0.0011728597694838953	0.0	0.0	0.0	0.00379294520903258	0.0	0.0028492899989017834
RBM15B	0.001119431938034157	0.0	0.0	0.0	0.0	0.007516877052852518	0.0	0.000480009900706477	0.0050840832141573295	0.0	0.009409757204076882	0.0	8.04436073920655e-05
ABHD14B	0.009262024156552758	0.0	0.0	0.0	0.0	0.0	0.0	0.006862674904998859	0.002081502882260532	0.0	0.0	0.0	0.0014398594971664917
HESX1	0.001556804203448633	0.0	0.0	0.009332394349091925	0.0	0.0008986381172459562	0.003730086493545328	0.0021611249642206763	9.587675409999512e-05	0.0	0.0	0.0	0.0
C3orf49	0.0	0.0	0.002565905619639459	0.0	0.00667166926728997	0.007812385904926259	0.004888520494353319	0.0	0.0	0.0	0.0	0.0	0.005849997200861517
PROS1	0.0021505627091293507	0.0	0.0	0.0	0.004130415881654517	0.0	0.0	0.0	0.006617685791963177	0.001201826823232213	0.0013763162187703489	0.0037129504562838497	0.0039152774296071086
DCBLD2	0.0	0.007003482240667107	0.0033796260045262623	0.0	0.0	0.0028058863529354223	0.001518139306560271	0.0	0.0	0.0	0.0	0.0	0.011935866769139486
FILIP1L	0.0	0.0016104884913175938	0.00037582939187311165	0.0	0.0	0.008879988830259816	0.008531456269537555	0.0	0.0010020966099112214	0.0	0.0	0.00852344585585386	0.0
ABI3BP	0.0	0.0	0.0	0.0	0.004701341639392907	0.0	0.0	0.0	0.0	0.003889513412431452	0.0018100389016251163	0.003197013883271251	0.0
C3orf52	0.0080179565653193	0.0	0.0	0.0	0.0	0.0	0.0	0.0	0.002615262102573566	0.007795331493433784	0.0	0.00485287101120653	0.01213131651011422
FSTL1	0.0	0.004223935581507006	0.0021396559067191324	0.0	0.009844825303312559	0.008574281262029857	0.0	0.0	0.0	0.0	0.0	0.0	0.0
PARP9	0.0	0.004593925811740556	0.0034924492560995126	0.0	0.0	0.00785009113044099	0.0	0.0	0.0015166090233510118	0.0	0.0015245025169128845	0.0	0.0
PCCB	0.0	0.0	0.0022058143738780535	0.0	0.007911219889512362	0.005134212028703569	0.0016210647318459174	0.0	0.0	0.0	0.001737453117009614	0.0	0.0
STAG1	0.0062260963875957614	0.0	0.0032529108043092285	0.0	0.0016397501249656562	0.0	0.0	0.0	0.0	0.0	0.006142753234361624	0.0	0.0
GK5	0.0	0.0	0.0	0.006983727753124143	0.0	0.0	0.006075423119336368	0.003506072641755482	0.0041785767749339744	0.0	0.0	0.0	0.0
IQCJ-SCHIP1	0.0034175561736978334	0.0	0.0	0.0036940421115136605	0.0	0.0	0.0	0.0	0.0	0.003543368083099953	0.0	0.0022098608099038073	0.0
PLD1	0.0	0.0	0.0013326960061888565	0.0007123923754316944	0.0	0.008685482974030758	0.01311237778306505	0.0	0.0	0.0	0.0	0.012373422395848597	0.0
EHHADH	0.0	0.002077210490506803	0.0	0.0	0.0015375172059227474	0.011247428010146063	0.005570773856954808	0.0	0.0037344274820278202	0.0	0.0	0.004035395674304797	0.0
DNAJB11	0.0013063281275655049	0.0	0.0	0.0024302981346825984	0.0	0.0	0.001045485459060104	0.0012288902612833845	0.006647709342940257	0.005867176068793682	0.0	0.0019682266224720557	0.0
CLDN16	0.005662871133011099	0.0	0.0	0.00532754808473214	0.0	0.0	0.0	0.001911730249076997	0.0	0.0	0.0	0.001898209590549635	0.0
UTS2B	0.0	0.006492222666029254	0.0	0.0	0.0	0.0	0.0	0.007018199577523505	0.0	0.005311561956312555	0.0	0.012861554812316767	0.0
ATP13A3	0.008220361152533608	0.0	0.0	0.0	0.0019245690170608776	0.0	0.0	0.0	0.0	0.0	0.0	0.0	0.0
LYAR	0.0	0.007251997887603459	0.0006035085528144918	0.0	0.0	0.0	0.0	0.0	0.0007780250092730567	0.00507271834930123	0.004201206511398848	0.004061562524086387	0.00035524248878233077
ZNF518B	0.0	0.003724726495234606	0.0	0.0	0.0085333540205286	0.004604602105592764	0.0	0.0	0.0	0.00507820105270244	0.0	0.0	0.0
RAB28	0.0	0.0	0.0	0.0	0.0	0.0	0.0	0.0	0.0029889517700933464	0.0	0.04440493072403462	0.0	0.00435083948470899
QDPR	0.0	0.005612386693144767	0.0024994333152397754	0.0	0.0003441843199061913	0.007789407048266696	0.0064201252508307395	0.0	0.0	0.0	0.0	0.0	0.0
SMIM14	0.005647317147326822	0.0	0.0	0.0039920406214879476	0.0	0.0	0.0	0.005086255362039298	0.0	0.00259542526000399	0.0	0.0	0.004099313475781578
RHOH	0.004393096766409339	0.0	0.0	0.004132642221356571	0.0	0.0	0.003903324751359092	0.0020201229338832134	0.0	0.0	0.0	0.0	0.0
RASL11B	0.009465321877013029	0.0	0.0	0.007091259632338134	0.0	0.0	0.0	0.0020975726073045402	0.0018031246284145078	0.0	0.0	0.0	0.0
SRD5A3	0.0008010461619545286	0.0	0.0	0.0	0.0	0.0	0.0004570173710413311	0.004439806068018207	0.00555520939585079	0.008958878426818527	0.0	0.003255065729877087	0.009428540328654875
UBA6	0.0	0.004618624246614188	0.0	0.0	0.0017736803302408235	0.0	0.0	0.0030312179151858153	0.00403790583975131	0.003949091620699638	0.0	0.0	0.0051700162489595166
NPFFR2	0.0	0.005653046032525901	0.005151702562327094	0.0	0.0	0.0013737251158637326	0.01011992558411992	0.0	0.0	0.0029459358264404727	0.0	0.006096057248166537	0.0
COQ2	0.009467187274184321	0.0	0.0	0.0	0.0	0.0	0.0009313716118013867	0.003783347903690009	0.00010306897121452864	0.0	0.0	0.0	0.0011060936864208813
ABCG2	0.005862129417266446	0.0	0.0	0.0034806518056507314	0.0	0.0	0.0	0.003930113624139677	0.0008362089504528789	0.0	0.0	0.0	0.0
DAPP1	0.0	0.007907772922714017	0.0	0.0	0.005613547947012252	0.0	0.0	0.0	0.003403135786570037	0.0	0.0	0.0	0.0065168435373134815
EMCN	0.0010210295627448328	0.0	0.0	0.005308897897864296	0.005792762752689688	0.0	0.0	0.0006226840038722804	0.0030190016671395787	0.0	0.0	0.0	0.0008325005603918369
PPP3CA	0.0	0.0	0.0024971826321295676	0.0	0.0	0.005864119126923611	0.007574802236787371	0.0	0.0	0.0	0.013199914211004094	0.0020351812779384405	0.008629923281718521
TMEM184C	0.0	0.0003091099287924494	0.005848671332709241	0.0	0.0005061661407715147	0.008336661453877557	0.0	0.0	0.004242153214055826	0.0	0.0051111808616139745	0.0	0.0
PRMT9	0.0	0.0	0.0024707714624750943	0.0	0.0	0.008268024701147469	0.0070016305960316026	0.0	0.0	0.0	0.001325860945557341	0.0064529579365092595	0.0
KLHL2	0.0	0.0	0.0020286559794729726	0.005325239744453765	0.0	0.0	0.0	0.0	0.0	0.011170450711300567	0.0	0.0015207515321724859	0.0
CPE	0.0	0.0	0.0	0.0	0.0	0.0	0.0	0.01090830738882025	0.011930730044840533	0.0028120341424289087	0.0	0.0	0.004574552493853148
GALNT7	0.007637078211115273	0.0	0.0	0.0013841654585827472	0.0	0.0	0.006398721702699336	0.0	6.359743518949816e-05	5.629595492500378e-05	0.0	0.0	0.0
GLRA3	0.0	0.0	0.0	0.0	0.0	0.0004627042223243131	0.0	0.0038738410627803524	0.006128190522122466	0.004199496345787238	0.0	0.0	0.0
ADAM29	0.0	0.0	0.0	0.0034419560003984776	0.0	0.0	0.002915844689800074	0.0	0.010801303016054498	0.005566596164883108	0.0	0.0	0.0014191184914560133
TERT	0.004921926117800803	0.0	0.003196139020540723	0.0	0.0	0.0	0.008450373829904876	0.0	0.0052488471924985155	0.0001922929166659339	0.0	0.0	0.0
OTULINL	0.0	0.0	0.0	0.0	0.0067477414241834295	0.0	0.0	0.00021028758887145477	0.0011212768043285795	0.011059132242970966	0.0	0.002618574669969175	4.616080246759463e-06
AMACR	0.005740673128154356	0.0	0.0004864134779133367	0.0	0.0	0.0	0.0	0.0	0.0	0.01033137033670498	0.0	0.0	0.0008871808659802342
DNAJC21	0.0	6.180619663520912e-05	0.009757089259778001	0.0	0.0065029152543350085	0.0031495497388990654	0.0	0.0	0.0	0.0	0.0	0.0	0.00015150652910901345
CARD6	0.0	0.0	0.009079467200658253	0.0	0.0	0.0039024280454992887	0.006935546203859816	0.0	0.003971858494453763	0.0	0.0	0.0	0.0
MTREX	0.0034552756192791283	0.0	0.0	0.0048328969726662814	0.0	0.0	0.0	0.0	0.002844560870270865	0.0	0.0	0.004774606250844424	0.0
HMGCR	0.0	0.00186254836693826	0.0007690647073087361	0.004216863533223854	0.0	0.009139283820133704	0.0010357345480810248	0.0030258580878566354	0.0	0.0	0.0	0.0	0.0
CETN3	0.0	0.0	0.0	0.0	0.0	0.0	4.84396618381384e-05	0.012529979007023908	0.003144885405466155	0.012933648732888017	0.0	0.010324757023228921	0.00648579540206934
POLR3G	0.0	0.0	0.0	0.001991663086576088	0.0	0.0	0.0	0.0	0.005635404494898521	0.00035669656758245195	0.0	0.007377330937700777	0.0
IL5	0.0	0.0068601047077918986	0.0076253774822240645	0.0	0.0	0.0017352051635714592	0.0037724547795368545	0.0	0.0	0.0	0.0	0.004021821233270579	0.0
MYOT	0.0035363270288635874	0.0	0.0	0.0	0.0036454666536731295	0.0	0.0	0.0050341546106146716	0.0023211888706675017	0.002439715617423889	0.0	0.0	0.006403973956159007
APBB3	0.0	0.004035322368124624	0.0	0.0004698413640683852	0.0	0.0	0.0	0.009181412132672052	0.0	0.0	0.015947580242199607	0.003664862652891019	0.0024040655700466535
PCDHB6	0.0	0.01031210647663511	0.002891838795946284	0.0	0.00020613705699025814	0.001707859331268204	0.0	0.0	0.0	0.0	0.0	0.0	0.0
PCDHGC3	0.0	0.010348897534036103	0.002252539752878527	0.0	0.0	0.004577710102612902	0.0	0.0004900648101665813	0.0	0.0	0.0	0.003996100068120092	0.0
PDE6A	0.0	7.845363476278114e-05	0.01390342356396697	0.0	0.0	0.004226450952146787	0.0	0.0	0.0	0.0	0.0021118801970117233	0.0	0.0
DCTN4	0.0	0.01014996988206944	0.0	0.0	0.005713048179342657	0.004947563151455395	0.0	0.0	0.0	0.0	0.0	0.0	0.0
FAT2	0.0	0.00854565570531689	0.0	0.0	0.0008797919901559956	0.005845647020748758	0.0029200792507799757	0.0	0.0	0.0	0.0	0.0032465964535076984	0.003685033949820007
ADAM19	0.0	0.0027835468465230175	0.005466378418231967	0.0	0.0	0.0	0.006831190003486853	0.0	0.0	0.007880816848084041	0.0021675052939824657	0.0022838714702954027	0.0
INSYN2B	0.0	0.0	0.0029486955412329568	0.0	0.00786470386722328	0.00034615493796736127	0.0020165303155411053	0.0	0.0	0.005038067203221717	0.0	0.0028275632046112728	0.0
KCNMB1	0.0	0.0010919657044175003	0.006917709834673068	0.0	0.0	0.00824764970493146	0.012137064600829216	0.0	0.0	0.0	0.0	0.0012375578791838837	0.0
STK10	0.0	0.0	0.0	0.008244850732624523	0.0	0.0	0.00417830182200628	0.0	0.002430223440471249	0.01387972281068205	0.0	0.004740550700519868	0.004718373274862839
NSG2	0.0	0.0	0.0	0.0	0.012669359628442694	0.00022101856630348917	0.0	0.0	0.0	0.0	0.005967152313177537	0.0	0.0
RAB24	0.007910125873849465	0.0	0.0	0.009264316049682591	0.0	0.0	0.0	0.0025577633717040866	0.006128718960678649	0.0	0.0	0.0	0.0
TMED9	0.0	0.0	0.0	0.0	0.004232128437848217	0.0014250938131574495	0.0017713108996915462	0.0	0.0	0.0	0.0	0.0	0.0
SERPINB6	0.0	0.0	0.0	0.0	0.0006014906733459907	0.0	0.00023523024667150032	0.0	0.0	0.0	0.020400199073931653	0.0	0.0
FAM50B	0.0029967787253779425	0.0	0.0	0.0	0.002556996173606825	0.0	0.0	0.0	0.004338944052718471	0.0	0.0	0.003761381578351651	0.003698401959172041
NEDD9	0.0	0.0	0.0	0.0	0.0	0.0	0.002070359241043304	0.010274771816632283	0.0	0.00199686581723206	0.0	0.0057330001785346986	0.001442232782036464
PRRC2A	0.0	0.005419906066097627	0.005881390650198096	0.0	0.004329397760863561	0.00563286574787345	0.0012128088625710848	0.0	0.0012888292649007994	0.0	0.0	0.0	0.0
LY6G5B	0.0	0.006686264186796012	0.005260161026836354	0.0	0.007499291527585404	0.002974885620561179	0.0	0.0	0.0	0.0	0.0	0.0	0.0
SYNGAP1	0.0	0.005908382946200315	0.0	0.0	0.005947039652042313	0.006779866651154688	0.0029294250463648844	0.0	0.0	0.0	0.0	0.006056973603997983	0.0
TAF11	0.0	0.0007021296519107306	0.007702272580295734	0.0	0.013156167462281869	0.0	0.0	0.0	0.0030882457575976095	0.0	0.0	0.0	0.0
RPL10A	0.0	0.0019180454992588484	0.00010566808750031973	0.0	0.015753340089666973	0.0	0.0	0.0	0.0008111350336990071	0.0	0.0	0.0	0.0
OARD1	0.0	0.009253874441498632	0.0	0.0	0.0023720850099316253	0.0	0.0	0.0	0.0	0.0	0.005455259539267839	0.0	0.0
UBR2	0.0	0.0	0.0	0.009500138124074402	0.0	0.0	0.0012545704020178786	0.0	0.0015110592629431526	0.001415320333733731	0.0	0.0	0.0013835936555454493
LRRC73	0.0	0.0	0.0	0.0	0.012208868586561023	0.0	0.0	0.0	0.0	0.0	0.004746391353239141	0.0	0.0
MRPL14	0.002284879152487608	0.0	0.0	0.0	0.0	0.0	0.0030199587267082844	0.0	1.9192892612895485e-05	0.009800236029489078	0.0	0.009645836249200576	0.0
C6orf141	0.0006651110760902999	0.0	0.0	0.005575893003032383	0.0	0.0	0.00014686272704259756	0.0	0.0011471699724423775	0.0	0.0	0.0	0.0
COL9A1	0.006048107036881884	0.0	0.0002228985922796779	0.0028251102376369137	0.0	0.000552859181614027	0.0029156937460625442	0.0	0.0037056658953101233	0.0	0.0	0.0	0.0
B3GAT2	0.0	0.0015391397103184828	0.0031306149961221144	0.0	0.004463179396744464	0.00892009481066637	0.0	0.0	0.00624827162290599	0.0	0.0050522363085548005	0.0	0.0
KHDC1L	0.002377005313338935	0.0	0.0	0.00396002923385121	0.0	0.0	0.00047899917816395497	0.0	0.0	0.003756713472592139	0.0	0.0	0.0
OOEP	0.0	0.0038621472883353485	0.0	0.0	0.0038606631610085284	0.0	0.0	0.0	0.0	0.010624967571927012	0.0	0.0032395219839408637	0.0016919998560898917
TUBE1	0.0	0.0	0.0	0.0	0.0	0.0007603572908420384	0.0	0.0032899989398968007	0.00539583365241038	0.0	0.0208090598235702	0.0	0.003304728715572035
KPNA5	0.0011069294130667756	0.0	0.0	0.011007385769737836	0.0	0.0	0.002272920809195397	0.0003828031607054316	0.0009440481747944602	0.011438815836770684	0.0	0.005970834716712693	0.007441944328501585
DCBLD1	0.0	0.007352649657476261	0.001484045663992977	0.0	0.0016123822552791555	0.004023686479540891	0.0	0.0	0.0	0.0	0.011148985098276398	0.0	0.0
LAMA2	0.0	0.00045007048689613176	0.0	0.0	0.0	0.0038796518155691717	0.010713712226691253	0.0041597202694951	0.001237846356072886	0.0	0.0	0.0005052471318063163	0.0
MOXD1	0.0024537657615948177	0.0	0.0	0.006646331187778773	0.0	0.0	0.0	0.0	8.339508277671349e-05	0.0056079671351419134	0.0	0.0	0.0072513040929825575
STX7	0.0	0.0004832481599088821	0.0	0.0	0.0036559640928050248	0.004131574128880764	0.0002538769698936125	0.0	0.0	0.0060395515801243424	0.0	0.011787817078150667	0.0
HECA	0.0001251818222102656	0.0	0.0005127169259990754	0.00044854656072089183	0.0	0.0	0.0	0.0	0.0	0.0	0.024499399312039555	0.007237794568472915	0.0
KATNA1	0.0	0.002085784920525994	0.005172637217815378	0.0	0.0048890047239362145	0.004213463553832672	0.0	0.0	0.0052310465189944425	0.0	0.0	0.0	0.0
SLC22A2	0.0	0.0	0.002505484651827834	0.003347916694475642	0.0	0.0	0.0	0.0	0.0	0.0	0.022359035840219955	0.0	0.0018039730875559392
PLG	0.002857890905361842	0.0	0.0	0.0	0.0	0.0	0.004136332039137512	0.0	0.008033224145482045	0.009124093902928865	0.0	0.0	0.002273811479975494
PRR18	0.004454849050108505	0.0	0.0	0.011370037695503264	0.0	0.0	0.0	0.0005331549370301628	0.0010693455882891227	0.0	0.0	0.0019906032325894244	0.0
PHF10	0.0	0.0034422945941440376	0.0014334794789851216	0.0	0.004352452759245591	0.0	0.0	0.0	0.0009215723823756671	0.0005230611339793157	0.0	0.0	0.004773535817152462
GPER1	0.0048860191784638	5.555317102037049e-05	0.0045572371070836375	0.0	0.0	0.0	0.0	0.004022696185700934	0.0009107094533352931	0.0015540358103433894	0.0	0.0	0.0010356588575523686
ANKMY2	0.0	0.00688118406140592	0.0022980172948773784	0.0	0.0004525842436787398	0.0005581556967188318	0.0	0.0	0.0	0.0	0.0	0.0	0.0
GTF2IRD2	0.0	0.0	0.0	0.0	0.0	0.0	0.0	0.009522633005620874	0.005179766542771523	0.011902997344507098	0.0	0.009528581472865434	0.0030493543736138475
STYXL1	0.0	0.005327150942878592	0.0032811106747851855	0.0	0.0	0.0002393675547127445	0.0014143623845280155	0.0017051830300988473	0.0	0.011892791452110389	0.0	0.014443933399042099	0.0
FGL2	0.0	0.0	0.0	0.0119911755515415	0.0	0.0	0.0034284847786112812	0.0	0.0	0.0	0.0	0.0026975524942096894	0.0
PHTF2	0.008113651061428367	0.0	0.0	0.0046289674645425	0.0	0.0	0.0	0.005099017815148289	0.004151321747840336	0.003497847538889583	0.0	0.0	0.007071689693576976
MAGI2	0.003594954432326608	0.0	0.0	0.00817321762106887	0.0	0.0	0.0	0.0024416479402383246	0.005569815652725969	0.002772579725387819	0.0	0.0	0.0010725436201552213
CDK14	0.0	0.005911087066834137	0.003911515704388452	0.0	0.005328744830060195	0.0	0.004049603699498611	0.0	0.0	0.0	0.0	0.0	0.007053076567753577
PTCD1	0.0	0.0014630322517830872	0.0	0.0	0.0	0.006153144417200666	0.005332184364721137	0.0037567331749227455	0.0	0.005302893730797502	0.0	0.002150973255984715	0.004574446950072972
CYP3A5	0.002618442310748942	0.0	0.0	0.0020680266968441043	0.0	0.0	0.0	0.0	0.005259202604032682	0.00018458061236562338	0.0015360436700739975	0.0	0.012624571503443238
PPP1R35	0.0	0.0	0.0006521004984905499	0.0	0.011893901468046987	0.0	0.0	0.0	0.0	0.0	0.0	0.0	0.0021278904001729515
SLC12A9	0.0	0.005466283691244214	0.0024905864979270107	0.0	0.01020418555513677	0.003457783001548197	0.0	0.0	0.0	0.0	0.0	0.0	0.0
TRIM56	0.0	0.006670497171445332	0.0017835778102013283	0.0	0.007252987013801424	0.0011542942046385198	0.0	0.0	0.0	0.0	0.0	0.0	0.0
ZNF277	0.013114302737143957	0.0	0.0	0.0	0.0	0.0	0.0	0.0002744700846102478	0.004171648000112779	0.0	0.0	0.0	0.0036413661063485325
PPP1R3A	0.0	0.0	0.0	0.009617322850189323	0.0	0.0	0.003247528082655779	0.006393645996462055	0.00039395431906009894	0.0	0.0	0.007799696571363096	0.0
CADPS2	0.008685387221718768	0.0	0.0	0.0004320421555079462	0.0	0.0	0.0	0.0	0.005591662426133311	0.0	0.0	0.0	0.0
CHRM2	0.0	0.00794307124381166	0.0032160912214230356	0.0	0.0	0.0	0.0	0.0	0.0014313463662333592	0.0	0.014041415631795935	0.0	0.0
CUL1	0.005762497703625991	0.0	0.0	0.0	0.0	0.0	0.0	0.0013402108832343493	0.0049422103934295145	0.011102458530661373	0.0	0.010839688818769764	0.0
GALNT11	0.0	0.007531268016073615	0.0	0.0	0.0	0.0	0.0	0.0	0.0	4.178346613407865e-05	0.021137137543197106	0.0	0.008005928964229038
LMBR1	0.0	0.0017028536861748325	0.004174351140778788	0.0	0.0069035251240348455	0.0015757492998065392	0.0	0.0018108716302392225	0.0	0.0	0.0	0.0	0.0005920719025531545
UBE3C	0.0	0.0046416049904753065	0.0	0.0	0.008414707767565114	0.004466134896385944	0.0	0.0	0.0	0.0	0.0	0.0	0.0024154353385107906
LONRF1	0.0	0.008813896975709955	0.0014439809941107827	0.0	0.0	0.0	0.0	0.0038318387897480484	0.0	0.0045888492754216125	0.0	0.009118200612107167	0.0
MSR1	0.0	0.0	0.006792456696897161	0.0	0.0	0.006186329317631719	0.00019461423279613053	0.0	0.00434294991643495	0.0	0.007720927557229354	0.0	0.0
GFRA2	0.0	0.0037312728219223005	0.003488832474474585	0.0	0.005088104082739478	0.006608389023232325	0.008095401167217632	0.0	0.0	0.0	0.0	0.0	0.0
ENTPD4	0.004729653132020588	0.0	0.0	0.0	0.004972602443687358	0.0	0.0	0.0	0.005746227059314536	0.0	0.0	0.0	0.0043051993741777365
SCARA3	0.011810065661226374	0.0	0.0	0.0	0.0	0.0	0.0	0.0009871077852006164	0.0	0.0	0.0	0.0	0.005940607953846457
PPP2CB	0.005411262094795296	0.0	0.0	0.0	0.0	0.0	0.0	0.008788980098546534	0.0010506245047750297	0.0	0.0	0.0	0.003551914490406349
EIF4EBP1	0.0	0.006915136032292413	0.005085448442151696	0.0	0.004368159664670483	0.0032851309966165517	0.0023665512678826806	0.0	0.0	0.0	0.0	0.0	0.0
ASH2L	0.0	0.0	0.0	0.008106495482209113	0.0	0.0	0.004712082814854742	0.004779608760066515	0.0015614515551567384	0.0	0.0	3.745490982420106e-05	0.0
BAG4	0.0	0.0	0.004102346962084969	0.0	0.0	0.009165919220498066	0.008756759185912502	0.0029305656215111416	0.0	0.0	0.0	0.0050035320208525625	0.0
SLC20A2	0.0	0.0011047951730868292	0.0	0.0	0.010068894667354005	0.0	0.0	0.0	0.0	0.0	0.0005582705436616878	0.0029112708372157126	0.013371886772659344
XKR4	0.0	0.00429304707130257	0.0	0.0	0.0	0.00227446709464339	0.0	0.0	0.0	0.0012629941220588642	0.0	0.0031898991983747658	0.010766711667300262
CRH	0.0	0.0058251175437221865	0.0	0.0	0.004164708348742963	0.007599494183337214	0.004840505382754622	0.0	0.0	0.0	0.0	0.0	0.0
SLCO5A1	0.0	0.005412255568255098	0.005731884509687648	0.0	0.011146390205447007	0.0020077523737308373	0.0	0.0	0.0	0.0	0.0	0.0	0.0
XKR9	0.0	0.0	0.008415847099599682	0.0	0.003929869178182065	0.003689014756305695	0.0	0.0	0.000877943530678252	0.0	0.0	0.0	0.0
PKIA	0.0	0.0006236023531646215	0.0	0.0	0.0	0.01473548757122879	0.003519199615948405	0.0	0.001023695886225205	0.0	0.0	0.0	0.0
IL7	0.0	0.0	0.0	0.0	0.00941534804135328	0.0008936984033738403	0.0	0.0	0.0	0.0	0.0	0.0011032139570436494	0.0018063351892844948
SDC2	0.0	0.001668377091318403	0.003972905425968581	0.0	0.012905256502908231	3.8895073707711314e-05	0.0	0.0	0.0	0.0	0.0	0.0	0.0005717169290005232
EIF3E	0.0	0.0034648070898919943	0.011378589719655188	0.0	0.0013487202339909229	0.00316519009561978	0.0009242761358830745	0.0	0.0	0.0	0.0	0.0	0.0
ENY2	0.0	0.0	0.006754782601524038	0.0	0.0	0.003283651611431891	0.0038990894937873236	0.0	0.006352483347438516	0.0	0.0	0.006827808896969225	0.0
COL14A1	0.0	0.0	0.0	0.0028298598848096454	0.0	0.0055232525900996915	0.006619168551424512	0.0	0.0	0.0	0.005134634056775966	0.003209356455927709	0.0
CCN4	0.0	0.006193606791521549	0.004118878844028979	0.0	0.0	0.0	0.0036350851956969974	0.0	0.0	0.004774060765914149	0.0	0.006794155989930694	0.0
EXOSC4	0.0009753275000808598	0.0	0.0	0.004849475667172594	0.0	0.0	0.004178465642965826	0.005216710225400271	0.008675959849090614	0.0	0.0	0.0022258866045401925	0.0
FOXD4	0.00629357708088884	0.0	0.0	0.003044292367781729	0.0	0.0	0.0	0.0	0.0015728700595551573	0.0	0.0	0.0	0.0
TTC39B	0.0	0.0	0.0	0.0027817858715510255	0.0	0.0	0.0	0.007127234438909758	0.00952322815687526	0.009714907416374442	0.0	0.0	0.0010627931356856882
NDUFB6	0.0	0.008910563210046359	0.00715115032365925	0.0	0.0	0.0015690108464423496	0.006221333717962456	0.0	0.0	0.0	0.0	0.0	0.0
FBXO10	0.0	0.0	0.0	0.002002094294687448	0.0	0.0	0.007370218764987228	0.003872421325341758	0.00899999640640074	0.0	0.0	6.680525464268555e-05	0.0
TRMT10B	0.003696735176941825	0.0	0.0	0.0	0.0	0.0	0.0	0.006131830601605372	0.003555012476694681	0.0	0.0	0.0	0.0020517711406687024
MAMDC2	0.008148709119043826	0.0	0.0	0.0	0.0	0.0	0.0	0.006906226216929894	0.004404092634648973	0.0	0.0	0.0	0.0006173243847147665
OSTF1	0.0	0.0	0.0	0.007499096938245842	0.0	0.0	0.0020265538865665397	0.002948103612324228	0.0024981198624617965	0.0009862055563002316	0.0	0.0017435177831232058	0.0
RFK	0.0	0.0	0.0	0.0009282758844691178	0.00295261751440815	0.0	0.0	0.008304745682110494	0.0	0.00745986523551261	0.0	0.0028454866306250144	0.009751610228221316
PHF2	0.0	0.006826152495701629	0.004675263183805376	0.0	0.0	0.0	0.007878531425216778	0.0	0.0	0.0	0.0	0.0	0.0
KLF4	0.0	0.0018777019365771492	0.0	0.0	0.01031311001773194	0.002555297156961522	0.0	0.0	0.0	0.0	0.0	0.0	0.0031644384595071024
INIP	0.0	0.0	0.0	0.0	0.009835058599888582	0.0	0.0	0.0	0.0	0.0	0.0	0.0	0.0
ZNF883	0.007447337384790778	0.0	0.0	0.0	0.0	0.0	0.0	0.006184449958923957	0.0	0.004036419455464436	0.0	0.006355113986454357	0.0
SLC31A2	0.0	0.0	0.00196992524880225	0.0	0.0	0.0	0.0027276006628026554	0.0	0.0	0.0037471024186869774	0.009383070702964543	0.007198542272112277	0.008470809748918616
TEX53	0.0005088550020390959	0.0	0.0	0.0	0.0	0.0	0.0	0.0	0.0	0.0	0.01926310661195456	0.0	0.0029459118604577617
TRUB2	0.0	0.00414594355387528	0.001519187026052891	0.002364311914668976	0.0	0.000911422830171563	0.004595060833204214	0.0	0.0	0.0	0.0	0.0013514748696538	0.0011279681833971393
SET	0.0	0.002034245280713032	0.0	0.0	0.01143803267706702	0.00024443051655888753	0.0	0.0	0.0	0.0	0.0	0.0	0.010752729452497294
DOLK	0.0	0.002254835772102341	0.004901522730163214	0.0	0.0	0.002708553655411681	0.0	0.0	0.0033445836229796144	0.0	0.0	0.006109030683486084	0.007867456196555935
MIGA2	0.0	0.0	0.01256100531435386	0.0	0.0	0.00018499207243410996	0.0	0.0	0.0018904258632839158	0.0	0.007092374247109023	0.0	0.0030046966729062336
TMEM250	0.0046064360383495755	0.0	0.0	0.0021749778162567968	0.0	0.0	0.0	0.01258364510090449	0.0017980367700145188	0.005970115838892394	0.0	0.0034686348896360883	0.0004795141996602466
ABCA2	0.0	0.0	0.0	0.003954801366817972	0.0	0.0	0.0055519540376584575	0.00443227829776042	0.0005508812844816714	0.003930308763832375	0.0	0.010868251789720028	0.0
FUT7	0.0	0.0077387766012997315	0.004470380418539441	0.0	0.0	0.006878700116427253	0.00543543883749307	0.0	0.0	0.0	0.0	0.0	0.0
TUBB8	0.00015013225296048687	0.0	0.0	0.0	0.0	0.0	0.0	0.014457940760151887	0.005102735690954072	0.0	0.0	0.005719863443226208	0.00690200092458989
ZMYND11	0.007147977888212748	0.0	0.0	0.0	0.0	0.0	0.0	0.008439231144471595	0.003896434006299059	0.0	0.0	0.0	0.004469099880620593
PITRM1	0.0	0.007630359503860869	0.0073221443446985675	0.0	0.003047483722673572	0.003616115931289183	0.0010016667203310097	0.0	0.0	0.0	0.0	0.0	0.0
ACBD7	0.0012814249884996773	0.0	0.0	0.008155711780982695	0.0	0.0	0.009953755953798073	0.0	0.0	0.0	0.0	0.004205823198489489	0.0
ARMC3	0.0	0.006141375016432583	0.0	0.0	0.010381624110319336	0.0	0.0	0.0028355319375129224	0.0	0.0	0.0	0.0	0.0
MAP3K8	0.008788135183848148	0.0	0.0	0.0	0.0	0.0	0.003801697334906678	0.0	0.0067677044695773425	0.0005368546229986095	0.0	0.0	0.0
GDF10	0.0	0.0	0.0	0.006180971863838946	0.0	0.0	0.0	0.012306333904847337	0.0017848546040494845	0.0	0.0	0.0031583218888519963	0.001062491986223046
ANXA8	0.0	0.0012778404173720245	0.001865471198376623	0.0	0.0	0.01116515589595487	0.013187941594805967	0.0	0.0	0.0	0.0	0.0028386640121630976	0.0
EGR2	0.0	0.0	0.0	0.006649551710830412	0.0	0.0	0.0	0.006360372191626777	0.0006571122794112543	0.0	0.0	0.012204986640019757	0.0
NRBF2	0.0	0.0	0.00010387467414014073	0.0008135983280643774	0.0	0.0	0.0010112231615488608	0.0015906065296806065	0.001229660450594215	0.007345704205922615	0.0009176610161681351	0.0	0.0
LRRTM3	0.004964204395871939	0.0	0.0	0.006906872736445934	0.0	0.0	0.0	0.0078116416355149335	0.0029686603860717953	0.0	0.0	0.0	0.0
SLC25A16	0.011014096388956627	0.0	0.0	0.0	0.0	0.0	0.0	0.0	0.0	0.007128248289121544	0.0	0.0	0.00011500644662049698
DDX50	0.005765035646532243	0.0	0.0019112223265222343	0.0	0.0	0.0010989279861611861	0.0006081335717259185	0.0	0.006259999136629293	0.0	0.0009089906584034879	0.0	0.0
DDX21	0.0008792833010937659	0.0	0.00019616115582619576	0.0	0.008008465183024682	0.000761196693973987	0.0	0.0	0.0022524733471751563	0.0	0.003628826470892894	0.0	0.0032261801980194476
TMEM254	0.0	0.0	0.0039016883818786875	0.0	0.008867162922527492	0.0021060054283320835	0.0	0.0	0.0	0.0	0.022044492915176163	0.0	2.973350789512972e-05
PANK1	0.0	0.0011944473408668486	0.0	0.0	0.01154135528865954	0.0	0.0	0.0	0.0	0.001458170328061544	0.0	0.0025009132354661635	0.0
CYP26A1	0.0	0.0023822866944673954	0.0012540619246690454	0.0	0.0	0.0	0.0	0.0	0.0	0.0	0.03379241732229897	0.0	0.0
SFXN3	0.0014116434561252708	0.0	0.0	0.0	0.0	0.0	0.008080117255646486	0.0	0.004711250187640137	0.0006556365615457407	0.0	0.0032357304069914124	0.0
LDB1	0.0019746649507509065	0.0	0.0	0.0054088805003860655	0.0	0.0	0.0011907561718713917	0.0	0.0	0.009599495523243776	0.0	0.009754443839211967	0.0
PSD	0.0	0.002870803070070403	0.006170195851826854	0.0	0.0	0.0049355675586514654	0.011782805707128306	0.0	0.0	0.0	0.0	0.0	0.0
C10orf95	0.0	0.0	0.0	0.0073980490423001515	0.0	0.0	0.004753658064364	0.0	0.010329549767859754	0.0	0.0	0.0	0.0
SMNDC1	0.0	0.010610327269208884	0.0	0.0	0.004253636986515032	0.002983233364952501	0.0011755023811155954	0.0	0.0	0.0	0.0	0.0006541854513986691	0.0
BTBD16	0.0014874150915982814	0.0	0.0	0.0	0.0	0.0	0.0	0.010868104744971605	0.0028228768871380702	0.0	0.004700272246425169	0.0	0.0
EDRF1	0.0	0.009539136472994664	0.005108892187310604	0.0	0.0033016360171211766	0.0018400717758126153	0.004564288061908058	0.0	0.0	0.0	0.0	0.0	0.0
ZNF511	0.0	0.0	0.009529518508210875	0.0	0.0	0.007555298848746928	0.002784930932440792	0.0	0.002948914642410688	0.0	0.0	0.0	0.0
PANO1	0.0	0.0	0.0	0.0021737738259188302	0.0037666768338975093	0.0	0.0026866803501309424	0.0	0.0029977160968193963	0.006280605387455145	0.0	0.00040697838847575363	0.0
TNNI2	0.0	0.004063716635051577	0.0	0.0	0.0	0.007049808100733693	0.0	0.00756472963359449	0.0	0.0	0.011833499418697466	0.0	0.0
STIM1	0.00728598335829181	0.0	0.0	0.007989377652936716	0.0	0.0	0.0	0.0020617060753607055	0.003825845243529345	0.0018128605707415867	0.0	0.0	0.0
C11orf42	0.0	0.010271260925191669	0.004609264970790881	0.0	0.0	0.00030945264687944247	0.00409819143224255	0.0	0.0017966081324161183	0.0	0.0	0.004670631291462125	0.0
LMO1	0.0	0.0	0.0006756045002421343	0.0027830660200153295	0.0	0.011531090319029352	0.009583522660572589	0.0	0.0	0.0	0.0	0.00032152128614615203	0.008853960536191507
AMPD3	0.005723673608038059	0.0	0.0	0.006362259748441346	0.0	0.0	0.0	0.007189044714317618	0.0	0.0	0.0	0.0	0.006233412298912299
FAR1	0.0	0.0	0.0	0.002253422627242129	0.0	0.0	0.0	0.014115430378726052	0.0030275068431098234	0.0	0.0	0.0036812806067378573	0.0007228723002941763
KIF18A	0.0	0.0031532954544727884	0.0	0.0	0.0	0.007438129738178641	0.006451086745373668	0.0	0.0	0.00033807613234969433	0.0	0.01395710574489746	0.0
IMMP1L	0.0009677883917740514	0.0	0.008791943013765756	0.0	0.0	0.0	0.0	0.0	0.004232924161239569	0.004108265628603857	0.01236416116722316	0.0	0.0
TCP11L1	0.0018061697532674094	0.0	0.0	0.00442699562339939	0.0	0.0	0.0	0.00016154325038947903	0.005131476670004188	0.0	0.0	0.0	0.0
SLC1A2	6.412167690502872e-05	0.0032626022501902417	0.001733646500506689	0.0	0.00016061881648143258	0.0	0.0	0.006455736690932683	0.000802156039516408	0.0009367253730441523	0.0	0.0	0.0003939309246997549
CD82	0.0	0.007390664229590725	0.0035123103959633665	0.0	0.001983222008956601	0.0	0.0	0.0	0.0	0.0068975361099733725	0.003518770082113786	0.0	0.005444087070217486
F2	0.0	0.0	0.0009802075419274774	0.0010216346387620964	0.0	0.0008639353830359393	0.0	0.005038555185504587	0.0	0.011027510950374403	0.0	0.0	0.0
MTCH2	0.0	0.0	0.0	0.0	0.00694515166389417	0.00606692688791885	0.004044739918296196	0.0006081066759380105	0.0	0.0	0.0	0.0	0.0
MS4A13	0.0	0.0	0.0034529226792663612	0.0	0.0	0.002601524781266954	0.00920582065879051	0.0	0.0	0.011466690307583518	0.0	0.012582986378042603	0.0
VPS37C	0.0024474138266427493	0.0	0.0	0.004059907986941033	0.0	0.0	3.845668665842066e-05	0.0	0.005031446617539231	0.0	0.001964304740219841	0.0	0.0067145205381761094
OTUB1	0.0	0.004897535134758226	0.0031514050139662066	0.0	0.0	0.010061120692846173	0.008233953497877824	0.0	0.0	0.0	0.0	0.0	0.0030393935405796627
PPP1R14B	0.0	0.005371798374127788	0.008425554353084742	0.0	0.0028394634959452154	0.0	0.002257375193119036	0.0	0.0	0.0	0.0	0.0	0.0
MAJIN	0.003965723915778636	0.0	0.0	0.0012104367036562095	0.0	0.0	0.0	0.008874612027895263	0.0	0.003557139848630001	0.0	0.00037350206856573344	0.0
BANF1	0.0	0.005110330296646303	0.010308180675454349	0.0	0.0005717926031217393	0.0036943703471098164	0.005081489880217111	0.0	0.0	0.0	0.0	0.0	0.0
YIF1A	0.0	0.0024191573950224296	0.0	0.0	0.002359908648659129	0.001436832995734266	0.0	0.004842637085299468	0.0019154613535519276	0.0	0.0	0.0	0.010072176664356836
RPS6KB2	0.0010873422978912837	0.0	0.0	0.0	0.01204126608097451	0.0	0.0	0.0	0.0009034067213515989	0.0	0.0	0.0	0.0
CHKA	0.0	0.003901780383981212	0.0	0.0	0.0	0.01176018156684946	0.0008083835318487348	0.004014081374172858	0.0	0.0	0.0	0.006864487625164883	0.0
KCNE3	0.0	0.0	0.0	0.0	0.0	0.01184369106747756	0.0	0.0	0.0	0.0	0.015151621472320772	0.0	0.0
PAK1	0.0023719532483654645	0.0	0.0	0.002127163120197932	0.0	0.0	0.00028219764730798703	0.014678055768618336	0.0041390712531153544	0.0	0.0	0.004522791593018042	0.003626616567255159
KCTD21	0.0	0.003973967894282552	0.003634878884326732	0.0	0.00942987621160527	0.0	0.0	0.0	0.0026187322378821995	0.0	0.0	0.0	0.001278123371548225
CCDC89	0.0	0.0	0.0027519766471150644	0.0	0.00048314967173859833	0.00564136339844035	0.008972855307741211	0.0	0.0	0.0	0.0	0.0	0.012008796330392695
YAP1	0.0	0.001455063359241302	0.005645684601908338	0.0	0.0	0.0	0.0	0.0007525485089804418	0.0	0.007404467746480073	0.0	0.00822408175539083	0.0
CASP1	0.0	0.0026314071868177853	0.00046694798353488353	0.0	0.00610447521008071	0.003855041419994843	0.007810907429080435	0.0	0.0	0.0	0.0	0.0	0.0007696893533893287
SLN	0.0036721334213130094	0.0	0.0	0.0001296767524472392	0.006322149482426534	0.0	0.0	0.0012378520403627023	0.0	0.0	0.0	0.0	0.0
DDX10	0.002624952110951289	0.001233047084690592	0.0034140700583649005	0.0	0.0	0.005044433376642913	0.0	0.0	0.00337281411441088	0.0	0.014525630754999793	0.0	0.0
PPP2R1B	0.0	0.002151711767629694	0.0	0.0	0.0007665570941350167	0.0	0.0	0.0	0.002518768812813544	0.0	0.0	0.009982996795133852	0.016671551712159345
PTS	0.0014052495198665369	0.0	0.012015080046292249	0.0	0.0	0.0005805942465679681	0.0	0.0	0.005102667206075573	0.0	0.006189765608069346	0.0	0.0
UBE4A	0.006053440196057037	0.0	0.0	0.0	0.0	0.0	0.0	0.005078689304291683	0.007831857189493176	0.0	0.0	0.0032750780541699904	0.0
ARHGEF12	0.0	0.0	0.0	0.0	0.0	0.0	0.010560804327229093	0.010178496755559362	0.002673023374874635	0.0	0.0	0.0	0.0
ROBO3	0.005524816219175837	0.0	0.0	0.010112508076869916	0.0	0.0	0.0007783510853620397	0.0	0.003436792130053345	0.0	0.0	0.001215870274014172	0.0
PUS3	0.005921379141695178	0.0	0.0	0.0	0.0	0.0	0.0020443817355603436	0.004702342671078556	0.0	0.0	0.0	0.00021031450419272006	0.0
ARHGAP32	0.008423154837160393	0.0	0.0	0.0	0.0	0.0	0.0	0.0	0.004711755534005383	0.0	0.0	0.0	0.005186078020258673
ST14	0.0	0.004477146619134109	0.0025972588955928575	0.0	0.0	0.002351763624371137	0.0	0.0	0.0	0.007555237482624509	0.0	0.008814435306012695	0.0
SNX19	0.0	0.005380453594428012	0.004402225097250546	0.0	0.001681279059925695	0.0006657239959030984	0.0	0.0	0.0012318841543850034	0.0	0.00329264785631397	0.0	0.009080335605669997
NINJ2	0.0	0.004402025329801678	0.0033960136955898386	0.0	0.003683690254776412	0.0	0.0	0.0	0.0	0.0	0.0	0.001464800920845675	0.0
CCND2	0.0	0.0	0.0	0.009124983261480615	0.0012998573166703986	0.0	0.0	0.0	0.0	0.0019160373616237691	0.0	0.0	0.0
TIGAR	0.003804233592020806	0.0	0.0	0.0060827825539153035	0.0	0.0	0.0	0.0	0.0	0.0	0.0	0.0	0.0
MLF2	0.0	0.0011289787717080086	0.0022489569943689013	0.0	0.009462594964920926	0.0	0.0031359757269575723	0.0	0.0	0.0	0.0	0.0	0.007777184839271753
PTMS	0.0	0.008540620700527765	0.0009026008192900959	0.0	0.0007772403961153662	0.0	0.003937279455018469	0.0	0.0	0.0	0.0	0.0	0.0002704036953778093
KLRC3	0.0	0.00664066758592054	0.0	0.0	0.0035265694990826435	0.002163411718689049	0.0	0.0	0.0	0.0	0.0029211609649530007	0.0	0.0
MAGOHB	0.0047395684885635	0.0	0.0	0.013648535905735892	0.0	0.0	0.0	0.0	0.003676755485998086	0.0	0.0	0.0	0.0
ERP27	0.0051956186234409394	0.0	0.0	0.0	0.0	0.0	0.0	0.0	0.0	0.005456146913425692	0.002074015655206309	0.002740671249924676	0.008390450458095361
SLCO1B1	0.0	0.0026993782881315613	0.0	0.0	0.0025049860832582677	0.0	0.0	0.0	0.003978753492921636	0.0	0.003246065627742193	0.0	0.001858931471109384
GYS2	0.0	0.005454072902855117	0.004459748860663259	0.0	0.004140170808477231	0.007052628730877244	0.000319034636332513	0.0	0.0	0.0	0.0	0.0	0.0
MRPS35	0.007429692834462911	0.0	0.0	0.004763479598300223	0.0	0.0	0.0	0.008435956491691292	0.0033116663681894963	0.0	0.0	0.0024221998122613297	0.0
CPNE8	0.0	0.006338680074835913	0.0	0.0	0.005020020006777243	0.0	1.7902324105604563e-05	0.0	0.001355309442588697	0.0	0.0	0.001630383362437976	0.0
SMARCD1	0.002283975157394391	0.0	0.0	0.0031155466435946735	0.001040936425969309	0.0	0.0	0.0	0.0	0.0	0.0	1.2472866513558035e-05	0.0
DIP2B	0.004341665508970895	0.0	0.0	0.0017934731798263403	0.0	0.0	0.0	0.01286074899489511	0.0016438121063439455	0.0	0.0	0.0031847640658962	0.0
TARBP2	0.0	0.0	0.008134857845981044	0.0	0.004594670208368596	0.003932020590527577	0.00832239889330727	0.0	0.0	0.0	0.0	0.0	0.0
ATF7	0.0	0.003349503548155101	0.008214372517879837	0.0	0.007530252929582488	0.0	0.0	0.0	0.0	0.0	0.0	0.0	0.0031151982623594085
MMP19	0.0	8.588739857405531e-05	0.0001959975248374194	0.0	0.0028857774781396355	0.005089883657983343	0.0	0.0	0.004588709717432072	0.005292533136707862	0.0	0.0024906478991748764	0.0
SUOX	0.0	0.0005099659298860338	0.001491486745475169	0.0	0.0	0.003141885926611512	0.0	0.0	0.0024795486669696304	0.0006444013135528425	0.007142982503484491	0.0009237994191860578	0.0
INHBE	0.0	0.0	0.005806059808421276	0.0012788545437836807	0.0	0.003646204628735096	0.010287085324479084	0.0	0.0	0.004639937672315276	0.0	0.0020183243716629965	0.0006807078356450408
TAFA2	0.0	0.0	0.0	0.0010266415373256462	0.0	0.0	0.0	0.009492433903883372	0.009954938474605261	0.007262174489804495	0.0	0.0	0.0
GRIP1	0.0	0.007965435532208246	0.005278555275985884	0.0	0.004253522811183876	0.005121906692685145	0.0	0.0	0.0	0.0	0.0	0.0	0.0
MYRFL	0.0	0.0043953509455672175	0.0005609918553541498	0.0	0.003976808374782758	0.0030205232918102637	0.0	0.0	0.005029791360465363	0.0	0.010958628375884532	0.0	0.012137413892802627
E2F7	0.0	0.0056335303559144735	0.005525024893795548	0.0	0.0	0.003829908642684369	0.010064591025506074	0.0	0.0	0.0012896394344307544	0.0	0.005029901781252695	0.0
PTPRQ	0.0	0.008767120294819087	0.0028051293151493636	0.0	0.002557270274815767	0.004229781117454436	0.0	0.0	0.0	0.0	0.0	0.0	0.0
ACSS3	0.0	0.0	0.0	0.007533388388455467	0.0	0.0	0.008382019029180635	0.005734184648571785	0.0	0.0	0.0	0.006291902423058499	0.0
ANO4	0.0	0.00943714330073369	0.0031830461817109646	0.0	0.006529638074047838	0.0012263602166972126	0.0	0.0	0.0	0.0	0.0	0.0	0.0059523256506037745
NUP37	0.002400497039937957	0.0	0.0017975056391681332	0.0	0.0	0.0	0.0	0.003258757157638047	0.0028642406441256297	0.0	0.0	0.0	0.003746531447007617
MYO1H	0.0	0.003516627644645669	0.0032428377697567	0.0	0.0	0.007894650327986932	0.011705744714254035	0.0	0.0	0.0008453320137512895	0.0	0.009219964725514293	0.0
MVK	0.0	0.0	0.01069463736589085	0.0	0.0	0.007009870643545762	0.0	0.0	0.0007480277275588344	0.0	0.0010524073977869167	0.0	0.0
OAS3	0.0	0.0	0.0029915757530708685	0.0024619808957947863	0.0	0.008505028033092379	0.007504866528478237	0.0	0.0	0.0	0.0	0.010288291962442629	0.0
IQCD	0.0	0.0	0.0	0.0	0.012082882406495422	0.001266619558258056	0.0	0.0011798213718379456	0.0	0.0007289156415734039	0.0	0.0	0.0019997401691417053
TPCN1	0.002279507261781907	0.0	0.007674088451336776	0.0	0.0	0.0	0.0029631125347964263	0.0	0.0	0.0	0.0	0.0029155214308830626	0.0
OASL	0.0003635998296440178	0.0	0.0	0.002827917737252886	0.0	0.0055552396560953465	0.0	0.007054997720309743	0.002359211807274539	0.0	0.0	0.0	0.0
ABCB9	0.006587055182197212	0.0	0.0	0.0	0.0	0.0	0.0	0.003851702020152002	0.004053370658414821	0.0042718950150066074	0.0	0.005129075220357099	0.0
CDK2AP1	0.012690311621818101	0.0	0.0	0.00020904997304601393	0.0	0.0	0.0	0.0009747020972996292	0.00227241036206702	0.00031652119669966963	0.0	0.0	0.0029994072200321296
EIF2B1	0.01077563989146391	0.0	0.0	0.0015395137774014947	0.0	0.0	0.0	0.0	0.0019227692202287844	0.0	0.0	0.0	0.0
ZNF664	0.00950178970856098	0.0	0.0	0.00743418199047293	0.0	0.0	0.0	0.0	0.0	0.0	0.0	0.0	0.0002794194514285138
C1QTNF9	0.0	0.002128038236147853	0.0	0.0	0.0032383621176675995	0.004842514236656237	0.0038812184080175755	0.0	0.0	0.0054860023543728586	0.0	0.005573156065759182	0.0
UBL3	0.005799463413654235	0.0	0.0	0.005267819212535792	0.0	0.0	0.0	0.0	0.004905398395174993	0.0010459396580623957	0.0	0.0	0.009677169937677437
PDS5B	0.0	0.00858992014220076	0.007543913997417854	0.0	0.0	0.002864875408576433	0.0	0.0	0.0015707275348139109	0.0	0.0	0.0	0.0
RFC3	0.0	0.0	0.0018589411070262713	0.0	0.003207239884553204	0.000723423342642271	0.0	0.0	0.0024165807093023254	0.0	0.0	0.0	0.0
OLFM4	0.0024427275990238505	0.0	0.0	0.0017254215977212742	0.0	0.0	0.0	0.010088772518762508	0.0029837632804214247	0.007181461968727654	0.0	0.0	0.0
SLC15A1	0.0	0.002441858754420088	0.009447618304056389	0.0	0.0	0.0	0.004149107923669615	0.0	0.0	0.0033054301713666733	0.0008044456948921551	0.0041709254761598865	0.0008257527909099194
PCCA	0.0	0.003999582146916076	0.0037957476226713623	0.0	0.0	0.00451667328452026	0.003915017315700912	0.0	0.0	0.0	0.0	0.004884121329170916	0.0
ATP11A	0.0	0.0	0.008004841812356186	0.0	0.0	0.000955525972690398	0.013000344454047845	0.0	0.0	0.0	0.0	0.003716083558182098	0.0
SALL2	0.0	0.0	0.007504355051744531	0.0	0.0	0.004124246732533926	0.0	0.0	0.005099462536406365	0.0	0.0	0.007346428774566693	0.0
MRPL52	0.0	0.0035679721762663704	0.006851705936177761	0.0	0.0	1.0212269060651138e-05	0.006094865881672897	0.0	0.0	0.006932551863627082	0.0	0.0	0.013513511225317971
REM2	0.0	0.007010077291069511	0.0020398289315429587	0.0	0.0	0.004351971941893779	0.007186517454899381	0.0	0.0	0.0	0.0	0.005479402010504513	0.0
PABPN1	0.0	0.0	0.003194326875265419	0.0	0.0	0.0	0.0	0.0014854187390847197	0.0	0.0	0.021290545394167613	0.0	0.0
NGDN	0.0	0.008676740409998048	0.00466852627766261	0.0	0.0027552529082132313	0.0	0.0021324919575449854	0.0	0.0	0.0	0.0	0.0	0.0
IRF9	0.0	0.0	0.0	0.0	0.003464175963374842	0.0	0.009769687900028202	0.0	0.008169490877704506	0.0	0.0	0.0	0.0015575708019508819
G2E3	0.0	0.0	0.0	0.005947587346523786	0.0	0.0	0.0	0.013192223198079858	0.004943217383726452	0.0	0.0	0.0	0.0021214715148332778
KLHDC2	0.005860217215792486	0.0	0.0	0.0018329082629078297	0.0	0.0	0.002130938983096633	0.008006858052384321	0.004632531179828265	0.0	0.0	0.0	0.0011450147954652926
L3HYPDH	0.0013226815000005328	0.0	0.0	0.0	0.0	0.004723833340874842	0.0	0.006291430414117119	0.0	0.0	0.001418063222706263	0.0	0.0
NPC2	0.0	0.0	0.0026329149280471358	0.0	0.0	0.010941949028290975	0.01167037948105227	0.0	0.0	0.0	0.0	0.0002840324579424089	0.0
RPS6KL1	0.0	0.0	0.00462461871100994	0.0	0.0	0.0	0.0022623383283601403	0.004336110057623552	0.0	0.008299197918271847	0.0	0.015625593215506873	0.0
PGF	0.0	0.0062797368925102195	0.0026834911169066793	0.0	0.0	0.0	0.0	0.001624650631810411	0.0	0.0	0.0	0.0016337042156642334	0.0
BATF	0.0013697430758863335	0.0	0.0	0.0	0.004575930824060223	0.0	0.0	0.0	0.008295382461167617	0.006054581897567265	0.0	0.0	0.006033794278305802
ZC3H14	0.0	0.0011639162725570339	0.011047952427240774	0.0	0.0	0.0	0.008235238414269418	0.0	0.0	0.0	0.0	0.0	0.0
PPP4R3A	0.0	0.0019117063867118305	0.0064390122362355156	0.0	0.0009402025248034106	0.007480132165921342	0.008156530521221063	0.0	0.0	0.0	0.0	0.0	0.0
FAM181A	0.0032002046292017384	0.0	0.006186051137036612	0.0	0.0	0.0	0.0	0.0	0.005805688312878304	0.0064805978836503944	0.0	0.0	0.0
WDR25	0.005952086290791542	0.0	0.0	0.0	0.007237293852761862	0.0007738903488096871	0.0	0.0	0.0	0.0	0.0	0.0	0.0
CRIP1	0.0009642726440358633	0.0	0.0046725698225040515	0.0	0.0	0.0	0.0	0.00020998119642465346	0.0023106281511941205	0.011892460710596554	0.0	0.009697031036265647	0.0
IGHG4	0.0	0.006565915137906858	0.0	0.0	0.005590449578299605	0.0	0.0	0.0065397919572926675	0.0	0.0	0.0020904673930586	0.0008571627360643222	0.0
ACTC1	0.0	0.0045087994718882	0.0032134695132922655	0.0	0.003993474493811704	0.0	0.0	0.0	0.0034634000120626622	0.0	0.008185297843073756	0.0	0.003812599267151687
RASGRP1	0.0	0.0021618285613066598	0.0014309776177058326	0.0	0.0	0.0019617101554651284	0.004511380926100504	0.0	0.0	0.0037371350324161153	0.0014843553979825665	0.0037186413013131285	0.013029569237121869
PAK6	0.0	0.0	0.0023450363425607727	0.0	0.0010272227583299355	0.005828378516416855	0.0037892439268951534	0.0	0.0027605577867133788	0.0	0.0	0.0	0.0
RMDN3	0.006133232113166379	0.0	0.0024805516548067515	0.0	0.0	0.0	0.0023215322788953286	0.0	0.0017982617141385833	0.001139358465504994	0.0	0.0	0.0
JMJD7	0.0	0.007583197490527907	0.00755793908780048	0.0	0.0018525250984818378	0.006296875383361924	9.465264380278912e-05	0.0	0.0	0.0	0.0	0.0	0.0
STRC	0.0	0.0	0.0016539044931094295	0.0	0.0	0.0	0.0	0.00600786166447573	0.00987310776171608	0.006554183499594287	0.0	0.0	0.0
SPG11	0.0	0.0076671438984087905	0.0	0.0	0.0	0.0	0.0	0.0046883051945865156	0.0	0.002339025576909054	0.0	0.014535925141914641	0.0
DUOXA1	0.0	0.00524636025465321	0.0	0.0	0.0	0.0	0.0	0.0	0.0	0.0	0.02086501047065264	0.0016708457336036058	0.0
DUT	0.0	0.008784394897430632	0.0063067920974311485	0.0	0.001054448513964917	0.0	0.0	0.0	0.002719442252903086	0.0	0.0	0.0	0.0
NEO1	0.006297389519132717	0.0	0.0	0.0	0.0	0.0	0.0	0.004938003387701018	0.0034229723344067113	0.0	0.0	0.0	0.0
MPI	0.0	3.8484888425789946e-05	0.0008220585482763232	0.0	0.005456406390206931	0.0043114503815287275	0.008022991896865294	0.0	2.0662715716673613e-05	0.0	0.00039819288393109717	0.0	0.0
C15orf39	0.0	0.006694524735704406	0.0	0.0	0.0	0.002467789546266561	0.007249513143434542	0.003512943327409638	0.0	0.0	0.0	0.002993036772568018	0.0
ANKRD34C	0.00477705300640366	0.0	0.0	0.004718300953208041	0.0	0.0	0.0	0.006540491312208494	0.0038259941462899373	0.0	0.0	0.0	0.0
MESD	0.0	0.005733126916288767	0.0002033319370074701	0.0	0.0034391616026163297	0.0	0.0	0.0006297037366705895	0.0	0.0	0.0	0.0023677164098359718	0.005673811315390665
EFL1	0.0	0.007340344186125755	0.0064523176672988914	0.0	0.0040475189113204	0.0	0.0	0.0	0.0	0.0	0.0	0.0	0.01484002849394267
BNC1	0.0	0.0	0.0033745104120210387	0.0	0.0	0.008735402269257259	0.010792789901334171	0.0	0.0	0.0	0.0	0.008291628527911475	0.0
VPS33B	0.0	0.0047503611646001935	0.0	0.0	0.008034335235212	0.0	0.0	0.0	0.0020979607338529873	0.0	0.012878342409735892	0.0	0.0
CHD2	0.0	0.0	0.0	0.0	0.0	0.0	0.0	0.0	0.0	0.014872768661726	0.0	0.0100452784454831	0.005066113072086062
LYSMD4	0.0006938331374886816	0.0	0.004901026987800221	0.0	0.0	0.00632492642922698	0.00740596220673945	0.0	0.0023796275630169604	0.0	0.0	0.0	0.0
PCSK6	0.0	0.00632835500269621	0.00024542906016472696	0.0	0.0014137899450457866	0.0009057130562272017	0.0	0.0	0.0	0.0	0.0	0.006066002183908521	0.01011249446624498
NME4	0.0	0.0009617350407222198	0.0	0.0	0.002950175062763191	0.006787668677263118	0.0	0.0	0.0	0.0	0.0056271046733312345	0.002352333171242721	0.0
FBXL16	0.0046821301190270795	0.0	0.0	0.0	0.005486179761901993	0.0	0.0	0.0010463185939100239	0.0	0.007149002097912649	0.0	0.0	0.0
TPSB2	0.0018064288430939058	0.0	0.0	0.0	0.0	0.0	0.0040763225292248274	1.0010876968788855e-05	0.0	0.0	0.009106178208964156	0.0	0.009101193621825831
RPS2	0.0	0.0	0.008766300564280028	0.0	0.0	0.010784905724890251	0.007346796539802575	0.0	0.0	0.0	0.0	0.0	0.001238529520839208
ZNF598	0.004886160289768496	0.0	0.0	0.006708208563224548	0.0	0.0	0.0005534479498882352	0.0	0.003704346705217069	0.0	0.0	0.0	0.0
NPIPA7	0.0	0.001127391525168744	0.00624809444751365	0.00207199428835682	0.0	0.000489564702406782	0.0031547188722110936	0.0	0.0	0.0037427540341835853	0.0	0.010363854329344106	0.0
GPRC5B	0.005082225419087285	0.0	0.0	0.008169528110916136	0.0	0.0	0.0	0.0	0.0	0.0	0.0	0.0010667605952890957	0.0
PRKCB	0.0	0.0031377670190871434	0.006567741908946124	0.0	0.0	0.0	0.0	0.005098118152286594	0.0003217277992432747	0.00244451705829559	0.0	0.0	0.002676987731766645
TAOK2	0.0	0.0	0.0	0.005667364407623992	0.0	0.0	0.0007738738758195153	0.0012497641244868382	0.0069180533313384675	0.0	0.0	0.0	0.002344276200388269
NPIPB13	0.0	0.0048358792606385	0.010545104544381364	0.0	0.0019774815223093257	0.0	0.0	0.0	0.0024625863187522352	0.0	0.0006240548300225142	0.0	0.0
ZNF843	0.0020111487861800763	0.0	0.0	0.005323093872620073	0.0	0.0	0.0	0.0034930519531890898	0.008110689077794891	0.0	0.0	0.0	0.01568578591000732
HEATR3	0.0	0.0	0.007336288886827593	0.0	0.0051484863862945466	0.00017272158679742467	0.00034254809609624975	0.0	0.0	0.0	0.0	0.0	0.0
SALL1	0.0	0.0	4.549444512993513e-05	0.0017263334015391388	0.0	0.010501994933077824	0.007124103418163167	0.0	0.0	0.0	0.0	0.012824417290254152	0.0
CES1	0.0	0.0	0.0	0.0065070611217635166	0.0	0.0	0.0021121097051221035	0.0	0.009458514560273457	0.0023873639821778035	0.0	0.0	0.0
CES5A	0.0	0.0	0.0006133448327683386	0.0	0.006803036478296383	0.0	0.0	0.0	0.0	0.0043021015997573185	0.006737551823046601	0.0	0.0014126690951529216
OGFOD1	0.0029238565513502565	0.0	0.0006805703670739648	0.005287882955613052	0.0	0.0	0.004713507260085579	0.0	0.0029191954354662658	0.0033097854581117673	0.0	0.0	0.0
NDRG4	0.008926691241305174	0.0	0.0	0.0	0.0	0.0	0.0	0.0	0.005102997037375043	0.0	0.0	0.0	0.0
HSD11B2	0.0	0.0	0.0	0.010925575858233592	0.0	0.0	0.0	0.0	0.0	0.010215961071091404	0.0	0.007746037616694428	0.003373126658098432
ATP6V0D1	0.002143008065218554	0.0	0.0	0.008013512374512427	0.0	0.0	0.0	0.007229193163083787	0.005908567700669957	0.0001159564683377639	0.0	0.0	0.0009607034165629645
AGRP	0.004324869069758186	0.0	0.0	0.005707457916718038	0.0	0.0	0.0	0.003143315185299891	0.007860763342773634	0.007080887425906108	0.0	0.0	0.0
CTRB1	0.0016667445165157704	0.0	0.0	0.007837999197581894	0.0	0.0	0.0038172303738557463	0.0	0.0	0.009598027602901186	0.0	0.003068392962753406	0.008900425691497583
CFDP1	0.0	0.0	0.0	0.013151991020538583	0.0	0.0	0.0	0.0	0.0	0.0	0.0	0.0008010435108222106	0.0006008928750029675
TMEM231	0.0	0.001075540719406176	0.00917233839401095	0.0	0.0	0.0	0.008494516810692175	0.0	0.0025032265217836327	0.0	0.0	0.002492647985767706	0.0
CRISPLD2	0.008173705658131525	0.0	0.0	0.0002967716302731647	0.0	0.0	0.001448605114547106	3.440784099125906e-05	0.0	0.008867986679876282	0.0	0.0	0.0
ZNF469	0.0	0.0	0.0	0.005884578326304189	0.0	0.0	0.0	0.0	0.00663235977655619	0.005312936243865846	0.0	0.005312384176636084	0.003798671984217147
CHMP1A	0.0	0.0040813976693201	0.0	0.0	0.0	0.0	0.0	0.004087022888138195	0.0	0.0	0.031776274346631925	0.0	0.0
SPATA33	0.0	0.00994366609193503	0.0025908730295671795	0.0	0.0	0.0030145713313189425	0.0	0.001148971788116616	0.0	0.0	0.004353331642818374	0.0	0.0
DEF8	0.0	6.95390741669965e-05	0.002723880834461441	0.0	0.0	0.002491791454827227	0.0	0.0	0.0	0.0	0.03880055632376081	0.0	0.0
SMTNL2	0.0	0.0023770146002118197	0.00023692639293651315	0.0	0.012716667765544021	0.0	0.0	0.0	0.0	0.006883517275536533	0.0	0.0	0.0
PELP1	0.0057294487719688585	0.0	0.0	0.004960425584937292	0.0	0.0	0.0	0.0	0.004579075891164891	0.003542349376001042	0.0	0.002174958430619405	0.001182669147820724
RABEP1	0.005839107184078424	0.0	0.0	0.0	0.0	0.0	0.0	0.0069502039405407385	0.0023126607222249346	0.0	0.0	0.0	0.004350677177794189
RPAIN	0.005150224589875644	0.0	0.0	0.009150981390816751	0.0	0.0	0.003990128162450534	0.0012136953585139805	0.0	0.0	0.0	4.580186035002044e-05	0.0
CFAP52	0.012445504796531025	0.0	0.0	0.0	0.0	0.0	0.0	0.001023229448542393	0.002325547768733027	0.0	0.0	0.0	0.0005958833688668549
ELAC2	0.004185633889935494	0.0	0.0	0.008987656492165052	0.0	0.0	0.0	0.0	0.0015260513748863453	0.0041289855001175714	0.0	0.0	0.0
HS3ST3B1	0.0	0.005235564309344254	0.0	0.0	0.00033382685572620806	0.007616276212153505	0.0	0.0	0.0	0.0	0.021409396786200595	0.0	0.0
MAP2K3	0.0011126621087065853	0.0	0.0	0.0021614360000940837	0.0	0.0	0.0	0.012552746909640146	0.001092372477637327	0.010435156533616591	0.0	0.007614577851769801	0.0024773839568401324
NSRP1	0.009626696508687659	0.0	0.0	0.0020591050475353766	0.00018360384911363637	0.0	0.0	0.0	0.00583476523562633	0.0	0.0	0.0	0.003938633975239585
ATAD5	0.0	0.001990228064731829	0.0029050081445100347	0.0	0.010992546348318224	0.0050018597532081556	0.0027711640240703057	0.0	0.0	0.0	0.0	0.0	0.0
HEATR9	0.00582345494671914	0.0	0.0	0.003403255445308666	0.0	0.0	0.0	0.0012375674765426519	0.0	0.0032183024103035044	0.0	0.0	0.0005928250876130486
CCL4L2	0.0	0.009535636462970428	0.004864823428508983	0.0	0.00635649078390394	9.768176883310981e-05	0.0	0.0	9.653458730441512e-05	0.0	0.0	0.0	0.000697966704061231
ACACA	0.0	0.00914051707699978	0.004401516319814871	0.0	0.0	0.008207909026495519	0.0	0.0	0.0	0.0	0.0	0.0	0.0
C17orf78	0.0	0.00535075699116525	0.00453037367862676	0.0	0.005036342475230357	0.007806843281677468	0.0038660520701032314	0.0	0.0	0.0	0.0	0.0	0.0
CWC25	0.0	0.0	0.0	0.013834575142284755	0.0	0.0	0.0011898552804113672	0.004638636769954953	0.0	0.0073444914671130625	0.0	0.003491757912214205	0.0009541829166249763
RPL23	0.0	0.010095992443700281	0.0	0.0	0.004031909317544092	0.0024584440562412995	0.0	0.0	0.0016026564250552324	0.0	0.0	0.0005987261570643121	0.0
NEUROD2	0.010705867431596327	0.0	0.0	0.0003574118526193482	0.0	0.0	0.0	0.00010984417813137643	0.0058477326341323166	0.0	0.0	0.0	0.0
CCR7	0.0	0.009149057949428788	0.003868635844423574	0.0	0.005555753642196559	0.0022400841046955294	0.005697871467520608	0.0	0.0	0.0	0.0	0.0	0.0
KAT2A	0.0	0.004445623806727202	0.0022220101469156046	0.0	0.012229581787549359	0.0	0.0	0.0	0.0	0.0	0.0021935618433706556	0.0	0.0
CNTNAP1	0.0025269432697399064	0.0	0.0	0.00941746959535731	0.0	0.0	0.0	0.007451561663690277	0.0	0.0033637879082927323	0.0	0.00533071306036071	0.00116260655363599
G6PC3	0.002295245137447703	0.0	0.0	0.0	0.0	0.0	0.0	0.008512387942974443	0.005319911914979732	0.0	0.0	0.0020604497053795952	0.0
ARL17B	0.0	0.004388145817777701	0.0	0.0	0.003645542002539138	0.010629589080416762	0.0	0.0	0.0	0.0	0.0	0.0	0.0
DGKE	0.0	0.0024642710368743166	0.0029255230237530553	0.0	0.0	0.0	0.0	0.0	0.0	0.0	0.025065940642555316	0.0	0.012710316976195766
TRIM25	0.0	0.0	0.0	0.004664036650243409	0.0	0.002669135381525092	0.0008904468014634853	0.006046921254241794	0.0	0.0	0.0	0.0	0.0
CACNG4	0.0	0.007782397912604449	0.006398421484410934	0.0	0.004683464565934035	0.0014901889892435607	0.00014753334436553664	0.0	0.0009226903038603052	0.0	0.0	0.0	0.0
RAB37	0.0	0.0	0.0	0.0	0.007986986710285247	0.0013345693919171748	0.0	0.0	0.0	0.0	0.008445302781966134	0.00026594863805786296	0.0
SMIM5	0.010118688592830731	0.0	0.0	0.0040296422821827676	0.0	0.0	0.0	0.004289183886195402	0.0003592712484153205	0.00038846107181958803	0.0	0.0008635355460558987	7.343085940568211e-05
SMIM6	0.006683004952069281	0.0	0.0	0.0032519660935300867	0.0	0.0	0.0	0.0013588513406588162	0.002890834606214822	0.004409421218070984	0.0	0.006246776193737267	0.0
GALK1	0.0	0.000311680698813286	0.00796796789412499	0.0	0.002137714082579198	0.0020545691178453953	0.0052956933450827946	0.0	0.0	0.0030904440789418217	0.0	0.0	0.0033464601455475396
RPTOR	0.0	0.0	0.005620522308361261	0.003700590933543848	0.0	0.004760153900846489	0.008387028955858161	0.0	0.0	0.0	0.0	0.0	0.012064905817188526
ARHGAP28	0.000791390092224289	0.0	0.0	0.0	0.005867502484990236	0.0	0.0	0.0	0.0	0.0006962203612086332	0.005747093712254912	0.0	0.010774938651230262
RAB12	0.0	0.0	0.009809939276073439	0.0	0.0015335528772276576	0.0051588624745538105	0.0	0.0	0.0	0.0	0.000524383775330266	0.0	0.003616724533190896
CIDEA	0.0	0.0	0.0	0.002756069209691042	0.0	0.0	0.007908177639262735	0.0002378372460209366	0.0019244174837766347	0.00014247083357547206	0.0	0.0	0.0
HRH4	0.0	0.006155398817664503	0.0	0.0	0.0006836297707746835	0.011151716517084733	0.002769861162814788	0.0	0.0	0.0	0.0	0.004879642216658488	0.0
MEP1B	0.0	0.0	0.009718649971468622	0.0	0.003998437557126874	0.0	0.0	0.0	0.0	0.0	0.003561640782490065	0.0	0.001143772414459269
ST8SIA5	0.007161191423392663	0.0	0.0	0.0	0.0	0.0	0.0	0.0	0.0026344279987455714	0.0	0.0	0.0	0.0
PIAS2	0.0	0.0	0.0004098256327802574	0.005899658408577009	0.0	0.01233714542270762	0.00384041297404041	0.0	0.0034798344545515694	0.0	0.0	0.0	0.0
RPL17	0.0	0.004915248271726056	0.0	0.0	0.009632288828828066	0.005188614155525461	0.0	0.0	0.0	0.0	0.0	0.0014735191851678396	0.0
LIPG	0.0	0.005238324619723821	0.006544553694101592	0.0	0.0	0.00370432139587746	0.007582856385773005	0.0	0.0	0.0014618066394732063	0.0	0.0	0.0036684240607648836
CCDC68	0.0	0.0031498725266726987	0.004544973751086891	0.0	0.0	0.0	0.0	0.0	0.000932780708316886	0.00977093218813634	0.0	0.01239920247132662	0.00844985202942508
SEC11C	0.0	0.0033193529441891446	0.011361672993170452	0.0	0.0	0.0	0.003972062499797353	0.0	0.0024847995599846257	0.0	4.54561018996248e-05	0.0	0.0
PIGN	0.0	0.0022343103913346155	0.004928985751637298	0.0003267011967059835	0.0	0.0034201674528970437	0.007949492397412574	0.0	0.0	0.0	0.0045035391614249715	0.0	0.0
GPX4	0.000632071029482685	0.0	0.0	0.006694387459603796	0.0	0.0	0.0	0.010516494636311609	0.005082033492226291	0.0012626335368950065	0.0	0.0	0.0023803301926953535
PCSK4	0.005539178096596717	0.0	0.0	0.0056975137324091945	0.0	0.0	0.0	0.002676515571764975	0.0019237754386984434	0.0	0.0	0.0	0.0010184891706955749
CELF5	0.0	0.0	0.004936480892195206	0.0	0.0	0.002540217915529416	0.008120935865341418	0.0	0.0024108094733389335	0.0	0.0	0.0019783285719669787	0.0
KANK3	0.007236657235746948	0.0	0.0	0.0	0.0	0.0	0.0	0.0027636751209578307	0.00012770443003718685	0.0012127374951288257	0.0	0.0	0.0100331043440732
ZNF426	0.002164728936354348	0.0	0.008362198074365095	0.0	0.0	0.003613163637760326	0.0	0.0	0.0	0.0	0.0	0.0	0.0
CDC37	0.0	0.0	0.0	0.00754246252979373	0.0	0.0	0.010810324580508613	0.0011074886678021341	0.008152420697046844	0.00635040305967873	0.0	0.0	0.0
KEAP1	0.0015742332303094783	0.0	0.0	0.009207751158816849	0.0	0.0	0.0	0.003443233960182244	0.001475568293133473	0.0014795975673468655	0.0	0.004040308161671268	0.0
PRKCSH	0.0	0.0039615719807912265	0.011007733055332513	0.0	0.0	0.005030620255924562	0.005613937206541392	0.0	0.0	0.0	0.0	0.0	0.0
PRDX2	0.00713892939814565	0.0	0.0	0.005824328934831519	0.0	0.0	0.0	0.0021287179570294965	0.00376769630477758	0.001244182103049892	0.0	0.0007160681390873928	0.0
RNASEH2A	0.0	0.00394405193595192	0.0013440282984502787	0.0	0.0002592561986189772	0.010103716416405487	0.00343717883787799	0.0	0.0	0.0	0.0	0.004071465809115738	0.0
KLF2	0.0	0.0	0.0	0.0040452814004107015	0.0	0.010990247576254263	0.009099600704207835	0.0	0.0	0.0	0.0	0.012432000894645188	0.005025784985663442
EPS15L1	0.0	0.008550421641544969	0.0	0.0	0.0	0.0011178428702727807	0.0	0.0	0.0	0.002761626752195988	0.0	0.007769852051530529	0.0
IL12RB1	0.007216956021378655	0.0	0.0	0.0010162884241782426	0.0	0.0017457644814471327	0.0011486698337976988	0.0	0.006482033916248854	0.0	0.0	0.0	0.0
HAPLN4	0.005792675676054161	0.0	0.0	0.0	0.0	0.0	0.0	0.01091235155454728	0.0007866477227033777	0.004326608842206122	0.0	0.0	0.001781813602212171
GPATCH1	0.009819528709296256	0.0	0.0	0.0	0.0	0.0	0.0	0.0	0.0028286820872231023	0.0	0.0	0.0	0.0
UBA2	0.0	0.004732438984490203	0.0032483308012777163	0.0	0.0	0.008798900133243403	0.011961100080490188	0.0	0.0	0.0	0.0	0.0	0.0
ZNF829	0.0	0.007429577489399762	0.0	0.0	0.007051334608699455	0.00017326769560905184	0.0	0.0	0.0	0.007591926824836818	0.0	0.004210840938924915	0.000533359971856058
ZNF570	0.0	0.0009586685285393644	0.0	0.0	0.0031991008230578643	0.0	0.0	0.0037513515467487296	0.008917031363023053	0.0	0.0	0.004342711164096172	0.0018811772231341433
ECH1	0.0014496398240862929	0.0	0.0	0.006749401019159458	0.0	0.0	0.0	0.0	0.008816613918658444	0.0	0.0	0.0008646749388702233	0.0
SARS2	0.008481437458824764	0.0	0.0	0.0017007297265413694	0.0	0.0	0.0	0.0028298166579918964	0.0033958520602687505	0.0	0.005271239390674791	0.0	0.0
SERTAD3	0.0	0.00034347826952805843	0.0	0.0	0.009699869409832872	0.004026083731122801	0.00447622762588303	0.0	0.0	0.0	0.0	0.0	0.0
RAB4B	0.0	0.006308023608480503	0.00023804639750867567	0.0	0.00955317947431675	0.0	0.0	0.0	0.0026542817648248667	0.006258187030551299	0.0	0.0	0.0030181518700122716
TMEM145	0.0	0.009090059370672953	0.0016234613193206327	0.0	0.0043359507490319	0.0	0.0	0.0	0.0063787207507424075	0.0	0.0	0.0	0.0
ETHE1	0.00553112692373051	0.0	0.0	0.0011675064532746006	0.0	0.0	0.0	0.0003125853060109271	0.00402842003889677	0.0	0.0	0.0	0.0035049150688405903
ZNF230	0.0	0.005139739880936593	0.004398700790862475	0.0	0.007399104736228069	0.0038141740965154714	0.0	0.0	0.0	0.0	0.0	0.0	0.007379461827621866
INAFM1	0.0	0.0005595584978522655	0.005725919258812745	0.0	0.0005654874398536357	0.0	0.0	0.0	0.0019851624223302567	0.011324837829519277	0.0	0.0	0.0
NAPA	0.0	0.0006311002302123808	0.0	0.0	0.0022154686869051447	0.005097986950399914	0.0	0.005792401977765953	0.0	0.00010777254623673354	0.0	0.0010224071240094643	0.0
TPRX1	0.010972300783734873	0.0	0.0	0.0	0.0	0.0	0.0	0.005511818991860592	0.003453525286011733	0.0	0.0	0.0025045799900630813	0.0015428629145985402
IZUMO1	0.0001739592875698988	0.0	0.0	0.007308134202999726	0.002634595524293678	0.0	0.0	0.0034372564270372997	0.0027597753882383667	0.0	0.0	0.0	0.002286699302984595
LENG1	0.0	0.005437268905268777	0.002083738886946041	0.0	0.0011741706280949103	0.002666319636071878	0.002165878323211584	0.0	0.00044667953073575554	0.0038548422481036113	0.0	0.0030930697224530184	0.010202292083075219
ZNF530	0.0	0.0027025576646719585	0.0	0.0	0.002378408374513535	0.0033726712628222	0.004614187717630434	0.0	0.0	0.0	0.0	0.0025307761632676305	0.0
ZBTB45	0.0031861232131068775	0.0	0.0	0.0	0.0	0.0	0.0011586839461583305	0.006818447247658577	0.0021403505641028387	0.0035295752169958957	0.0	0.0	0.0
NRSN2	0.003413213525192187	0.0	0.0	0.0019368406168416715	0.0	0.0	0.0010755299864547568	0.0030656854492997817	0.002670523372392211	0.0024346731110217673	0.0	0.0	0.011534817044146682
ANGPT4	0.0	0.0	0.0019007472725663841	0.0	0.006780791700573931	0.0032135644813711247	0.0005270024251606362	0.0	0.0	0.0	0.0	0.0015809041383709175	0.0
FASTKD5	0.0	0.010102550393674161	0.0	0.0	0.0008841453223588799	0.0	0.0	0.0	0.0	0.009452819079716459	0.0	0.01003704205364735	0.0
RBBP9	0.002712989394435364	0.0	0.0	0.011569230623238263	0.0	0.0	0.0	0.004531587027417135	0.001132883173697596	0.0025023703532213843	0.0	0.0	0.0
SYNDIG1	0.0	0.0034349436967450716	0.0	0.0	0.0	0.0052704942049228345	0.0008360652376916815	0.0	0.0	0.0	0.0	0.005986395248882281	0.0008165555950684171
AHCY	0.0	0.004293961975267018	0.003014279052341453	0.0	0.0	0.010377342744925687	0.01116459120067435	0.0	0.0	0.0	0.0	0.0026735020286203343	0.0
DYNLRB1	0.0	0.0035865475259459416	0.00401051172358001	0.0	0.0028407140112309067	0.004240866825814483	0.005896789549732745	0.0	0.0	0.0	0.0	0.0	0.01271337331991138
UQCC1	0.0076323532720511105	0.0	0.0005925654260153765	0.0	0.0	0.0	0.0	0.0	0.0010596690469622766	0.0023054412560065294	0.0	0.0	0.0050652458804223656
RBM39	0.002343868087418266	0.0	0.0	0.0018678465561075656	0.0	0.0	0.001587396804579205	0.010549759407932745	0.002832469542514871	0.0036660408854968106	0.0	0.0015842164312215338	0.0
SLA2	0.010426948701496758	0.0	0.0	0.0	0.0	0.0	0.0	0.0	0.00723332419833078	0.0	0.0	0.0	0.006756553238405582
SOGA1	0.0	0.0	0.0	0.00433962487912315	0.0	0.005870425101545493	0.00021262158050914897	0.0	0.0	0.0	0.0	0.010033484264146898	0.0
ZSWIM1	0.0	0.0	0.0	0.008701741540606323	0.0	0.0	0.003362477834556191	0.004923165685212152	0.0005253912488306534	0.008672236611084317	0.0	0.0030227217273527634	0.000905632113409845
CDH22	0.0	0.001339331723441991	0.0015571082917326836	0.0	0.00844936902911835	0.0	0.0	0.0014973553143559073	0.0	0.0	0.0	0.0	0.0
CTCFL	0.0	0.0	0.0	0.0	0.0030378156792716595	0.0	0.0	0.00915662122356774	0.0	0.011772147132511259	0.0	0.0	0.007003387713503492
FAM217B	0.004986298061929491	0.0	0.0	0.0013816232452821021	0.0	0.0	0.0	0.006734494396968489	0.0020069165002667894	0.006014104413544841	0.0	7.01296073381204e-05	0.0032404977208891545
ADRM1	0.0	0.0006420523258907016	0.0	0.0	0.0	0.0	0.0	0.0038485931172741314	0.00399669737937814	0.0	0.0019258145494036002	0.005226920464011721	0.009513247430017
HSPA13	0.004062051718056992	0.0	0.0	0.0031566143839874294	0.0	0.0	0.0	0.00825511618109622	0.0	0.007975932073128971	0.0	0.0029129076059272114	0.0077283489132105206
APP	0.008766442394213758	0.0	0.0	0.0022240064348657334	0.0	0.0	0.0	0.0035370537944847355	0.0004851803886618234	0.003959833941031196	0.0	0.004074177957100803	0.0
SETD4	0.0	0.001375353582383462	0.007668341814867861	0.0	0.0	0.005143311823789084	0.007423961486918707	0.0	0.0017920104946507808	0.000644817597751578	0.0	0.002123497316253456	0.0014360272633431093
SUMO3	0.0	0.0006090612160553248	0.0014413251674323603	0.0	0.0	0.004639432819386805	0.0	0.0003808827683302111	0.004490842904033781	0.0	0.0	0.0	0.0
PTTG1IP	0.0	0.0	0.0	0.0012239820480839437	0.0	0.0	0.0	0.004267864945765731	0.005750590670113897	0.0	0.015615169657504391	0.0	0.0
GP1BB	0.001104312600585712	0.0	0.0	0.0072829656000521405	0.0	0.0	0.0	0.006268601133159529	0.0025395261436311012	0.00640934371165145	0.0	0.006091626248784024	0.0
DDTL	0.0	0.0	0.0	0.0	0.011195935589389574	0.0	0.0	0.0	0.0	0.0	0.01243400244025552	0.0	5.7348363845427976e-05
C22orf31	0.0	0.0008962627888365157	0.006077585553293092	0.0	0.0006727416816999878	0.005904542267901736	0.009199575838684828	0.0	0.0	0.0	0.0	0.0016201162614109324	0.006291893057489366
MTFP1	0.0003901692522414892	0.0	0.0	0.003462408419584804	0.0	0.0	0.0	0.008353838889585628	0.01024408795320694	0.00516402565992867	0.000539027286006828	0.0	0.0006152179966925145
TCN2	0.0	0.0	0.010601802061506696	0.0	0.0	0.004205878658731797	0.007098965245677068	0.0	0.0	0.0	0.0	0.0	0.0
MORC2	0.007991579791686233	0.0	0.0	0.0	0.0	0.0	0.0	0.0	0.007522404948304788	0.004923597971218477	0.0	0.0	0.0
EIF4ENIF1	0.005915025794510371	0.0	0.0	0.0	0.0	0.0	0.0	0.0	0.003979673300982078	0.008353471917734874	0.0013360157054351795	0.0	0.0
IL2RB	0.0	0.0041387128335202555	0.005451290389906568	0.0	0.009485676333683038	0.0	0.0	0.0	0.0010667536530729362	0.0	0.0	0.0	0.0
FAM83F	0.0	0.004088222778476931	0.0	0.0	0.0012732740846278037	0.00011413302854578875	0.0	0.0006419511593097276	0.0	0.0	0.004626154110211774	0.0030658390324389407	0.0
PRR5	0.0007504059310556046	0.0	0.0	0.0032959790831022127	0.0	0.0	0.0	0.014933456585420479	0.005269051041494357	0.0018641746686963194	0.0	0.004037155645234909	0.0
KIAA0930	0.001508568974660987	0.0	0.0	0.008723542371258669	0.0	0.0	0.0034417747843730763	0.007169241088274443	0.001410074930116727	0.0	0.0	0.002294223634566591	0.0018360396591721242
ASB9	0.0006003743062843033	0.0	0.0	0.0	0.0	0.0	0.0	0.003020501678661013	0.01075643685152418	0.009235816252092178	0.00041744219086272	0.0	0.004942716924795452
APOO	0.0	0.0	0.0	0.0022804356820098804	0.0	0.0	0.0	0.008190279877347613	0.005144285499818155	0.008110963903597434	0.0	0.002181206911057782	0.0024056994163675193
PCYT1B	0.008333693938158577	0.0	0.0	0.0074662191752025405	0.0	0.0	0.005449230759811148	0.0	0.0	0.0	0.0	0.0	0.0
ZNF41	0.0	0.0052092081050655785	0.00959416994402259	0.0	0.004662621171327644	0.0	0.0	0.0	0.0	0.0	0.0	0.0	0.0
ZNF182	0.0	0.004184385694530974	0.0	0.0	0.011469652350038407	0.0013814618278145516	0.0	0.0	0.0	0.0	0.0	0.0	0.0
PORCN	0.002387068211885668	0.0	0.0	0.00782887906371607	0.0	0.0	0.0	0.0011657737057446254	0.00112923465827827	0.0	0.0	0.0	0.0
TRO	0.0	0.004048562528186186	0.0032803602522850812	0.0	0.010943628146550782	0.002039010173148127	0.0	0.0	0.0028728498763218404	0.0	0.0	0.0	0.0
IGBP1	0.0	0.0	0.0	0.0	0.0	0.00126478280624892	0.0074691019911885155	0.0009869494775898624	0.0	0.0020012767770276286	0.0	0.0020931722480784106	0.0
ATP7A	0.0	0.0027424584925814623	0.0030146122215650517	0.0	0.012300848343881022	0.0005094826927495733	0.0	0.0	0.0	0.0	0.0	0.0	0.0
TAF7L	0.0015497594338631396	0.0	0.0	0.00940585163282167	0.0	0.0	0.0	0.0	0.003421880121302949	0.011582754497792957	0.0	0.0040587460262324	0.0
ARMCX4	0.0022440165335717017	0.0	0.0	0.011625058302155947	0.0	0.0	0.0	0.0032939094896855315	0.004005965404713746	0.0033221317434390138	0.0	0.0	0.0
ARMCX6	0.0063256894495231355	0.0	0.0	0.009331633681213767	0.0	0.0	0.0	0.003670916656916818	0.0031546938152045424	0.0027313413496574583	0.0	0.0	0.0
ARMCX3	0.0	0.0	0.0	0.00912679320634962	0.0	0.0	0.0	0.0018904568833783008	0.0030943845466820078	0.013049788095801292	0.0	0.008152162684681838	0.0
GRIA3	0.009774686687552834	0.0	0.0	0.001795268670261969	0.0	0.0	0.0	0.0	0.005226287821211	0.0	0.0	0.0	0.0
ARHGAP36	0.0	0.0	0.0	0.012257810165949058	0.0	0.0	0.0	0.0011628667597057038	0.005961565815504594	0.002601621824025333	0.0	0.0029482213354641486	0.0
IGSF1	0.007038892170958606	0.0	0.0037456065989258367	0.0	0.0	0.0	0.0	0.0	0.00406905175554576	0.0	0.0	0.0	0.0
GPC4	0.0	0.0	0.0	0.0	0.0	0.00951184111464564	0.0	0.0	0.005274062217616697	0.0	0.012125444726155647	0.0	0.0
GPC3	0.0009219891321184957	0.0	0.0067617961550826946	0.0	0.0	0.0	0.006734215138321044	0.0	0.0009789541349375832	0.00379896817859902	0.0	0.0	0.01660152396310675
GABRA3	0.0	0.002145271588598821	0.0075716603640880445	0.0	0.0	0.005399764695054728	0.0	0.0	0.0	0.0	0.00018979097695746153	0.0023362093363361557	0.0
RAB39B	0.0	0.004566901686467035	0.00988021250193703	0.0	0.000848473785928893	0.0	0.0	0.0	0.0022015182157279403	0.0	0.008277615448570546	0.0	0.0
SH2D1A	0.0036551522740780958	0.0	0.00016394547001536883	0.002053775995706286	0.0	0.0	0.0035447735190803184	0.0	0.00425830544875078	0.0	0.0	0.0	0.0
