	S1	S2	S3	S4	S5	S6	S7	S8	S9	S10	S11	S12	S13	S14	S15	S16	S17	S18	S19	S20	S21	S22	S23	S24	S25	S26	S27	S28	S29	S30	S31	S32	S33	S34
10101327	0.0	0.003979616918524497	0.02077486160512371	0.0	0.0	0.0	0.01890854806349951	0.0	0.03612509322143197	0.0	0.0	0.0	0.047328807370792654	0.0	0.00912397593050271	0.013112306150675806	0.0	0.0	0.0	0.0	0.0	0.0	0.0	0.0	0.013710556599760762	0.014026202576926411	0.018189695480586472	0.0	0.0	0.0	0.0	0.0	0.0	0.0
10101589	0.01415390727585463	0.0	0.002021971558736682	0.0	0.0	0.0	0.0	0.004524345654295762	0.014955255710043329	0.003600058903137181	0.0	0.0024207641960543895	0.0	0.0	0.03207978997867077	0.0	0.0	0.0	0.0	1.1846721156115782e-05	0.0	0.02065264143324971	0.0	0.028671303964788213	0.0030472721739100966	0.06681716071386357	0.0	0.0	0.0	0.01527706836836716	0.0153671440292354	0.0	0.0	0.0
10221262	0.0	0.0	0.0	0.0	0.0	0.05205764732177712	0.0	0.005913866189462841	0.0	0.0	0.008276898339873004	0.014049875151562021	0.03319981297534609	0.0007855161268478249	0.004040843788149715	0.0	0.0	0.0	0.0	0.0	0.017747282652160058	0.0	0.0	0.02088666638981705	0.0	0.03622085363039424	0.0	0.0	0.012082808021643769	0.0	0.0	0.006609847907411753	0.0	0.0
10222853	0.0	0.0	0.0	0.0186500544418652	0.020750110562290924	0.0	0.026553624194278997	0.0527041661134009	0.007268089642891573	0.0	0.0	0.0	0.0	0.0	0.007460347172611939	0.009118465043157645	0.0	0.0	0.0	0.0	0.04050529093401458	0.0002769147891319095	0.0	0.009299621104110718	0.0	0.0	0.0	0.0	0.0	0.0	0.0	0.0	0.0	0.0
10248033	0.015214590944677921	0.0	0.044760723819726164	0.0	0.0013184987145447716	0.0	0.015493834245892376	0.0271778470798816	0.0	0.0	0.0011177769754427613	0.0	0.0	0.0	0.011394154024510213	0.004355252211172025	0.0	0.0	0.012142099661070424	0.0	0.021777656207002154	0.011692724728724692	0.013520860678729929	0.0037519678246305897	0.0	0.0	0.0	0.0	0.0	0.0	0.0009182822447021738	0.0	0.0	0.0
10298957	0.007446899049394677	0.0	0.023869149326704316	0.0	0.024582582419075266	0.0	0.0	0.0	0.0	0.0037261607795310374	0.0	0.06787880776535703	0.058878758231095014	0.0	0.0	0.0	0.0	0.0	0.0	0.0	0.0	0.0	0.0073709567770491626	0.0	0.0	0.0	0.0	0.0	0.0	0.0	0.0	0.0	0.0008550107342662343	0.0
10435090	0.030700102746977657	0.0	0.0	0.0055060398112765155	0.03398334592226909	0.0	0.008480394692470831	0.0	0.0	0.0	0.0	0.0	0.002028644127733011	0.0	0.00015472105673981738	0.01745342940033037	0.0	0.02395600949367848	0.0	0.0031610453741509606	0.04222811542441501	0.0	0.0019371585099131022	0.0	0.0	0.0	0.0	0.002539150707009278	0.0	0.0	0.018245026436868563	0.0	0.0	0.0
10684501	0.03415675879148356	0.0	0.017453946830120644	0.0	0.0	0.0	0.009568546833299258	0.0	0.0	0.005681873303193089	0.0	0.0	0.0	0.015144111357331526	0.024775155043614515	0.0	0.014263715304430869	0.0	0.011756545126749533	0.0	0.02198002960062909	0.0	0.0	0.0	0.0	0.0	0.0	0.0	0.0	0.0	0.0	0.04578488626281492	0.0	0.0
10866165	0.009266406142682294	0.0	0.0	0.0	0.0	0.006792091553591487	0.0	0.0701180800881272	0.0	0.03294449562958999	0.02122995255551044	0.016479517631432912	0.0	0.0	0.0	0.0	0.0	0.008594298862260267	0.0	0.0	0.0	0.012699777789150725	0.0	0.0	0.0	0.021133212462191547	0.0	0.005366124822208544	0.0016412808011105383	0.0	0.0	0.0	0.0	0.0
11157783	0.0	0.021942646035154747	8.618657002654137e-05	0.0	0.0	0.007835779555636028	0.0	0.023441793286318027	0.016478094974020755	0.008302821662681741	0.010071091901389608	0.0	0.0	0.0	0.0010634194164427123	0.0	0.011314175344166894	0.01191542695934221	0.0	0.0	0.0010070440966127312	0.0	0.0	0.0036143635581317025	0.002863732968189871	0.0	0.03312756297630424	0.0	0.0058867613974310845	0.0	0.05823862543107875	0.0	0.0	0.0
11319389	0.0	0.020257380690883002	0.003105545241610839	0.0	0.0	0.0	0.020678920626392865	0.0	0.0	0.012598735695555183	0.01445423568849604	0.0	0.0073713027008068125	0.0	0.0	0.0	0.021080812177558972	0.0	0.0	0.0	0.016123861749027482	0.009492741413637077	0.0	0.0	0.0	0.055861891429234437	0.0	0.0	0.0062681027066861395	0.0	0.0	0.03023132068183566	0.0	0.0
11326252	0.02271135348499304	0.0	0.011221665574714207	0.011333309575180002	0.01087990694123031	0.0	0.039851034310529485	0.012662160060481896	0.0	0.0	0.0	0.0	0.0	0.012019516383577459	0.012413184788750661	0.0	0.0	0.0	0.022901619209066526	0.00043208738199093227	0.0	0.0	0.0	0.0	0.0	0.0	0.0	0.0	0.0	0.0	0.0	0.030775293060770845	0.0	0.0
11327005	0.03164942525535484	0.0	0.015268498443255797	0.0	0.0	0.0	0.0	0.009801097504535785	0.0028071683643976866	0.0	0.0	0.0	0.007598037355226187	0.0	0.0003372222884398474	0.0	0.004945304589707615	0.0	0.008283712035672637	0.0	0.04426253692234856	0.0	0.0	0.0254376655247415	0.008566196863454703	0.0	0.0007245160534848752	0.0	0.024645235971596586	0.019286630477658794	0.0	0.0	0.0	0.0
11345331	0.051807099027312134	0.0	0.005894980733268147	0.025092624456429763	0.03245788381475569	0.001225544156609219	0.002673572761020624	0.0	0.0	0.0	0.0	0.018411215432645362	0.0	0.00428270663925327	0.0	0.0	0.0	0.0	0.0	0.0	0.0	0.0	0.0	0.0	0.0	0.006782049356317932	0.0	0.0	0.0	0.0	0.0	0.01923419598157351	0.0	0.02043004021827607
11392518	0.04011029448363329	0.0	0.009392182558962443	0.027829110549364804	0.024034664693913067	0.0	0.0	0.0	0.0	0.0	0.0	0.026323778254481258	0.0	0.022496470446558527	0.01775276052937538	0.0	0.0012024489564408688	0.0	0.0	0.00608721380923205	0.0018748989555266958	0.0	0.0	0.0	0.0	0.0	0.0	0.0	0.0	0.0	0.0	0.0	0.0	0.0
11413170	0.0	0.0	0.0	0.0	0.016586052869197634	0.0	0.0465308670105508	0.0	0.0	0.05634668494207078	0.0	0.0	0.01656754201395997	0.0	0.008107917411763713	0.0	0.0038994771573118317	0.0	0.0	0.0	0.0	0.0	0.0	0.0	0.0	0.0	0.0	0.0	0.021732458233239917	0.0	0.0	0.012416169818462398	0.0	0.0
11453772	0.01976841727976741	0.0	0.0	0.0865340659713699	0.0	0.008191475092054517	0.0	0.0	0.0	0.005365887040215221	0.0	0.0	0.0	0.0	0.002281248766876255	0.0	0.001349452265704931	0.009872858281966655	0.0	0.0	0.009488417284259221	0.0	0.019091786248467392	0.0	0.0	0.0	0.005539602695249565	0.0	0.0	0.023800802889912986	0.0	0.0	0.0	0.017164310829483186
11606935	0.05478084381702481	0.0	0.0	0.03414672695155493	0.021507702898373185	0.00261121223771116	0.01585598125029581	0.007418028576901484	0.0	0.0	0.0	0.0	0.0	0.0	0.0	0.0	0.0	0.0014873573483494258	0.0	0.008185904999702703	0.0014627097778418753	0.002636695744217276	0.006356884537314066	0.0	0.0	0.0	0.0	0.0	0.0017769270647273244	0.0	0.003997639251258078	0.00822388917275741	0.0	0.0
11616707	0.0	0.0	0.011141984392718289	0.0	0.009925003660975864	0.0	0.0	0.0	0.0005891730011203542	0.014160589499566563	0.0	0.0	0.014994045679844647	0.01402228579734386	0.011276746794382843	0.0	0.013354426032364742	0.0	0.0	0.017353390115647203	0.045912959643849595	0.0	0.0	0.0	0.01714059078106377	0.0	0.0	0.0	0.02191620575473456	0.0	0.0	0.026906626453173113	0.0	0.0
11619606	0.0	0.0	0.01870503803302842	0.0	0.0	0.0	0.0005218062565883857	0.02245077296670715	0.004346095876810104	0.01661719579638121	0.0	0.0	0.0	0.019130347822357948	0.020591859826860962	0.0	0.0	0.0	0.0017409114802244424	0.0	0.0	0.0	0.0	0.0	0.00918980932395466	0.0	0.012204988538408392	0.0	0.08293713755907041	0.0	0.0	0.04385560725502568	0.0	0.007294225692645423
11652071	0.0	0.010518815657277773	0.0	3.521481533424097e-05	0.0041736600503454934	0.0	0.03530509674631082	0.034126366812137446	0.0	0.042167551593843056	0.0	0.0	0.0	0.021036927779448458	0.016786391547561574	0.0	0.0	0.0	0.0	0.0	0.0	0.019512696044166545	0.0	0.0	0.0	0.0006118874312411319	0.0	0.0	0.0064544702223589085	0.0	0.0	0.0	0.0	0.0
1243685	0.0	0.011079285652172064	0.0	0.0	0.045524863446181764	0.0	0.0	0.0	0.0	0.003567074254769812	0.009438355560569526	0.0	0.02898986842897976	0.0	0.0	0.0009255889181959744	0.0	0.013149692006106684	0.0	0.0	0.0158115363313215	0.0	0.0	0.0	0.03338766004458153	0.0	0.0	0.032817499022449084	0.008155112359575912	0.005270472836349177	0.0	0.0	0.0	0.0
14498577	0.0	0.013445948604897812	0.0	0.0	0.014989896203878092	0.008194255808772012	0.010398881262530536	0.017731385501393065	0.0	0.0	0.0	0.011919950018020362	0.0	0.0	0.011079484428112652	0.012852862137235795	0.0	0.016250401414031914	0.0	0.0	0.0038274379361727924	0.009685248640170268	0.02203870775949399	0.03259276943358959	0.0	0.01996929095187561	0.0	0.0	0.009177812145551877	0.0	0.0	0.010001932400021089	0.0	0.0
14641578	0.0	0.0	0.007520466573793702	0.0	0.006442288132024088	0.0036803530559018378	0.019484375527739753	0.0	0.0	0.0	0.017702267908278904	0.03209983916603724	0.012209057358961243	0.0	0.0	0.0	0.018863185870439638	0.0	0.01921300325711518	0.0	0.0	0.0	0.0	0.0	0.0305780632157645	0.03237258649164172	0.0	0.0	0.0	0.01872686838923101	0.0	0.0	0.0	0.009038566864911125
15387421	0.0	0.0	0.02823407716007456	0.0	0.0	0.0	0.0	0.0	0.01193757953309539	0.0	0.0	0.0	0.0	0.0	0.07149994985676035	0.0	0.0	0.023185972563397616	0.009932663787200938	0.0	0.0	0.0	0.0	0.0	0.0	0.0	0.006888391303139366	0.0	0.0	0.0	0.07861517019429957	0.000683937315915329	0.0	0.0
18414513	0.0	0.03270750663783363	0.0	0.0	0.0	0.0	0.007275586293217113	0.0	0.0	0.0021369521387344325	0.021685404266548133	0.0011162486137820495	0.021839230042025506	0.0	0.0	0.03145892027546448	0.01807425925620164	0.0	0.0	0.0	0.005729076053629212	0.0	0.005431035933160648	0.001555541445370826	0.012211242483889183	0.007367056942080168	0.0	0.0	0.0	0.03233458328817009	0.0	0.0	0.0	0.0
20112377	0.0	0.009140950141696481	0.012096317386362458	0.0	0.005726437167017449	0.0	0.00028111051017035534	0.004721538967362089	0.02042571247126962	0.0	0.003319692620883347	0.0	0.041007433753680024	0.0	0.0	0.005544901939517719	0.003927376486574859	0.013365757077791135	0.0034648632098141998	0.0	0.022000722887104435	0.0	0.0	0.0	0.0	0.0	0.03015616414669252	0.0	0.0	0.03504382741236646	0.0	0.0	0.0	0.0
20120255	0.0053076544496566316	0.0	0.033954892258804915	0.041884651498090716	0.015779493555281632	0.0	0.006693606390430537	0.003791095340363886	0.0	0.0	0.0	0.0	0.0	0.01181012755303559	0.041622372486049684	0.0	0.0	0.0	0.0	0.028437298453297007	0.0	0.0	0.0	0.0	0.0	0.0	0.0	0.0	0.0	0.0	0.0	0.0	0.0	0.0
20124619	0.0	0.0	0.0	0.0	0.0	0.0	0.0	0.024463125549152823	0.0	0.015927370245593372	0.0	0.0	0.0	0.0	0.004079225195555718	0.007714731269383694	0.006739412054830943	0.0	0.0	0.014883907465699928	0.0	0.003886285557163804	0.0	0.1281668674682068	0.024822570787010324	0.0	0.0	0.0	0.0	0.0	0.0	0.0	0.0	0.0
20139562	0.0	0.0	0.029906361196824605	0.0	0.02901619749485319	0.0	0.023252094035893824	0.013831082670491674	0.0	0.0	0.0	0.00012004882811049927	0.01823887742505933	0.0	0.006306524072317439	0.000987962759055533	0.0	0.0	0.025799788374787937	0.004013792875163582	0.0	0.0	0.00887487393058771	0.02136671558177614	0.025003986213381665	0.0	0.0	0.0	0.0	0.0	0.0	0.0	0.0	0.0
20147440	0.0	0.013898082370128406	0.008464930137130513	0.0	0.0	0.005645786115926194	0.0	0.0	0.009996170164041588	0.0	0.0	0.0	0.015373691852495317	0.0	0.017085092191333598	0.0	0.04473098119197073	0.0	0.0	0.0	0.0	0.012223709638868159	0.0	0.0	0.0	0.009321621866800621	0.044741061992787004	0.0	0.0	0.00044730323067232366	0.014422742684108916	0.025612147584651662	0.0	0.0
20152393	0.0	0.0	0.002943372812798264	0.0	0.0	0.0024037567769990874	0.04241007000206142	0.017562784338132315	0.0	0.0	0.0040006046585849015	0.0	0.005782237919105323	0.030268530091885567	0.0	0.0	0.0	0.0	0.026866806327032818	0.0	0.029558014678805658	0.0	0.0	0.0	0.02420340066938136	0.0	0.0	0.0	0.0350851534496262	0.0	0.0	0.0	0.0	0.0
20156469	0.0	0.0585119048855864	0.0	0.0	0.007043730529629829	0.005030387677123711	0.007875383774113922	0.012667161207014535	0.0074955253044435175	0.0	0.004220371096716682	0.0	0.0	0.017759233353590774	0.0003371896585679628	0.01654942833877401	0.007585033592227537	0.00022649882291820106	0.0	0.0	0.013655571315636451	0.0017699455222192153	0.0007702439479428335	0.0	0.0	0.0	0.0	0.0	0.005932750718234911	0.005511231185595015	0.003937847010719191	0.0	0.01641912985110319	0.0
20173942	0.0	0.016978090653584875	0.027778418648799513	0.0	0.0	0.0	0.0	0.0	0.0047643156405714985	0.0	0.03491093816317852	0.0	0.0	0.026524653522528616	0.0	0.0	0.0	0.0	0.0	0.0	0.01575265532656879	0.0	0.0	0.0033288380695967023	0.0	0.0	0.0	0.02287805365897506	0.03168699481410854	0.01052685727216847	0.005268110573729307	0.0	0.0	0.0
20185860	0.0025896705852791364	0.0	0.005738210068653644	0.0	0.0	0.0	0.004286050961350801	0.0	0.0	0.0	0.0	0.0	0.0	0.0	0.013918943740723774	0.0	0.008140205327405612	0.0	0.041263557241962644	0.0	0.0	0.0	0.0029697539224768643	0.0	0.0034572634832602863	0.0	0.0	0.0	0.0	0.0	0.0	0.05053548398050203	0.21663925020901603	0.0
20187042	0.0	0.0	0.0049624642340238365	0.0	0.0	0.0	0.0	0.0	0.01009288568120736	0.03164816555463384	0.00047487191508388733	0.0	0.04305841948146007	0.0	0.0	0.004201384901006783	0.0231927381574714	0.0	0.0	0.0	0.0	0.0	0.0	0.0	0.0	0.00554948283843775	0.06810726562414067	0.0	0.0	0.012662639883005656	0.0008288232350286541	0.0	0.0031107969630513642	0.00044954457674866696
20195344	0.004441896435714093	0.0	0.00035318137634105336	0.0	0.0	0.0	0.008807198704701369	0.0	0.0	0.0	0.0	0.0	0.0	0.0	0.0	0.026118971161200696	0.012463766908079332	0.01049737529424894	0.008458189104797948	0.0	0.013756039029496398	0.04057356859809364	0.0	0.027348424563590372	0.014927422541650075	0.0	0.0	0.0	0.0	0.017957071195176262	0.0	0.05014499404014965	0.003071853469445111	0.01270143422347804
20197364	0.0	0.019796900236542778	0.00559028574354735	0.0	0.0	0.0029103982281840786	0.0	0.0	0.01472247338037534	0.0	0.0	0.01414874206404649	0.02846979424039714	0.0	0.0	0.0	0.0070407591958958175	0.0009311084787882023	0.006451376447078581	0.0	0.0	0.0	0.0	0.024285482734513652	0.006896141562423433	0.02128344392796477	0.031517542228142945	0.028233800014747328	0.0	0.0063475971991888815	0.0	0.0	0.0	0.0
20204538	0.0	0.006874112623183448	0.009515538944785028	0.0	0.024507994581074808	0.001004721616416652	0.017608114400372455	0.0	0.0	0.0	0.0007626878807202675	0.0	0.05430258928341631	0.02610138512294578	0.0	0.005368812842412364	0.0	0.0	0.0019086313042081787	0.0064423156897952276	0.0	0.0	0.0	0.0	0.01466346886947105	0.0	0.030691427567179554	0.007480133016604546	0.0	0.0	0.0	0.0	0.0	0.0
20214850	0.0	0.04296240198419142	0.0	0.0	0.0	0.0	0.0	0.0	0.0	0.0	0.0033873110059874085	0.0	0.01803785659386415	0.0	0.0	0.0	0.01923612396521274	0.0	0.0	0.0	0.0	0.0	0.08601337354907228	0.0003455148695636051	0.020584127157458852	0.03209769547285842	0.0	0.0	0.0	0.0	0.0	0.0	0.0013897798390387235	0.0
20225925	0.0	0.0	0.0	0.0	0.0019576636391459455	0.0	0.01872711976722348	0.0	0.0	0.0	0.02446249221966749	0.0	0.0	0.016536573396427542	0.0	0.0	0.008832669644431725	0.036353417227923394	0.0	0.0	0.0351057523690162	0.0	0.0	0.0	0.0	0.042981271142743	0.0	0.0	0.0	0.010910746136789948	0.0	0.0	0.0	0.06275880800113176
20232474	0.0	0.0	0.0	0.0	0.0	0.0	0.0161737684750078	0.018722393375467175	0.0	0.0005836563426585677	0.0	0.0	0.0	0.006856725571408363	0.02731725281115711	0.0	0.0	0.00401729244898219	0.0	0.0	0.07598176168742482	0.0	0.0	0.0	0.06048379807785018	0.0	0.0	0.0	0.0	0.0	0.0	0.005920469921368254	0.0	0.0
20242958	0.03542023175705983	0.0	0.005976161434747065	0.03150566228047169	0.031242674775731193	0.0	0.00894780750491802	0.012104915684214646	0.0	0.0	0.0	0.0	0.0	0.024660753635989453	0.0	0.0	0.0	0.0	0.0	0.008647265504253189	0.0	0.009077794543147685	0.0	0.0	0.0	0.0	0.0	0.0	0.012189404747345147	0.0	0.0	0.0	0.0	0.0005325213121952919
20251553	0.02387295525984857	0.0	0.0	0.0	0.004006153378933155	0.0	0.005743752973163893	0.0	0.0	0.019939227150340313	0.0	0.002267065705546571	0.0	0.0	0.0	0.0	0.040392459468578765	0.0	0.0	0.0	0.00021783887572115557	0.0871793065042763	0.0	0.004349132498304256	0.0	0.0	0.0	0.004007479162570918	0.014186981135533029	0.0	0.0	0.0	0.0	0.0
20252720	0.027278023264854265	0.0	0.0	0.0	0.0	0.0	0.0204925802276239	0.0	0.0	0.002661248906920063	0.0	0.0	0.0	0.0	0.0	0.0	0.0	0.0373870052476451	0.0	0.0	0.07227835687861256	0.0	0.0	0.0	0.01948350445319633	0.0	0.0	0.008640915487975534	0.0	0.0	0.0	0.004957807393546146	0.011055394143855693	0.0
20254902	0.0036117083415794253	0.0	0.005279415605897682	0.0	0.0	0.008879444938345285	0.0009716523411687412	0.0045604163574611625	0.0	0.0	0.0	0.0	0.0002538413941298094	0.011938026832503543	0.0	0.03187528732237499	0.0032569649809023856	0.0	0.0	0.00919918022556951	0.0	0.017664454880751485	0.0	0.0	0.0	0.0	0.01657373946086887	0.020902951750198573	0.0	0.09545069237094442	0.01756376533276444	0.0	0.0	0.0
20260284	0.0	0.0	0.0	0.0	0.0	0.017252660987944392	0.0	0.023305151671497736	0.008226873223519294	0.0	0.0	0.0	0.0	0.006497815792558308	0.030496080838607022	0.0028191483720162954	0.0	0.00760825531004788	0.0	0.0015377861172941449	0.03962270300992174	0.0	0.0	0.0	0.0	0.0	0.018648054119692354	0.0	0.0	0.0622940168025203	0.0241068313801344	0.0	0.0	0.0
20267709	0.0	0.0064719433597160555	0.011469721166197102	0.0	0.0	0.0	0.03013908768015537	0.0	0.0	0.007887609223171901	0.0	0.0	0.0	0.0	0.005400597817732649	0.0	0.01737051403186759	0.024010421032101516	0.04388268500118731	0.012861811508175409	0.0	0.020212966469511866	0.0	0.0062029998006462896	0.0	0.0030602127031337236	0.004270150597291932	0.0	0.004350576121681084	0.0	0.0	0.01025480058910159	0.0004959999198315936	0.023393764207376
20271359	0.029660563663036113	0.0	0.0058168250408988705	0.01881119287361806	0.009327913077996713	0.0	0.03420978259515037	0.0	0.0	0.0	0.0	0.0	0.0	0.029858490288208153	0.0	0.0	0.004516068201834456	0.00812935716836387	0.005125289291194559	0.00568059642421213	0.0	0.0	0.0	0.0	0.0	0.0056286622077943126	0.0	0.0019742269063019523	0.0	0.0	0.0	0.021167676807245912	0.0	0.026274925471817867
20275399	0.006802508447716118	0.0004135321130472244	0.0	0.0	0.015156993920278212	0.018003564466533128	0.026933452542886982	0.004496487758669154	0.0	0.0	0.0	0.0	0.006046393898451641	0.01962554346082076	0.0	0.01177246943805575	0.02073621430572414	0.004221420067460847	0.0	0.008013980917795909	0.0	0.005445302043355058	0.0005205708329242117	0.0	0.0	0.0	0.0	0.0	0.007987504891655027	0.0	0.0	0.047835080052473056	0.0	0.016667180557312897
20283691	0.0	0.0	0.01286014676952392	0.01964691682332758	0.008843379506997586	0.018477128422241345	0.0	0.0	0.004790331233612561	0.0	0.0	0.03604722096785751	0.0	0.0	0.039646342339650587	0.020913355053368353	0.0	0.0	0.025177711894660736	0.0	0.0	0.0033907932978649367	0.025792483642458282	0.0	0.0	0.0	0.0	0.0	0.005664088440293179	0.0	0.0	0.00012029823283265365	0.0	0.0
20299973	0.0	0.015478948834873739	0.0022487122550639196	0.0	0.0	0.00572555937696684	0.013070376481204458	0.015783899109610547	0.0	0.01757435519639078	0.010552709156670647	0.0	0.0	0.040940867571817134	0.0	0.004822981252666256	0.0	0.0	0.0	0.01820399622169957	0.0035160013519945636	0.015620005228938449	0.0010458341602027025	0.0	0.0	0.0	0.02614363809954517	0.0	0.01081552987576298	0.0	0.002793699190494148	0.0	0.0	0.0
20358955	0.002749751039918024	0.0	0.0	0.021313024739548287	0.0472442279755528	0.0	0.021910823630888098	0.0	0.0	0.0	0.0	0.00781964329003945	0.0	0.003430684683040038	0.011040116587234453	0.0	0.0	0.0	0.0	0.029755066412446678	0.0	0.0	0.0	0.0	0.057649627196768	0.0	0.0	0.0	0.0	0.0	0.0	0.0	0.0	0.0
20376029	0.0	0.016661155096010353	0.0	0.0	0.0	0.0	0.0	0.0	0.0203998969604965	0.0538882578278352	0.032499475744125414	0.0	0.0	0.0	0.0	0.0185662843895532	0.013223469883318488	0.008454580753556104	0.0	0.0017921756950997297	0.0	0.0011902784901205346	0.0	0.0032512595564710947	0.0	0.0	0.0387179346704898	0.0	0.0019085331955958676	0.0	0.0	0.0	0.0	0.0
20380417	0.0	0.0	0.0	0.0	0.0	0.0004278721455479063	0.011488126264980848	0.0	0.0402514263518277	0.00609702482859849	0.0	0.0	0.0077938523175156964	0.0	0.022671250249147394	0.0076201772169174065	0.0	0.0	0.03541136885864276	0.0	0.0	0.0	0.0	0.024792567021697465	0.0	0.042972147529446676	0.011906749457973926	0.0	0.0005982615660094042	0.0	0.0	0.0	0.0	0.0
20390027	0.0	0.035258010062838685	0.0	0.0	0.0	0.0	0.0	0.0	0.00391615554098751	0.020556712294547766	0.052920836800935955	0.0	0.0	0.02263112228563968	0.0	0.0	0.0	0.0	0.0	0.0	0.003684540190727668	0.0	0.0	0.0	0.06052093651900239	0.0	0.0	0.0	0.0038427913236994257	0.0	0.0	0.0	0.0	0.0
20447343	0.0	0.00955613356164201	0.0	0.0	0.0	0.036275010559672465	0.0	0.015230446573057783	0.0198162905908024	0.0	0.0	0.009212997414827954	0.0	0.0	0.002130394570219218	0.0	0.0	0.003442270701189958	0.0	0.0	0.0	0.011406052958163663	0.0	0.006116563072054957	0.0	0.0329991968129011	0.0	0.0	0.08604232978605135	0.0	0.0	0.0	0.0	0.0
20453625	0.0	0.021912603130048603	0.0	0.01215123873649749	0.020530027254087892	0.009145909152361631	0.003654232946935483	0.0	0.008289053203036856	0.0	0.0	0.007335174594329967	0.008037316071030033	0.014082594539493168	0.0	0.02675423009423588	0.010393790722997006	0.01303842064564433	0.0018698647945278137	0.0	0.011053547069572373	0.0	0.0	0.0	0.0	0.001688033424564923	0.0	0.0	0.0	0.0	0.0	0.014702524156060309	0.0	0.01908467049746323
20500815	0.0	0.0	0.0012038718849399978	0.0	0.0012355086088575655	0.0	0.0	0.0	0.006317522330609205	0.04757197704394834	0.08399298541358977	0.0	0.0	0.0	0.0	0.0	0.011257313546983895	0.00016916722976573843	0.002002053552829879	0.0	0.0	0.0	0.0	0.004782103045866727	0.0048796399531819586	0.0	0.0	0.030736188416269163	0.0	0.0	0.0	0.0	0.0	0.0
20501668	0.0038575030291182408	0.0	0.02040704760953793	0.0	0.0021009268747966673	0.0	0.019126897981832713	0.00583812093529016	0.0	0.0	0.02753854282986511	0.0	0.023135204150832825	0.030706780160673103	0.0	0.004242093957013878	0.006189332165011436	0.013561951503966004	0.0003662072754449989	0.02546372175955336	0.0	0.0	0.0	0.0	0.0	0.0	0.0	0.0	0.0	0.006246712178329363	0.009076773691822256	0.01271562303368482	0.0	0.0
20532115	0.0	0.0	0.0	0.0006968809045307268	0.0	0.007158969505587818	0.0	0.04729690772563931	0.0	0.0037858371794851496	0.0	0.0	0.0	0.007707554472555166	0.0	0.011041052019062818	0.005670863201870491	0.0	0.0	0.026670178994874453	0.0	0.0	0.09346347696117546	0.0	0.0	0.004209127979421891	0.0	0.0	0.0325109707324016	0.0	0.0	0.0	0.0	0.0
20559562	0.018949318791346488	0.0015343906400539658	0.0	0.02275436481401883	0.003096987547923045	0.004610047226930861	0.0015641662934943686	0.0	0.0	0.0	0.0	0.012829325908390135	0.0	0.017290126660763957	0.0	0.005358697492253704	0.002357102979265094	0.003671586824345341	0.0	0.00018332785913412485	0.0	0.009951846233979636	0.09905170216726299	0.0	0.0	0.008794103658709395	0.0	0.0026711002265513463	0.00621381634330519	0.0	0.0	0.0	0.0	0.01875846037603347
20561642	0.0	0.04436772534343638	0.00024393524600437364	0.0	0.030002402323585996	0.003824750403118232	0.0	0.0	0.009463804543884834	0.0010504010460553998	0.0	0.0	0.021852206976553806	0.0015481862580134643	0.007509777559375596	0.03703380420112138	0.014554684522781995	0.0	0.0015058109097821405	0.0	0.0	0.0	0.0	0.0	0.0	0.0	0.0	0.0	0.0	0.0	0.0030836902162382825	0.0037616845951136397	0.0	0.0
20594407	0.02020840730102185	0.0	0.0	0.0	0.015707073548548816	0.0	0.027770172942910874	0.030658864345921844	0.0	0.0	0.0	0.0	0.0	0.010776810284174584	0.0	0.007544706712160511	0.0	0.0	0.0	0.0	0.02264239469646853	0.00596994099630055	0.000902186754512064	0.0	0.0	0.021213687776289757	0.0045015381233742225	0.0	0.0	0.0	0.019091208591479406	0.0	0.0206233077011887	0.0
20630946	0.0	0.004112086790376593	0.0	0.04893218769766922	0.017956531592627122	0.03657538777814149	0.0	0.018440362045686363	0.0030088154191442694	0.0	0.0	0.010160430412590375	0.0	0.0	0.0	0.00543075717101155	0.008966896451634078	0.0017007697834374106	0.0	0.03438413805066102	0.0	0.0	0.0	0.0	0.0	0.0	0.0	0.008624844229405343	0.00020422085585265686	0.0	0.0	0.0	0.004170824053223017	0.0
20674902	0.0	0.016263285330466205	0.02310003343756298	0.019441346361913154	0.0028797654866563123	0.009182766829046295	0.0	0.0	0.0	0.009590469697131128	0.0	0.0	0.0	0.01623710625440528	0.00027528300895440696	0.029379942450426574	0.0	0.005712473037797876	0.0	0.03925757400691255	0.005979848551184965	0.017477075823381046	0.006006426043471028	0.0	0.0	0.0	0.0	0.0	0.009577704316121234	0.0	0.0	0.0	0.0	0.0
20706215	0.0	0.017920287780437902	0.0	0.0	0.0	0.026492064273872976	0.0	0.0	0.0	0.0	0.032107121518259174	0.0	0.0	0.0	0.0	0.002313239972522481	0.0027132176701335662	0.014852714540441854	0.0	0.0	0.0	0.018841702696337583	0.0	0.009550877421446483	0.004468111204933684	0.0	0.0	0.0	0.09843263747100128	0.012034072310905388	0.0	0.0	0.0	0.0
20819999	0.0	0.02651305943736657	0.0	0.0	0.0	0.03788197151817723	0.0	0.0037822571665086756	0.011268013380360811	0.0	0.0	0.0009805345168407934	0.0	0.003369779933430882	0.008144060216280623	0.0044588843216483405	0.006506357484807096	0.00024677448448088163	0.008787919869663666	0.0	0.00013997386357407038	0.002781697681057994	0.0	0.05806793602919966	0.0	0.006372696645074292	0.0	0.0	0.036889893679092275	0.0	0.0	0.0	0.0	0.0037723749092723985
20865035	0.004441156723636114	0.0	0.0078070296255437965	0.03874426204320092	0.0	0.022699532198948786	0.0	0.00014801380762329805	0.005131927825074353	0.0	0.0	0.029566695790501425	0.0	0.01789278876098173	0.0	0.0	0.0	0.0	0.01573781133584271	0.07026098266196816	0.0	0.0	0.0	0.0	0.0	0.0	0.0	0.009395377906833716	0.0	0.0	0.0	0.0	0.0	0.0
20892128	0.0	0.0	0.005128071172640449	0.0	0.0	0.027605528333238788	0.0	0.0	0.0	0.0	0.03425537688791096	0.0	0.0	0.017220720090609987	0.0	0.0	0.0	0.010772227038372403	0.019866638837357772	0.0	0.0	0.0031612886955698387	0.0	0.0	0.0	0.0	0.0	0.10034398561122332	0.007551894717095438	0.0008921339086815858	0.0	0.0	0.0	0.0
20898476	0.0	0.03484582790288988	0.015147084001116652	0.0	0.0	0.002770592422201089	0.00021058897849167237	0.0	0.03661847887972012	0.000475343843378883	0.00874584112627614	0.0	0.0	0.025670785032990803	0.0	0.017884126912398778	0.00018927557183529023	0.0	0.0	0.0033957086783223517	0.002183570532784507	0.0021182492814859253	0.00932355397392524	0.0	0.0002442201746172693	0.00773691419349807	0.001395496491597146	0.0	0.0	0.0	0.015045427470507714	0.00781027393057187	0.0	0.0
20906079	0.002821165563476309	0.0	0.0006878728975671431	0.0	0.0	0.0	0.013491918719974261	0.0	0.0	0.0	0.0	0.0	0.0	0.0	0.00331949075472607	0.0	0.0	0.0	0.024245944360584804	0.0	0.0	0.062162234468800724	0.0	0.0	0.0	0.009941717100520083	0.04162469864935898	0.0	0.03610009365457841	0.0	0.042091744250883745	0.0	0.0	0.02255418430588788
20914669	0.011143970304544072	0.0	0.007089338215023379	0.08262939195826773	0.0	0.02726973166129853	0.0	0.0	0.0	0.0	0.0	0.0	0.0	0.0	0.0	0.0	3.5832849859386205e-05	0.004418789869861182	0.0	0.0	0.018199817403831097	0.0019204615307320063	0.0	0.0	0.0	0.0	0.0	0.0	0.029465328209475467	0.0	0.0	0.0015659589155497028	0.0003254530640916875	0.040208526870772275
20920239	0.0011593922549908028	0.0012018688977916444	0.0	0.0	0.009217689768128628	0.022382256513644068	0.0	0.006136330207063334	0.002187029251090995	0.0	0.0016822574575778425	0.020041715239662913	0.0014180146971259965	0.05189826563483363	0.0034667368765337807	0.0005969563879670178	0.004613456816463846	0.0	0.03308185227700992	0.0	0.0	0.0	0.0	0.004545507222810711	0.030779128305577077	0.0	0.0	0.017768808655558063	0.0	0.0004761781045361708	0.0	0.0	0.006024373632574601	0.0
20922259	0.0	0.009896995659201265	0.0	0.009799617393962734	0.0	0.033371630084357076	0.0	0.0	0.004654226347185538	0.0	0.0	0.0	0.0025627967314728597	0.0	0.03248299074209996	0.020857320734325988	0.009734010062802024	0.0	0.021256745594248627	0.0	0.034484610088253285	0.0	0.0	0.0	0.0	0.0	0.002781936148422936	0.0	0.0	0.0	0.0	0.0230117474226834	0.011910758043643836	0.0
20925996	0.0	0.02726175688247375	0.023853189343875314	0.0	0.0005312551698936958	0.0	0.0	0.009988688131686373	0.013492218947489169	0.017083720838871976	0.013026748888464024	0.0	0.015075472726845214	0.007562360863319985	0.0	0.0016682995806811532	0.0	0.016757478892038793	0.0	0.0	0.0	0.0	0.0	0.0	0.0	0.0	0.01460251179024381	0.01594582883915389	0.0	0.0	0.018362263434514237	0.0	0.0	0.0
20933324	0.0	0.0243734069663283	0.0	0.0	0.020847886474478192	0.0	0.017913325202665628	0.0	0.017526751496858096	0.0032974725167005	0.0	0.00823749164855824	0.011767461880803621	0.0	0.011028553918105635	0.008469213662723823	0.020588357067892273	0.0	0.00880539224771023	0.0	0.004508446881349034	0.0	0.0	0.0	0.014401853006633226	0.022764819286492093	0.002940289439494289	0.0	0.0	0.0	0.0	0.0	0.0	0.0
20946545	0.0	0.0	0.0	0.0	0.0	0.0	0.0	0.007165926529478216	0.006393717970281992	0.001756618186684737	0.0	0.0	0.0	0.0	0.0	0.0042328547916761945	0.0	0.0	0.0	0.0017929218652550127	0.0	0.0	0.0	0.0	0.0	0.0	0.002496359815756206	0.0	0.0	0.0	0.0	0.0	0.38186563470203605	0.0013935497744239874
20964295	0.03566403692157453	0.0	0.0	0.006490478426131632	0.03564386720749897	0.0	0.008267887509235405	0.0	0.0	0.0	0.0	0.024420715496583804	0.00683951137260847	0.0	0.0	0.0	0.0	0.017955412486179972	0.01809853918238485	0.0	0.0	0.005259298674403315	0.0	0.0	0.012023196911383661	0.008920193674046794	0.0	0.0	0.0	0.01103431135103603	0.0	0.0	0.0	0.0
20989910	0.03667086796876992	0.0	0.005392645154698767	0.0	0.005826440772797632	0.0	0.0327732458667765	0.004277790490851892	0.0	0.01900849306847647	0.0	0.0	0.0	0.009880189382448213	0.0	0.0	0.009467122128452991	0.007154706628233966	0.0	0.005379790128407925	0.0	0.0	0.0	0.0	0.007303337599626281	0.04071408089927005	0.0	0.0	0.0	0.0	0.0	0.009328893630111947	0.0	0.0
21000180	0.009490288320366302	0.0	0.014566823746326885	0.0	0.017355005906797512	0.0	0.030011303261887348	0.0015730926403953848	0.0	0.02397530290020267	0.0	0.0	0.0	0.0	0.018530092620187275	0.0	0.0	0.0	0.035171783556338376	0.029392003191035274	0.0	0.005524899244397544	0.0	0.0	0.0038460189035267028	0.015594248849310521	0.0	0.0	0.0	0.0	0.0	0.0	0.0	0.0
21000630	0.0	0.0	0.0	0.0	0.0	0.0	0.0	0.0	0.0	0.005846185745135414	0.0	0.0	0.027175874255523255	0.0	0.0	0.0	0.0	0.0	0.0	0.0	0.0	2.0151794940887656e-05	0.00493911274874936	0.0	0.0	0.014252384821983299	0.0	0.01011236143407833	0.0	0.1987059780027316	0.0	0.0	0.0	0.0
21002524	0.022588393383668068	0.0	0.0	0.0	0.0	0.011520495958700309	0.004943185359358227	0.0	0.0	0.008375809518652218	0.0	0.014305343958964488	0.0	0.050501407168261035	0.0	0.0	0.006592389496478928	0.0	0.007356539606321817	0.0022175526074794823	0.0007285297243156237	0.02125615073058024	0.0	0.0	0.02447217278068622	0.00955757935554239	0.012903718055694962	0.001364588538315734	0.0	0.0006012642048374659	0.0	0.0	0.00730343808098575	0.008516449857445959
21125782	0.0	0.012846905085549892	0.0	0.0	0.0	0.04404531822471234	0.0	0.0	0.00862425437646882	0.0	0.0	0.0	0.0	0.0	0.016907043836188143	0.0	0.012625070102341734	0.037738563263041515	0.0	0.009723201101785964	0.0	0.0	0.0	0.05011254909924491	0.0	0.0	0.019033827165679286	0.006293012542696505	0.0	0.0	0.014687113212769066	0.0	0.0	0.0
21176459	0.0	0.0	0.01744467775171669	0.0	0.0	0.0	0.054854546135743434	0.005297029358693671	0.0	0.008853191055547162	0.01985244493839723	0.0	0.0	0.0	0.0	0.0	0.0	0.010123888838389385	0.017427824835794886	0.0	0.006824765903013349	0.0009093703275097028	0.0	0.0	0.01781500358335217	0.06012342311780113	0.0	0.0	0.0	0.0	0.002436389032199595	0.0	0.0	0.005011731445512178
21183160	0.0	0.0	0.0	0.0	0.0	0.008555412728972863	0.0	0.0	0.010978527306033162	0.0	0.0	0.02651046634644433	0.0	0.002546119462048018	0.0	0.008724517125278455	0.0	0.0	0.02561092603635727	0.08340053035916035	0.003499460791101681	0.0	0.0	0.0	0.014795934735197839	0.0	0.006964872419548579	0.0	0.0	0.0	0.0	0.03592083056798248	0.030605590708692273	0.0012069947914561533
21189544	0.0	0.0	0.026507759505930133	0.0	0.015624580183661071	0.0	0.0	0.0	0.0011732378089630926	0.0	0.03548949856995937	0.0	0.03097408253672438	0.0	0.0	0.0	0.0	0.0	0.0	0.0	0.007075824139396838	0.0	0.0	0.0	0.06938009447663643	0.02428413499940756	0.0	0.021065359282549857	0.0	0.0	0.0	0.0	0.0	0.0
21274280	0.0	0.0	0.045076857388649104	0.0	0.0	0.0	0.0	0.0	0.0	0.0	0.0	0.0	0.0	0.0	0.0	0.0	0.0022435023146009235	0.0	0.003238682474855998	0.0	0.0	0.0	0.0	0.0	0.08872840430309885	0.0	0.0	0.0	0.0	0.0	0.0	0.0	0.14792060083146039	0.00803107603490489
21293107	0.0	0.0	0.0044465989415597845	0.004861095812689903	0.018001505288122884	0.0	0.0	0.0	0.00931648567117287	0.0	0.0	0.03272699395320413	0.0	0.0033757008860663086	0.0002995555586027226	0.0	0.0	0.0	0.026705066936620413	0.07224460448179497	0.005227723253772302	0.03386023973823449	0.0	0.0	0.0	0.0	0.0	0.0	0.02292758761211944	0.0	0.0	0.0	0.0	0.0
21362537	0.02872479568228441	0.0	0.02363195635289523	0.0	0.03945391468083459	0.0	0.015802162260264128	0.0	0.0	0.01630091221762165	0.0	0.001619068203285426	0.026600396910653187	0.010827116120309429	0.0	0.0	0.0	0.0	0.0	0.0	0.0	0.0	0.0	0.0	0.0	0.030097657931201154	0.0	0.0	0.0	0.0	0.0	0.0	0.0	0.0
21402304	0.0	0.017976375887894316	0.0006285223932144883	0.0	0.006368422920543922	0.0	0.0	0.0	0.03548863602157596	0.0003470984937795691	0.013901013914643639	0.0	0.001019301065478751	0.0	0.0	0.0011402362899120748	0.013317490077321604	0.02660590512468149	0.0	0.03712436427916521	0.015111504465372882	0.0	0.0	0.0	0.010827493944215673	0.0	0.0	0.0	0.01911841895004372	0.018088413197202183	0.0	0.0	0.0035868649715566497	0.0
21413181	0.0	0.0	0.0	0.09254529063332534	0.0030844732123404997	0.0	0.0	0.003933012566888417	0.0	0.014342075870487707	0.0	0.0	0.0	0.0	0.006979650107780662	0.0	0.0	0.0	0.0	0.04534654464533026	0.0	0.03002618066004128	0.015980319616307765	0.0	0.0	0.0	0.0	0.0	0.0	0.0	0.0	0.0	0.0	0.0
22789958	0.0	0.005691329095648442	0.0	0.00028603809543578125	0.0	0.048549602079612286	0.0	0.0	0.0	0.0	0.0	0.0	0.0	0.0	0.02085973471761594	0.02186743263912315	0.0	0.0028223859013171812	0.013368165577018745	0.0	0.010363193583362615	0.009028013939946343	0.0	0.05797538192545093	0.0	0.009371923770172381	0.0	0.0	0.03162789827945697	0.0	0.0	0.0	0.0	0.0
26631069	0.0	0.0018865972633630673	0.0	0.0	0.0	0.014883180403209973	0.0054500416830766275	0.0037522995995591026	0.017388296338000372	0.0036188670836390406	0.0	0.01730627353139954	0.023070750973023486	0.007210630061807457	0.007849291543462299	0.016127569574587473	0.012140185524427558	0.01352251253492531	0.022146788466321614	0.0	0.0	0.0	0.0	0.00895231356598242	0.0	0.016459987781580327	0.01665618011562261	0.0029520832069706696	0.0	0.0	0.0	0.0	0.0	0.0
27481601	0.0	0.007892572252400564	0.03860709993434876	0.0	0.0	0.0	0.0	0.0	0.0	0.0	0.04356584819415301	0.0	0.041440119859227166	0.002365284083171861	0.0	0.0	0.0	0.0	0.0030253563988359915	0.0	0.0	0.0	0.0	0.0	0.0	0.0	0.02444994392364315	0.0033961895590532867	0.0	0.0	0.028837464804647363	0.0	0.0	0.0
35941263	0.0	0.026141585943405713	0.005149766933432856	0.0	0.0	0.0	0.006282641837259896	0.0011395907192054678	0.032945337133071025	0.0	0.0	0.0	0.025998472484255537	0.010581382963323662	0.0	0.04380720615531632	0.0	0.0	0.0	0.005032299129177829	0.0	0.0	0.0	0.0	0.01070174170371673	0.0	0.029782571176805637	0.0	0.0	0.0	0.0	0.0	0.0	0.0
36379623	0.0	0.0	0.0	0.0	0.0	0.0	0.0	0.01591556964535034	0.0	0.0	0.0	0.0	0.004679701171361843	0.0	0.0	0.0004222898957268562	0.028024034324073924	0.0	0.000845547310293405	0.004874375240342729	0.0	0.0	0.0	0.0	0.047196922697568755	0.0	0.04825282624112176	0.0	0.0	0.0309846846154047	0.06450567601896774	0.004584341408813	0.0	0.0
39800111	0.0	0.0	0.0	0.0	0.0	0.0070118943729800065	0.0	0.031139202854592835	0.04336780131651749	0.0	0.0	0.03837154068705655	0.0	0.0	0.00047712815092160996	0.031124135177482644	0.0028011303987284697	0.004584741671662192	0.0	0.0	0.0	0.0	0.0	0.0	0.0	0.0	0.0	0.017379325056865475	0.01923949032593612	0.053570850941069025	0.0	0.0	0.0	0.0
43485807	0.0	0.0	0.0	0.0	0.008879269465337954	0.0	0.014656234133440462	0.015984837474011835	0.0	0.013656304246405017	0.03139063644356637	0.0	0.008969135900735037	0.0	0.0	0.016132559918093273	0.0067503437238357	0.0475693409380551	0.0	0.021130008541577865	0.0	0.018549276100566267	0.0020952742108040047	0.0	0.00878550468896146	0.0	0.0	0.0	0.0	0.0	0.0	0.0	0.0	0.0
44019405	0.0	0.013088431405596597	0.0	0.0	0.0	0.009407127257906635	0.0	0.008233175343345802	0.02706631662964744	0.0	0.0	0.01572977475156376	0.003821342997605534	0.014905444229241296	0.0	0.0	0.0035584355106417	0.005912654753209373	0.0	0.0	0.0	0.0	0.0	0.047155583609653	0.0	0.0	0.02273084355748048	0.03368049591929322	0.0	0.026435525730936195	0.0	0.0	0.005715085384833244	0.0
4576591	0.0033705831051044624	0.0	0.0	0.0	0.0	0.0	0.0026195005529853865	0.0	0.0	0.009788497516074848	0.0	0.01902027140158695	0.0	0.0	0.01755280010743646	0.0	0.020870822578279935	0.005230678220886418	0.04257853991933835	0.03547417959168786	0.0	0.03865760283726717	0.008826199486674246	0.016993461807354983	0.0	0.0	0.0	0.0	0.0	0.0035454492778033194	0.0	0.011215187135632791	0.0	0.0
46000440	0.0	0.0	0.0	0.007845909252829441	0.0	0.012885924104234244	0.0	0.0	0.0	0.0	0.0	0.0	0.0	0.0	0.0	0.0	0.013078076978644578	0.0	0.0	0.0	0.02629374571941966	0.0	0.0	0.0	0.0	0.0	0.0	0.0	0.0116373999445731	0.0	0.0	0.0	0.08801577049275461	0.26434224295864667
46369736	0.0	0.020443507711224895	0.0	0.0	0.0	0.0	0.0	0.0	0.0	0.006390447694187114	0.06677657320106573	0.0	0.015039411228295593	0.0	0.0	0.0	0.00990675947918073	0.0	0.0	0.0	0.0	0.0	0.0	0.046178934758359776	0.0	0.004401491095438588	0.012903625206667886	0.0	0.0	0.0	0.009754232151858062	0.003152867153480154	0.0	0.0
46547648	0.0	0.0016862002354208112	0.0	0.0	0.0	0.016604871405211257	0.0	0.010741573118825584	0.0	0.0008160324255991882	0.01287562691441649	0.0	0.0	0.0	0.0	0.005362516510807259	0.0	0.003781374230891207	0.0	0.013824009073443848	0.0	0.0	0.0	0.1296958039373299	0.0	0.0	0.0007454052825945275	0.027707708228455915	0.006693003853856609	0.0	0.0	0.0	0.003649971171885532	0.0
50100770	0.0	0.0	0.00897204301540866	0.0	0.0	0.0015226448027958958	0.0	0.00457125705267544	0.034038473257863265	0.0	0.0215293878997683	0.0	0.0	0.0	0.0	0.036064532815619235	0.004075147993112868	0.025353451498987208	0.010982008393858392	0.009027646267374173	0.0	0.024347174091896462	0.0	0.0	9.587420513172183e-05	0.0	0.0	0.0	0.005990123929575647	0.0	0.03392402302411405	0.0	0.0	0.0
50102376	0.0	0.0	0.0005319694251514615	0.0	0.0017359945852886867	0.019452107239303094	0.008265940840297031	0.047463460093385125	0.0	0.0	0.023882845048151264	0.0	0.0	0.0	0.0	0.026005578736670868	0.0	0.0	0.0	0.0	0.0028159888506128963	0.0	0.0	0.0	0.0034223271786017265	0.0	0.0	0.030658584473629628	0.0	0.04780881986181427	0.0	0.004564450499351371	0.0	0.0
50104008	0.0	0.0	0.0	0.0	0.0	0.0	0.0	0.0	0.0	0.0	0.002554396172462555	0.00475876204303892	0.0	0.0	0.0	0.0	0.0	0.00929529469865	0.0	0.0	0.0	0.0	0.0	0.0	0.0	0.008376012329910937	0.0	0.012728091058585128	0.0	0.0	0.026013777509318124	0.2524024959603092	0.018934036994585766	0.0
50104134	0.0055695955668731215	0.0	0.0	0.0	0.0	0.0	0.0	0.013378659006015621	0.0	0.0	0.0	0.052360963207341966	0.0	0.0	0.012789786700082397	0.0	0.025959406923167103	0.03051958585307581	0.0	0.0	0.0	0.009730202078342819	0.07706905394450128	0.0	0.0	0.0	0.0	0.0	0.0	0.017868410134349717	0.0	0.0	0.0	0.0
50104846	0.0	0.0013703314929640704	0.0	0.006775867952567468	0.0137019577892026	0.0	0.0016860414053791468	0.0	0.0	0.03145621402683157	0.0	0.0	0.016985358817277123	0.014018957065204639	0.0018205088437634185	0.024892086572890878	0.008100152318373447	0.03408577707725216	0.025134843010569223	0.00022568839651720222	0.0	0.007709840752048171	0.0	0.0024972916537352396	0.0	0.0	0.0	0.0	0.011977746078808948	0.0	0.0	0.003749892956151523	0.0	0.0
50106442	0.0027159587372120766	0.0	0.011522280928726895	0.0	0.01087539749759276	0.0	0.00226317168718556	0.01616886144931646	0.0	0.013605947006997056	0.0	0.03686405438038161	0.0038099115770244764	0.0016172653941835104	0.0226332329391868	0.0	0.0	0.009403775552570026	0.012795261265263728	0.003946087919399545	0.01617736642648585	0.0137784144254714	0.0	0.0	0.0	0.009478508383290157	0.0	0.0	0.005366039412352368	0.0	0.0	0.008615399434548523	0.0	0.0334559523086777
50106730	0.009702631481432243	0.0	0.0	0.03947487934865573	0.002230167278833752	0.004426243249720311	0.0	0.0	0.025682762107925916	0.060180939687947695	0.0	0.0	0.0	0.004420911843700163	0.0010596988917625704	0.003913304066779219	0.028922219155977244	0.0	0.0	0.0	0.0	0.0	0.0	0.0	0.0	0.0	0.0	0.0	0.0	0.0	6.512630343925404e-05	0.0	0.0	0.0
50107871	0.0	0.030098977479426903	0.0031070489673722694	0.0	0.0	0.0	0.0	0.0	0.013335479577392418	0.01627749612113279	0.0517592679986258	0.0	0.009545542312760866	0.0	0.0	0.0013241069110892535	0.0007800728586779995	0.03275117572398113	0.0	0.0	0.0	0.011323859287679462	0.0	0.0	0.015577686889138633	0.0	0.009326389254996223	0.0	0.0	0.0	0.0	0.0	0.0	0.0
50108048	0.0	0.0018183083598972253	0.0	0.0	0.0	0.00442911823398266	0.0	0.020346041594009476	0.0	0.0	0.004001491339768987	0.0	0.0	0.0	0.0	0.003331310053954782	0.015566858779347702	0.0	0.0	0.0	0.0	0.0	0.0	0.010333852059811702	0.0	0.04313594784064473	0.0	0.0	0.0037365493951075075	0.0	0.13623682265503595	0.0	0.0	0.0
50108462	0.0	0.017148715308374873	0.026128433820541766	0.01978925029848821	0.002031696543649339	0.0	0.0	0.0030908488872685986	0.008469873849958091	0.0007040406796537743	0.0	0.0	0.0028608147308887355	0.014633026824518704	0.0008591625870866502	0.03256482681348505	0.0	0.013661720644127098	0.0	0.031003963955794404	0.002680042361974644	0.0	0.0025158187267818755	0.0	0.0	0.0	0.0	0.011883017956255956	0.0	0.006212119362605606	0.0010966621468803278	0.0	0.0	0.0041747922543072
50108750	0.0	0.022553040273202617	0.01161714339046149	0.0	0.0	0.03351481613002425	0.0	0.0	0.018575004611850986	0.0	0.0	0.05462456943024652	0.0	0.0	0.019852842035853777	0.0	0.007168470897545368	0.0	0.0	0.017605979824365767	0.0	0.0015604312921349821	0.02165010329740883	0.0	0.0	0.004945655235815607	0.0	0.0	0.0	0.0	0.0021497499857303336	0.0	0.0	0.0
50108912	0.03497708272799629	0.0	0.0014577224046420343	0.05719307185113958	0.0	0.0	0.0	0.00025428935904053465	0.0	0.0	0.0	0.016035125845205552	0.0	0.0035998933828433497	0.002574277267787565	0.0	0.0	0.004511061866803722	0.0	0.0	0.0	0.0031853601648098215	0.0826425552461505	0.0	0.0	0.0	0.0	0.0	0.0	0.0	0.0	0.0	0.0	0.0
50109215	0.014833908647062457	0.0	0.0	0.0	0.008031955865868407	0.011635149008691774	0.0	0.010338823408373088	0.0	0.0	0.005543005785295688	0.0	0.0	0.006324168687060339	0.0	0.015685244841279776	0.029499278689986235	0.016418113646115964	0.0	0.0	0.04413488047739363	0.03747033155567098	0.0	0.0	0.0	0.0	0.0	0.0	0.0	0.0	0.0015032673299660698	0.0	0.0	0.02001575960297381
50109927	0.06274593620159936	0.0	0.0018344633242183227	0.0	0.015491682123876301	0.0	0.006213937287933019	0.0	0.0	0.0	0.0	0.025243712777276488	0.0	0.0	0.0	0.0	0.0	0.0	0.014171150599794975	0.0	0.0	0.0	0.04862776994287836	0.0	0.0	0.01674149986737985	0.0	0.0	0.0	0.0	0.0	0.0	0.0	0.0
50300822	0.00707723522394234	0.0	0.0008412753421588096	0.0067667930060366956	0.003334318601629163	0.0	0.0	0.0	0.0	0.0	0.0	0.010282689327505581	0.003708949685790175	0.0	0.025553992913380508	0.0	0.023777988162850167	0.008823138684482206	0.0	0.0	0.0	0.0	0.12374272948755423	0.0	0.0	0.0	0.0	0.0	0.0	0.011265122418150027	0.0	0.0238114306617899	0.0	0.0
50301675	0.0	0.0	0.0	0.0	0.0	0.032371945472107075	0.003986017009861784	0.00983565048159124	0.018512964554458007	0.0	0.0	0.0	0.0	0.011965969858465321	0.005132702174494183	0.0	0.0	0.0	0.0026377452176581623	0.009423313907035621	0.0	0.0	0.0	0.00105969957799458	0.0	0.06241519065514298	0.037041511059786106	0.0	0.018339096580547373	0.0	0.01404640040164705	0.0	0.0	0.0
50305165	0.020247446890486513	0.0	0.0	0.05168417045288721	0.00043501385435041636	0.012456731001347537	0.0	0.0	0.0	0.0	0.0	0.017448651202143724	0.0	0.0	0.0	0.0	0.0	0.036290594915899865	0.0	0.0	0.02890035684617552	0.012442982938062027	0.004246647004825937	0.0	0.0	0.0	0.0	0.0	0.0	0.022378836194903943	0.0	0.0	0.0	0.007418045726839141
50400259	0.022846070669576262	0.0	0.01121094793287096	0.0	0.0	0.0	0.0	0.0	0.0	0.04921847413285228	0.0	0.023344972380717713	0.0	0.0048921932522999175	0.0	0.0	0.01843270157029467	0.007919820985271863	0.0	0.001936151004063052	0.0	0.0	0.0	0.0	0.0	0.015305000536060544	0.0	0.04891868341836925	0.0	0.0	0.0	0.0	0.00045362029039146143	0.0
50400385	0.0	0.016169217673297483	0.0	0.0	0.0	0.0	0.0	0.0	0.056923201967832876	0.020801120651880382	0.0	0.0	0.0	0.0	0.029927692876912992	0.04245563495423127	0.00548452615108847	0.0	0.0	0.0	0.022889036077301844	0.0014860865641905105	0.0	0.0	0.0	0.0023671198056704284	0.0	0.0	0.010312603873395623	0.0	0.0	0.0	0.0	0.0
50402693	0.0	0.0	0.0	0.015744009020085985	0.0	0.021285640406568836	0.0	0.02930822633838487	0.0	0.0038016379544714343	0.0	0.0	0.0	0.03558616394327713	0.0011557765406893998	0.014536420954202963	0.0	0.0	0.0	0.0	0.003424570139922986	0.0	0.10176753905827514	0.0	0.0	0.0	0.0031142760066424162	0.0	0.0	0.0	0.0	0.0	0.0	0.0
50402729	0.008117742036567382	0.0	0.035614035451010474	0.0	0.0	0.0	0.006258196621995	0.0	0.000381062796524286	0.0	0.0	0.0	0.0	0.010789413557812204	0.03897042032997409	0.015204456957859663	0.009895163241072433	0.0	0.0	0.0	0.02830721765660812	0.0	0.0011425790523616564	0.0	0.0	0.0042892685818412945	0.0	0.0	0.0	0.006063776767598864	0.021357777091689907	0.020953187967075394	0.0	0.0
51624179	0.0	0.0	0.0037820122547581178	0.0	0.029480658396352718	0.0	0.009664975590263384	0.006009941165979085	0.002360453985707671	0.036723621415577126	0.0	0.0	0.002659543130689022	0.0	0.0	0.030574853231171432	0.00856201143618611	0.02188296955123491	0.0	0.025663456356869896	0.0005924455952540826	0.0	0.0	0.0	0.00426358836929317	0.0	0.0	0.0	0.0	0.0	0.01879285811569207	0.0	0.0	0.0
54122640	0.0	0.0	0.0	0.0	0.0	0.010559371495856656	0.024694398910961948	0.006157933636604524	0.0	0.0	0.005209762525764153	0.0	0.005608025090889931	0.0	0.0009252128665502658	0.02345837377311994	0.01307662709903804	0.02071008295132588	0.014813723251955286	0.0	0.0	0.016336656043501874	0.0	0.0	0.031964234098875444	0.020316574291799474	0.005152335594612319	0.0	0.0	0.010872868400030298	0.0	0.017158012290167036	0.0	0.0
55897318	0.0	0.0	0.005478858777499249	0.0	0.0066152439726577025	0.0	0.021666191204884687	0.01959220374633883	0.0077389968490270645	0.0	0.0	0.014625743352829736	0.0	0.034510617218627665	0.0034753094143457944	0.0	0.0	0.0	0.019456705783514036	0.0	0.024884440114171725	0.0	0.0	0.0	0.03744644638069089	0.006505978681654875	0.003966894336311226	0.0	0.005479198185725594	0.0	0.0	0.0	0.0	0.004862281632746678
56432243	0.002567029853263657	0.0	0.0010774199340836772	0.0	0.04271441075231866	0.0	0.0	0.014648348250290473	0.0	0.00034141286231086375	0.0	0.015952630391166088	0.016022845713150102	0.0	0.0	0.0	0.0	0.0	0.019643274228437542	0.020097587662912583	0.0	0.0	0.008162139428024464	0.01215791470630654	0.00464114843953489	0.0	0.0	0.06503165145849617	0.0	0.0	0.0	0.0	0.0	0.0
5779736	0.0	0.0	0.0	0.0002053270645570062	0.0	0.03558762420078621	0.0	0.008728537048048908	0.0	0.0	0.020216009139753185	0.0	0.0	0.012095556527714418	0.0	0.020717834533968728	0.009121394932268968	0.025218009598403365	0.0	0.0	0.027348915080790567	0.02951030969302397	0.00033511889854987396	0.0	0.0	0.0	0.01884462040523495	0.0	0.012771974723669012	0.0011081035964328407	0.0	0.0	0.0	0.00353646848850851
60747316	0.0	0.0	0.0	0.005696309604665116	0.0	0.0	0.0	0.0	0.0	0.06019210858021234	0.0	0.0	0.0	0.0	0.009198561923236922	0.0	0.0	0.0	0.05188390339937052	0.0	0.00016203933136103515	0.028452675299050212	0.0	0.0	0.0	0.0	0.02380698774678698	0.013621657754807061	0.0	0.0	0.0	0.022550514915675016	0.0	0.0
66754397	0.0	0.02510796913187683	0.007508675382927126	0.0	0.0	0.0	0.0	0.0	0.014525639820861795	0.0017945756381538668	0.04828663838296382	0.0	0.030656810188339864	0.0	0.0	0.009863724077320855	0.0	0.0	0.01689071007296029	0.008650190526167284	0.0	0.0	0.0	0.004025707737748506	0.0	0.0	0.006321278317642504	0.014621516193384006	0.007477850612399363	0.0	0.0	0.01040117878827085	0.0	0.0
69982533	0.0	0.03028288350558287	0.0	0.0	0.0026553583422366752	0.0024518142206240616	0.0	0.0	0.025813468708093736	0.0022434958382557164	0.026261196038825003	0.001800269844476039	0.029772506591504586	0.0	0.0	0.0	0.02813179512353086	0.0	0.0	0.0	0.0	0.0	0.0	0.0006218360385303327	0.0	0.0	0.0	0.04346681803287357	0.0	0.0	0.0	0.0	0.0	0.0
70153803	0.0	0.0	0.0	0.0	0.0	0.015499564103331611	0.0	0.0	0.0	0.0	0.0	0.030821685711663875	0.0	0.0	0.02475296645457681	0.018941629947358086	0.03294174680809038	0.0	0.0	0.0	0.0	0.03313806207948848	0.0	0.014443900980951115	0.0	0.0	0.0	0.0	0.020055339765621693	0.06516506485894168	0.0	0.0	0.006860025957334994	0.0
7253015	0.016381295172674015	0.0	0.0	0.008209947231367545	0.004561637377795751	0.029569050604796025	0.011192543919576931	0.011438947895549775	0.0	0.0064908908379261296	0.0	0.007231392281917746	0.0	0.0015402936302586088	0.0	0.0038293221317374842	0.007522301355032838	0.03679074599980636	0.010112507446548812	0.003064447917754954	0.006680126059016983	0.0	0.0047680880279009725	0.0065229978963670535	0.00428350321779123	0.0	0.0	0.0003555884600893851	0.0	0.001957652329509684	0.0	0.014042163052273016	0.0	0.0
7265221	0.0	0.0	0.0	0.0	0.0	0.0	0.0	0.016091818083681233	0.0	0.02982178505115748	0.0	0.03153988393741356	0.0	0.0	0.0	0.0	0.0	0.0	0.004549421076654587	0.0	0.0	0.0	0.0	0.026258846261310458	0.0	0.0	0.07948939162659457	0.024159131699703507	0.0346487895497723	0.0	0.0	0.0	0.0	0.0
7287209	0.006442113390374662	0.0	0.0	0.0151033576238384	0.014726908725002194	0.005370340635114449	0.0004989216587034712	0.02901840326962365	0.0	0.017742505897035757	0.0	0.018413661921276202	0.0	0.004897816814607601	0.015890383172005716	0.0	0.002149983674230599	0.014875534846527098	0.007739571008889002	0.03301214069411959	0.0	0.003978150852099352	0.005629174237277565	0.0028735283924110314	0.0	0.004428012702309336	0.0	0.00045168739835572676	0.0	0.0	0.004054284137583668	0.003209148863508088	0.0	0.0
74753465	0.0	0.0	0.03290622114325903	0.0	0.0	0.0	0.0	0.0	0.0	0.0	0.0	0.028938804479142398	0.0	0.0	0.0	0.0	0.0	0.0	0.0	0.0	0.0	0.010188202835087137	0.0	0.006958069650947588	0.0	0.0	0.017112008416186746	0.0	0.0	0.00589886899433368	0.12213207913284556	0.0	0.0	0.0
75990666	0.002563136305410793	0.0	0.012000696458620794	0.0	0.0	0.0	0.0	0.02058804830737747	0.0	0.03732727767347135	0.0	0.0	0.0	0.0	0.011421020821687113	0.0	0.007237438578745467	0.0	0.0	0.042695918399166144	0.0	0.031609516086180546	0.006423280407813161	0.002857004027279449	0.0	0.007309389604400599	0.02845106411255306	0.0	0.0	0.0	0.0	0.0	0.0	0.022085601997484237
76647134	0.0	0.03457799678716566	0.01027972935265545	0.0	0.0	0.01916715017758186	0.0	0.0	0.028497038665567857	0.0	0.028695968224671707	0.0012393613085827874	0.0006667121180487071	0.0	0.0	0.0	0.0	0.008166113691299793	0.04775987331639093	0.0	0.0	0.0	0.0	0.0	0.0	0.0	0.0	0.0	0.0	0.0	0.005204138981555009	0.0	0.0	0.0
76755449	0.0	0.0	0.009836755515973622	0.0	0.03574990476236213	0.0	0.0	0.0	0.020290458206689028	0.0	0.0	0.009190882077803116	0.034869083909477516	0.05975623897799446	0.0	0.0	0.0	0.0	0.0014582731322294001	0.0	0.0	0.0	0.0	0.0	0.0	0.0	0.0	0.022738387506915304	0.0	0.0	0.0	0.0	0.0	0.0
76867532	0.0	0.009093239020311915	0.0	0.0	0.008169694942747056	0.014044392003522498	0.0	0.0	0.005974977321043913	0.0	0.01457353014580016	0.0	0.0	0.0003937848215925388	0.0	0.00023209906410820587	0.016907862255945805	0.0	0.0	0.003826662729546699	0.0	0.04118312902460806	8.453415565003187e-06	0.0025190217676155586	0.0	0.005381961469997933	0.0	0.0	0.007716754750916556	0.03184662346545421	0.0705916470980818	0.00028932620989428854	0.0	0.0
78353027	0.0	0.021229048113231234	0.0	0.0	0.0	0.0	0.0	0.004996622112152246	0.04747040500231093	0.0010782385190300113	0.0	0.007218050574210918	0.03524875020126767	0.003104153929122833	0.0	0.0	0.0007593251892277829	0.010065424406900784	0.032892745424347204	0.013854418671619762	0.0	0.0	0.0	0.0	0.0	0.009378602606479542	0.01436629384314498	0.0	0.0	0.0	0.0	0.0	0.0	0.0
81852640	0.0	0.0	0.01423849566684	0.0	0.01926361634122761	0.0	0.035522884436768494	0.0	0.0	0.0	0.0	0.0	0.016231634047686412	0.0	0.0218259979263717	0.0062031727603314366	0.024848671869491985	0.008059031263469914	0.02472841202051918	0.0	0.0018168071463160183	0.014935817399820112	0.0	0.0	0.012862120140273813	0.0	0.0	0.0	0.0	0.004561608052456899	0.0	0.0031604765556714483	0.0	0.0
81874628	0.0	0.0	0.0	0.0	0.0	0.03442125382609964	0.0	0.0	0.026119662917257223	0.000673780227175422	0.0	0.0	0.0	0.0	0.06659974110600221	0.025868311088666465	0.025696827097711823	0.0	0.0	0.0	0.0	0.0	0.0	0.0	0.004446847465285329	0.0	0.0022036256403387897	0.0	0.04710500091996657	0.0	0.0	0.0	8.751859119756277e-07	0.0
82317494	0.035252499597931745	0.0	0.002243275379774218	0.07610469834536543	0.010407822122543788	0.00561417937531076	8.226481400159215e-05	0.0	0.0	0.0	0.0	0.01885485317453211	0.0	0.011862704988346004	0.004002087460509423	0.0	0.0	0.0	0.0	0.0	0.0	0.0	0.01683017944824596	0.0	0.0	0.0	0.0	0.0	0.0010981429401494096	0.0	0.0	0.00024744784271700683	0.0	0.0
83984043	0.0	0.04178406408741769	0.01342234709176005	0.0	8.725470965654434e-06	0.014990401992404452	0.007523628892894326	0.0	0.0	0.0	0.03421936071588702	0.0	0.0	0.0	0.0	0.0	0.0	0.005322019431821021	0.0	0.0	0.0	0.0003243179679298555	0.0	0.027325113904463523	0.0	0.0	0.0	0.007710549742538057	0.0	0.0	0.03855312712655908	0.0	0.0	0.0
84642424	0.0	0.03739109886800041	0.017366862811263876	0.0	0.01924951605501724	0.0	0.0	0.0	0.0011957365947045222	0.004874510178250148	0.0	0.0	0.0	0.0	0.0	0.0	0.03477801885228208	0.0	0.0	0.0	0.0	0.0	0.0	0.0	0.0	0.0	0.001902133076942035	0.0922553280883091	0.0	0.0	0.0	0.0	0.0	0.0
85171938	0.0	0.0	0.012346044816380861	0.0	0.0030065029833826664	0.0	0.0	0.0	0.0	0.0	0.0	0.02543921221297293	0.0008134502915569025	0.010147921735520494	0.0	0.0	0.0	0.0	0.013033711554239907	0.0	0.0	0.0	0.0	0.0	0.03901596748967851	0.0	0.0	0.0	0.0	0.0	0.0	0.0	0.0	0.3009582419173423
87645445	0.0	0.0	0.0	0.0	0.0041689613960320445	0.0	0.0	0.0	0.07398928014177791	0.0	0.0	0.00045011830726077043	0.0	0.01532739872880908	0.0	0.0	0.0012649027911900159	0.0	0.0	0.0	0.0	0.020291888779400205	0.0	0.06793003228230117	0.007940105167367513	0.0	0.0	0.010000549554674368	0.0	0.0	0.0	0.0	0.0089965536032415	0.0
89164957	0.0	0.0	0.0010176442882256908	0.0	0.0	0.013465299473392568	0.0	0.017220025671536878	0.0	0.004739160021653292	0.012578649825454598	0.0	0.0	0.0	0.0	0.0	0.0	0.029932255663784414	0.0	0.005248227961387033	0.0	0.0	0.0	0.0022404661579252584	0.0	0.0	0.07281986476763865	0.041723186073669365	0.003374624189944883	0.021033927167009886	0.03300256908955254	0.0	0.0	0.0
90267190	0.024817190696652183	0.0	0.018602503448369303	0.003686421554890064	0.0	0.0	0.003485804714877818	0.0	0.0	0.0	0.0	0.006096272623056915	0.0	0.0	0.0	0.0	0.0	0.054983006446434106	0.0	0.01944543964645353	0.0	0.02727427112578693	0.016127203756360096	0.0	0.0	0.0	0.013166197179504355	0.0	0.0	0.011494215634818103	0.0	0.026230195518345566	0.0	0.0
91018909	0.05055218590722471	0.0	0.03452867863619686	0.004099199727550871	0.0	0.0011055478162184966	0.0	0.0	0.0	0.0	0.0	0.0017461462670732063	0.0016933931591457106	0.0	0.03962587982704548	0.0	0.0	0.0	0.006435336828847144	0.0	0.0	0.015976733893261163	0.009375699988519623	0.0	0.0	0.006071144559430026	0.0	0.0	0.0	0.0	0.0	0.0	0.0	0.013907272293924959
98953007	0.0	0.007584944138089529	0.0	0.0	0.0	0.0	0.0	0.0	0.0	0.0	0.0	0.0	0.0	0.0	0.0	0.05820581157406174	0.014461238093532766	0.0	0.0	0.0	0.0	0.0	0.02661309023833003	0.0	0.0	0.0	0.0	0.11539797892702983	0.01339459384381452	0.0	0.0	0.009572281622934943	0.0	0.0
