	S1	S2	S3	S4	S5	S6	S7	S8	S9	S10	S11	S12	S13	S14	S15	S16	S17	S18	S19	S20	S21	S22	S23	S24	S25	S26	S27
10101327	0.035468910493522195	0.0	0.031197992005623572	0.0	0.0018545911233784759	0.016380034774277186	0.004062901612322177	0.0	0.010379496026336525	0.0	0.0	0.0	0.0	0.0	0.0012316457790650158	0.02478551948294866	0.0	0.0054600022432246395	0.0	0.0	0.0	0.0008670051472773905	0.0	0.0	0.0	0.0004069742740293336	0.0
10101589	0.0	0.005310063858819913	0.007245531588943941	0.0	0.0	0.0031956130424487745	0.0016038290244241916	0.005754845696793491	0.0	0.013069991282835149	0.022058895540707876	0.0	0.0	0.016600687510422162	0.035136771707461954	0.02564337136714031	0.0	0.02175942141949426	0.0	0.006946160635273067	0.00033538953059355353	0.0	0.0	0.0	0.0	0.0	0.0
10221262	0.011148418263221417	0.0	0.0	0.0	0.0	0.0	0.0	0.0	0.0	0.002730508578023447	0.0201911653903788	0.020585643604374315	0.000995667685240566	0.02163269123347711	0.02234559327619829	0.0125890353123347	0.02437404877793598	0.0	0.0	0.0	0.0	0.0	0.005256313376082636	0.0302568842595313	0.0	0.0	0.0
10222853	0.0	0.014475162180844875	0.009965289560204387	0.023859544115786207	0.00967637532233169	0.0	0.0	3.853245241811879e-05	0.0280949730511419	0.0	0.027960215661822923	0.0	0.0	0.0	0.0	0.0	0.0	0.0	0.002625321741295797	0.0	0.03826933742341287	0.0	0.0	0.0	0.0	0.0	1.2841426899775942e-05
10248033	0.0	0.01744686478246087	0.011210227084455604	0.002487570913661246	0.0	0.02405315142509783	0.0	0.002514375753448161	0.018453077102927908	0.0	0.01573253260684928	0.0	0.0	0.0	0.0	0.0	0.0	0.048822347543725574	0.0	0.0	0.002354915715097571	0.0	0.01596034050596246	0.0	0.0	0.0	0.0
10298957	0.014072624489984208	0.0	0.012178496274270343	0.0	0.03401711157460579	0.014462044243490537	0.0	0.0	0.0	0.0060582621838083444	0.0	0.0	0.0	0.06876172532867152	0.0	0.0	0.0	0.0	0.0	0.0	0.0	0.0013008269125047913	0.0024940796267374186	0.0	0.0	0.0	0.0
10435090	0.0	0.0355443798604243	0.0022878657626540008	0.011822847768457614	0.020853408603728273	0.0	4.642954947440555e-05	0.010775222748043909	0.014975214003434217	0.01404943392001891	0.0	0.0	0.0	0.0	0.0	0.0	0.0	0.0	9.767491981358275e-05	0.01026458733780985	0.019291005261850885	0.005807272892717438	0.0	0.0	0.0	0.0	0.0
10684501	0.0	0.021038234095555615	0.005906268537206991	0.0	0.0	0.006946508885305063	0.007904817439045754	0.0	0.0	0.005394360086414178	0.0	0.0	0.0	0.0	0.0	0.010033980585848343	0.011683748641562018	0.034395536617915404	0.0	0.0	0.01834877250670053	0.0	0.004113652636947721	0.036018159179367314	0.0	0.0	0.015181381346284314
10866165	0.0	0.011856285357629904	0.0	0.00889037379898206	0.0	0.0	0.02630833154183887	0.008535881251482469	0.0	0.0	0.048941526370638554	0.0	0.0	1.6773202539741662e-05	0.02243740692864607	0.0	0.011855919536371018	0.0	0.011640380567723053	0.0	0.0029801355930411367	0.010758012631151323	0.011455003958995843	0.0	0.0	0.0	0.0
11157783	0.01220436237528255	0.0	0.0	0.0	0.0	0.008819202374721636	0.017376469409781298	0.005069971491453189	0.009519860657243327	0.0	0.010795655315326877	0.0060949219685237435	0.016671095657740543	0.0	0.005441957899497699	0.0014972638137006982	0.008074576334730925	0.0	0.0	0.04947059148506864	0.01318076853786376	0.0	0.0	0.0	0.0007881963037284382	0.0	0.0
11319389	0.007853512065002665	0.0	0.015551197105384227	0.0	0.00040456520725607186	0.0027526045750853154	0.012699329385364657	0.0	0.0	0.021243172715309188	0.0	0.0071314953579022546	0.01124236507023949	0.0	0.04634054117510913	0.0	0.0	0.0	0.0	0.0	0.0	0.0	0.0	0.030093735030397268	0.0	0.0	0.012069987614586471
11326252	0.0	0.018330151072608346	0.015574284385285615	0.008641494284648213	0.011037456909828942	0.0022331324576804375	0.0	0.0	0.0004027714188116002	0.0	0.0	0.0	0.0	0.0	0.004504115033617712	0.0	0.003897419603768027	0.03450775849031109	0.009007574851430894	0.0	0.020045349338444148	0.0	0.0	0.02966578955390625	0.0	0.0	0.0
11327005	0.0	0.013018077048096868	0.008481819372448096	0.0041554845034293166	0.0	0.009992001198817465	0.0022140731813852935	0.0	0.0	0.029254218792593586	0.018763648554251795	0.0	0.0	5.5298321406757665e-05	0.0	0.006868851965285956	0.009747077919302684	0.01332610142682912	0.0	0.006686598232284076	0.027993831960380983	0.0	0.0	0.0006892847440529327	0.0	0.005840574547400019	0.01804966092404207
11345331	0.0	0.05951928652931293	0.0	0.021110551839844036	0.014231206164391358	0.005880898497638944	0.0	0.0	0.0	0.0	0.0	0.0	0.0	0.025932286898108434	0.0	0.0	0.0	0.0	0.0	0.0	0.0	0.0	0.0	0.00862989002989889	0.0	0.0	0.0
11392518	0.0	0.03207569976218785	0.0	0.033914676497755335	0.012605913384970574	0.012357925584336158	0.0	0.0	0.0	0.0	0.0	0.0	0.0	0.029902891410206335	0.0	0.0	0.010578659259950997	0.003303368800142396	0.0025159343932442935	0.0	0.012493289083573625	0.0	0.0	0.0	0.0	0.0	0.0
11413170	0.0	0.0	0.009115611254987948	0.0	0.03492355384142445	0.0	0.03863396610567581	0.0	0.0	0.0	0.0	0.0	0.0	0.0	0.02680206104407878	0.002456049449995039	0.0	0.0	0.0	0.0	0.0023991947495257972	0.0	0.0	0.0405440780312977	0.0	0.0	0.0
11453772	0.0	0.01566464714863253	0.0	0.07689696106753394	0.0	0.0	0.002671170589317381	0.0	0.0	0.023111717715991072	0.0	0.0	0.0	0.0	0.0	0.0	0.012155276100620374	0.0	0.0	0.0004961417150510755	0.0	0.0	0.011442072497983199	0.0	0.0	0.0	0.03498141845921838
11606935	0.0	0.06006353715312167	0.0	0.02756147616678105	0.0057439390727093845	0.0	0.0	0.0	0.0034592471660926747	0.0	0.0	0.0	0.0	0.0	0.001956764987427351	0.0	0.0	0.0	0.015449031108729744	0.0013987317066507948	0.004950232016515384	0.0	0.0062588943542585184	0.01698382452894175	0.0	0.0	0.0
11616707	0.0007258414682563887	0.0	0.001982213156943895	0.0	0.017405016981040335	0.013013221143511874	0.018289114545505743	0.0	0.0	0.01898937672688296	0.0	0.0029170789413527245	0.0	0.001666410323815922	0.0	0.012055929845600664	0.00872342816232597	0.0	0.0	0.0	0.04735653448669955	0.0	0.0	0.01819912812913059	0.0	0.007460104808583887	0.0
11619606	0.0	0.0	0.0	0.003361289120188327	0.0	0.01609344958202935	0.01830661739877622	0.0029168088211789503	0.0	0.0	0.0063569449332617385	0.0	0.02252967108329834	0.0	0.012118151997327136	0.0	0.0	0.005669994596258241	0.004073788844842036	0.00041038055811611616	0.059488153156299996	0.0	0.0	0.00906278051303879	0.02616827827545671	0.018853830440878766	0.0
11652071	0.0	0.0	0.0	0.00985773179408003	0.017491529511818257	0.0	0.0259825954138645	0.0	0.004416807502057062	0.0	0.008594682910597796	0.0	0.0016112546800607403	0.0	0.03431387914757066	0.0	0.0	0.013934196962444327	0.008153043225435988	0.0	0.03153063767490762	0.0	0.0005076453867701971	0.00595186732412934	0.00480925113965923	0.0	0.0
1243685	0.0	0.0	0.007498387410542394	0.0	0.04805905663081663	0.0	0.0	0.004352708292907379	0.0	0.01901778469991896	0.0	0.031448054141228185	0.0	0.0	0.0	0.0	0.0	0.0	0.003280079094786542	0.0	0.015868197205291108	0.02853820220801624	0.0	0.0	0.0	0.0	0.0
14498577	0.004198228993947942	0.0017583252897064063	0.004324193529859711	0.006160902354229908	0.01233028796324395	0.0	0.0	0.01348894532851319	0.011362614397365646	0.003491057832592727	0.02651629160600823	0.0	0.010430921777192063	0.009237604291415973	0.01584425623874237	0.0032994686950778996	0.0	0.0028320527641591945	0.003951282882165045	0.006078812462464058	0.002422222860030155	0.002313332646184606	0.019271378735776418	0.014835325358026164	0.0	0.0	0.0
14641578	0.002810931716476809	0.007620678215669745	0.036687150178657625	0.0	0.0024711338456866404	0.004399637922444535	0.0	0.0037043395555931623	0.0	0.01358295284758271	0.0	0.01181009120249878	0.016958806703798474	0.02698922054152686	0.010860713001586099	0.002850639846818031	0.0004884240370406655	0.0	0.003820617554442531	0.0020260591035563894	0.0	0.0	0.0	0.0011458052395230845	0.0046699668756565275	0.0	0.010619033205332234
15387421	0.002991821273321001	0.0	0.0	0.002268794097232476	0.0	0.015309177442136003	0.00215121651767094	0.0	0.0	0.0	0.0	0.0	0.0	0.0	0.0	0.03198634174358068	0.0	0.06328859956994991	0.0	0.052853473257430776	0.011560082962678766	0.0	0.0	0.0	0.0015500714706827255	0.0	0.0
18414513	0.019248308091926205	0.0	0.010405186841657485	0.0	0.006154657305534014	0.0	0.0	0.002681441963586295	0.02284975199601078	0.0305339043433799	0.0	0.029019461946068352	0.012934866425350276	0.0	0.0031824619568672926	0.0	0.0	0.0	0.0	0.0	0.0	0.0005841081479656417	0.004645238041980902	0.00580227107706967	0.0	0.0	0.0
20112377	0.027900354818300686	0.0	0.01025513371723786	0.0035730149744212414	0.007059586319934855	0.010204979574100468	0.005262531535659034	0.0028105294885396545	0.010247741947240051	0.035635419429902754	0.011896401202926397	0.0	0.0017084096431783562	0.0	0.0	0.0	0.0	0.004566299164267592	0.0	0.0	0.002776169292227529	0.005073313879860082	0.0	0.0	0.0	0.0	0.0019708374868706332
20120255	0.0	0.0014359480966672417	0.0	0.04035226595263964	0.014308810930491071	0.01967835185314145	0.0	0.0	0.0	0.0	0.0	0.0	0.0	0.0	0.0	0.0	0.0	0.047160931256763794	0.02364340868744668	0.0	0.01735521325845187	0.0	0.0	0.0	0.0	0.0	0.0
20124619	0.0	0.0	0.0025615115355056544	0.0	0.0	0.0	0.012940403572899621	0.0	0.0	0.0	0.062060028512485335	0.021802497270680052	0.0	0.0	0.0	0.01915454915825449	0.0	0.0	0.017318639072726568	0.03092194772768282	0.0	0.0	0.0	0.015189550170343223	0.0	0.0	0.0
20139562	0.003049476215911386	0.0	0.033711907276402574	0.0029276764851266747	0.027284130327793456	0.015837954499872985	0.0	0.0	0.004505443742119604	0.0	0.01960708590164513	0.0	0.0	0.0	0.0	0.0	0.0	0.027123302055434048	0.009723936606395462	0.009563428623646878	0.0	0.0	0.00446827383385847	0.0	0.0	0.0	0.0
20147440	0.021721547754970278	0.0	0.0	0.0	0.0	0.004434056192160429	0.007638249679716333	0.0026860371353764788	0.0	0.0229262311090336	0.0	0.0	0.018255344523496437	0.0	0.015207816206906984	0.01756723352917147	0.0	0.0158400238171619	0.0	0.012712120040680086	0.0	0.0	0.0	0.01705396777665638	0.0	0.0	0.0
20152393	0.0	0.0	0.03478908798345684	0.0014643593217266537	0.0	0.007260730900504669	0.0	0.0	0.01109741885699613	0.0	0.0068080880436452995	0.0	0.0	0.0	0.017999419701790222	0.0	0.021974417040176435	0.0	0.0	0.0	0.0488989394298643	0.0	0.0	0.006884005545667576	0.013384362678156458	0.0	0.017055181928795432
20156469	0.019796554038580515	0.0	0.0	0.0	0.008824276689247243	0.005102083591882963	0.0	0.0	0.026203800635837125	0.006689925323983836	0.0	0.009341267254041066	0.033065073427599956	0.0	0.00861858482388399	0.0	0.0039281827499848205	0.0	0.0	0.0	0.02696356755572813	0.0	0.00281561014169575	0.0	0.0	0.001711792745564935	0.0
20173942	0.0008189850134321213	0.0	0.0	0.0	0.0	0.03744636964481091	0.0	0.0	0.011571954538565835	0.009483483699848526	0.005960582120562882	0.03025924234799324	0.009303963248158168	0.0	0.01137898390194472	0.0	0.010052968471105126	0.0	0.0	0.0	0.008025193190637474	0.018847957149423167	0.0	0.0	0.0026746236401614773	0.006462544773108748	0.0
20185860	0.0	0.0	0.012742110294215101	0.0	0.0	0.0	0.0	0.0	0.0	0.0	0.0	0.0	0.0	0.003599483337612604	0.0	0.0	0.0	0.03247157338372731	0.0	0.0	0.0	0.0	0.0	0.046824805450120334	0.004510640314619525	0.17817987823167802	0.0
20187042	0.03380663486883693	0.0	0.005819705801877249	0.0	0.0	0.0043069805296774314	0.040844317476647685	0.0	0.0	0.02127267547130692	0.0	0.0	0.0	0.0	0.005882724912608701	0.0	0.0	0.0	0.0	0.008592103675668903	0.0	0.0	0.0	0.004253317063691642	0.004780991547231538	0.0	0.014098077194204485
20195344	0.0015056002615375	0.007951065730558272	0.014410778942728327	0.0	0.0	0.0021966222696873966	0.0	0.03283645083975414	0.018622000656825993	0.011789148776322865	0.00933149919910282	0.0	0.0	0.0	0.0	0.016253700392075666	0.0	0.0013551668294994382	0.0	0.003542306599406309	0.001538552963242936	0.0	0.0	0.03492946381787219	0.0	0.017479992938226514	0.0
20197364	0.03195159779681528	0.0	0.008736698261305296	0.0	0.0	0.006635658022863243	0.0	0.0	0.0	0.010675396865335382	0.01543528424076181	0.007768192348776587	0.010179509275427587	0.018381793166768252	0.0007918538601558363	0.0	0.0	0.0	0.0	0.009900081276326236	0.0	0.017331670224733982	0.0017241071816259373	0.0020471681869822095	0.00775269427480658	0.0055752545957627785	0.0
20204538	0.024018767463684827	0.0	0.024416763730364985	0.0	0.028582272915184417	0.009392352075760679	0.0	0.0	0.00588076548578626	0.0	0.0	0.0017504658821343292	0.0	0.0	0.004230218330535556	0.0	0.012022069393256457	0.0	0.0019911623376230024	0.0	0.010040716045880978	0.014589952805307399	0.0	0.009494457757473504	0.00785363808157087	0.0	0.0
20214850	0.01931075683880269	0.0	0.022261249309749622	0.0	0.0	0.0	0.0	0.0	0.0	0.01724680040272328	0.0	0.011199309569076363	0.020065444293552254	0.0	0.009937607297009324	0.0	0.0	0.0	0.0	0.0	0.0	0.0	0.07842621827939823	0.0	0.0	0.0	0.0
20225925	0.0	0.005658984744507582	0.015445780705456784	0.0	0.007742028445485044	0.0	0.0	0.015989240357327912	0.0020229009518358677	0.03031135145327025	0.0	0.005951760170159525	0.0	0.0	0.03334191917926688	0.0	0.01608792009332936	0.0	0.0	0.0	0.0	0.004230048101525833	0.0	0.0	0.0	0.0	0.056763286682569906
20232474	0.0	0.008288485882198087	0.018100476828902787	0.0	0.0	0.0	0.0	0.0	0.0	0.03349463521179815	0.0	0.0	0.0	0.0	0.0	0.0	0.0	0.0	0.0	0.0	0.10864902979455285	0.0	0.0	0.0	0.0	0.0	0.0
20242958	0.0	0.04804678578922694	0.0	0.02581339441318648	0.012721486856909095	0.0099551597289133	0.0	0.0	0.0058621557690677496	0.0	0.0	0.0	0.0	0.0	0.0	0.0	0.005047397089002846	0.0	0.021019293877305185	0.0	0.017167921395953356	0.0	0.0	0.0	0.0036746057078390825	0.0	0.0
20251553	0.0	0.017314661341640735	0.0	0.0	0.004199907783557149	0.0	0.017505303111032253	0.051216567084420815	0.0	0.0	0.0	0.0	0.0	0.0	0.015519183527051023	0.028748465134331134	0.0	0.002129844958087491	0.0	0.0	0.0	0.0	0.01097298031271687	0.019359982444934597	0.0	0.0	0.0
20252720	0.0	0.036951436062260326	0.004503148913397733	0.0	0.0	0.0	0.004972515835571232	0.007647210142327749	0.0	0.03546942939305978	0.0	0.0	0.0	0.0	0.008495157320867735	0.0	0.0	0.0	0.0	0.0	0.04933118444087623	0.005173716715014116	0.0	0.0	0.0	0.0	0.0
20254902	0.0	0.0006029511437614061	0.0	0.0	0.0	0.010865545523179082	0.0	0.016408092336250582	0.017055433007187797	0.037584416137754546	0.0028124506861763026	0.0	0.0	0.0	0.0	0.010731002628099463	0.016390899249685335	0.0035980586839823537	0.014391971511850243	0.018402073384869055	0.0	0.02371550228690907	0.0	0.0036905639407671517	0.0021619636851070326	0.0	0.0
20260284	0.0	0.0	0.0	0.01569802910434996	0.0	0.008518508178296209	0.0	0.009643659247989057	0.007122635495224551	0.036366513405174904	0.011902431611653025	0.0	0.0	0.0	0.0	0.015307076961883744	0.01582812125450623	0.0	0.0	0.023342283210388923	0.033792301652316684	0.0	0.0	0.0	0.0031855210130045434	0.0	0.0
20267709	0.008231337842325359	0.0	0.021205147793300592	0.0	0.0	0.0	0.009179711009547679	0.02151060111048339	0.0006665517264037554	0.0	0.0	0.0	0.011515054301699672	0.0	0.005080821774801728	0.0	0.0	0.0376501854609037	0.013951313831439004	0.004581084527933976	0.0	0.0	0.0	0.018017906010755768	0.00998534924008153	0.0	0.021891687583644764
20271359	0.0	0.03481928526098024	0.0020586650941918374	0.0	0.01584954351024678	0.004658239217486163	0.0	0.0	0.0	0.0	0.0	0.0	0.0	0.0	0.0213243655166054	0.0	0.013027649217735974	0.021233490069893352	0.008816353180674497	0.0	0.0	0.003705549066040809	0.0	0.0297490565475056	0.0	0.0	0.018689816696008076
20275399	0.0009978761164477225	0.0065462640857689375	0.003135022850998203	0.0	0.020761322296710096	0.0	0.0005350227560011881	0.008136439720806792	0.00766313702422284	0.007118984976138852	0.0	0.0	0.0123440219720688	0.0	0.019980314749660017	0.0	0.016813777064010313	0.0	0.012139114652374527	0.0	0.0	0.0	0.0	0.04117546299411382	0.0	0.0	0.020086113281775682
20283691	0.0	0.0	0.0	0.024384963801195817	0.006978979414973537	0.007840195922727245	0.0	0.0	0.019851109598884465	0.0	0.0024297888733113633	0.0	0.0	0.036515058424875575	0.0	0.026425677074331674	0.0	0.013250511078837124	0.0006441559827150491	0.0	0.0	0.0	0.014514901127488518	0.003269522334442677	0.04376875723542366	0.0	0.0
20299973	0.0009331670157999266	0.0	0.0	0.0	0.0037973889071103374	0.012460015426174718	0.014823745608997475	0.0010703660777265833	0.013022325667929071	0.0	0.0	0.013051084237306285	0.004557507663037606	0.0	0.020843583748675443	0.0	0.019601867922574293	0.0	0.014846508511253294	0.0	0.021166169273007157	0.005471401839107813	0.006931672557020939	0.0	0.025243471334283396	0.0	0.0
20358955	0.0	0.01919501438866011	0.019310616004292805	0.0	0.04400322689562611	0.0014770120039200414	0.0	0.0	0.0	0.0	0.0	0.0	0.0	0.008061016742315151	0.0	0.0	0.0	0.0	0.04004339256467723	0.0	0.02489368247801109	0.0	0.0	0.0	0.0	0.0	0.0
20376029	0.017043099334099907	0.0	0.0	0.0	0.0	0.0	0.06512898083956264	0.0005944957144857604	0.018503106196154608	0.00017843832165448094	0.0	0.03285754214787395	0.007732632492111202	0.0	0.0	0.0	0.0	0.0	0.0	0.016036519533477307	0.0	0.0	0.0	0.0	0.014933274349727329	0.0	0.0
20380417	0.02208591478946876	0.0	0.01906511475505552	0.0	0.0	0.0	0.002662380258350598	0.0	0.0	0.0	0.023570996517928197	0.0	0.0048831259177676695	0.001249373050137306	0.013374555537894985	0.027839437074525426	0.0	0.018610036705411555	0.0	0.00030755030234581556	0.0	0.0	0.0	0.0	0.021874574463260913	0.0	0.0
20390027	0.005133122203300903	0.0	0.007271510663351557	0.0	0.01210809920261801	0.010815511122477278	0.0	0.0	0.0	0.0	0.0	0.10570810327120382	0.0	0.0	0.0005423511239177133	0.0	0.0	0.0	0.0	0.0	0.021373465888148094	0.0	0.0	0.0	0.0	0.0	0.0
20447343	0.0	0.0	0.0	0.007048819573209991	0.0	0.002550707506684168	0.0	0.0026841484838963296	0.0	0.0	0.03894287095347866	0.0	0.047245943727664864	0.0	0.04877987558715799	0.014042905086246525	0.0044413956027785995	0.0	0.0	0.0	0.0	0.0	0.0	0.0	0.011763363678189549	0.0	0.0
20453625	0.017971259280772964	0.011273610489549132	0.0014320723311236814	0.006117286756622881	0.019474600846611047	0.0	3.5687499482788984e-05	0.009624147069873199	0.0202581276176697	0.0016432378585415452	0.003378632635710217	0.0020280473491010253	0.016641477406222287	0.0017834556830254769	0.00028547023968627963	0.004360657494182112	0.010638716601896758	0.0	0.0009036325432835703	0.0	0.0	0.0	0.0	0.008252727462622216	2.1031442914650347e-06	0.0	0.011753261752542894
20500815	0.0	0.0	0.001699225586714432	0.0	0.0	0.0	0.04282762742208941	0.0	0.0	0.0	0.0	0.07658220305617593	0.0	0.0	0.0	0.0	0.0	0.0	0.0	0.00598110825688285	0.0	0.037605631854411105	0.0	0.0	0.0	0.0	0.0
20501668	0.006566237176717679	0.0019294119519874127	0.015979555059153182	0.0	0.008819128667348968	0.01645787664865614	0.0030960407843828594	0.005720354970311367	0.010290221828385645	0.007033765846797529	0.0	0.005358276153551515	0.0	0.0	0.008203255819715288	0.0	0.019830165260579676	0.011886317630644783	0.015098925520459825	0.003984072557537198	3.618208972098865e-05	0.016737789810687475	0.0	0.007706471216838004	0.0	0.0	0.0
20532115	0.0	0.0	0.0	0.0027101628981268198	0.0	0.0	0.006637163290961378	0.0013698957897132107	0.019497550075455075	0.0	0.01775725774567771	0.0	0.0	0.0	0.010405612413565732	0.0	0.019131258121250903	0.0	0.033843842536888366	0.0	0.0004522638611494722	0.0	0.09839079026461672	0.0	0.0	0.0	0.0
20559562	0.0	0.026976201232946088	0.0	0.01098649944872471	0.0	0.00032954069549270305	0.0	0.0	0.008918891765842357	0.0	0.0	0.0	0.007631892181450243	0.014451482657684468	0.007989070163406364	0.0	0.002523875260367581	0.0	0.0012665158215155866	0.0	0.0	0.00452340015991185	0.09909269631064369	0.0	0.010317053730348868	0.0	0.020104914265512242
20561642	0.028644970556334498	0.0	0.0	0.0	0.03070483361521491	0.0	0.0	0.0	0.028728550361081857	0.0047812667904577645	0.0	0.005242928071587696	0.02143935172990267	0.0	0.0	0.009726928668973244	0.0	0.0	0.0	0.0	0.0	0.0	0.0	0.007852324811958099	0.0	0.0	0.0
20594407	0.0	0.038294078746219304	0.007045528742645839	0.002068578386203776	0.006182558181471288	0.0	0.0	0.0	0.016852018169418306	0.0	0.012766473160543048	0.0	0.0	0.0	0.023962821403527526	0.0	0.0	0.004963761046423322	0.0	0.010868153026547206	0.020957652751852685	0.0	0.0007631257594785212	0.0	0.0	0.009198243273308515	0.0
20630946	0.0	0.0008591949288798545	0.0	0.04289440565885394	0.012488095214108253	0.0	0.0	0.001637843278564031	0.00403298608905081	0.0	0.010739643775308644	0.0	0.02557421129030022	0.004519966361194429	0.0	0.0	0.025098373889197098	0.0	0.03499763364359386	0.0	0.0	0.0032460659674317786	0.0	0.0	0.0	0.0	0.007248849616781544
20674902	0.005860824108637546	0.0	0.0	0.019545331226051864	0.007005546712433962	0.02114568281426218	0.0118061536378384	0.007921222650662621	0.023453933615803127	0.0	0.0	0.0	0.013641295881852979	0.0	0.003704069783475037	0.0	0.008812525318413523	0.010218720336101496	0.01971184767909695	0.0	0.0	0.0	0.009279363871938909	0.0	0.007872092460118163	0.0	0.0
20706215	0.0	0.0	0.0	0.0	0.0	0.0	0.0	0.0339776860620091	0.020049322206451635	0.0	0.00923061175911239	0.0362374296297917	0.04741234687031463	0.0	0.02577275736626291	0.0	0.0	0.0	0.0013281302481788822	0.0028075716361293953	0.003426186437450723	0.0	0.0	0.0	0.00046322947658687056	0.0	0.0
20819999	0.011783228036528736	0.0	0.0	0.0	0.0	0.0	0.0	0.0	0.007828752001369246	0.0	0.041572818215809035	0.0	0.04441801425928898	0.0	0.016878412666490494	0.014648558250163818	0.006895123467373767	0.0	0.0	0.005524333568602743	0.0	0.0	0.0	0.017181382571372847	0.014604085222473103	0.0	0.0
20865035	0.0	0.0	0.0	0.02915047571291018	0.0	0.014642627692906343	0.0	0.0	0.0	0.0	0.0	0.0	0.005521485818852317	0.03281245901705704	0.0	0.0	0.03133298900495823	0.0	0.059146919691342066	0.0	0.0	0.0015438815383549411	0.0	0.0	0.022051066246984503	0.0	0.0
20892128	0.0	0.0	0.0	0.0	0.0	0.010315938133169512	0.0	0.009676545933644134	0.0	0.0	0.0	0.02206297340054015	0.007137582532490403	0.006639905320893201	0.0	0.0	0.03186263794222164	0.0	0.0	0.0	0.0	0.07769542475591355	0.0	0.0	0.034646190209501875	0.0	0.0
20898476	0.02218458744814041	0.0	0.0	0.0	0.0016224486269616164	0.02917327772251309	0.0	0.0	0.023505293687762698	0.0	0.0	0.012937601150168065	0.0165659949373611	0.0	0.010193108167123256	0.01262419074712065	0.007694523284007269	0.0	0.004842586206609487	0.0	0.0	0.0	0.00629904684268581	0.0001545620256688865	0.0	0.0	0.0
20906079	0.0	0.0	0.003027514193042245	0.0	0.0	0.0	0.0	0.029646495502516215	0.010625609735624266	0.0	0.0	0.0	0.0	0.0	0.03628173465784931	0.0	0.0	0.03736731751245245	0.0	0.018302156618310174	0.0	0.0	0.0	0.0	0.05217811416181972	0.007104195153985339	0.0
20914669	0.0	0.00757452680736572	0.0	0.06465908839848222	0.0	0.004914865280059772	0.0	0.007697615655851575	0.010885861368314173	0.0	0.0	0.0	0.0018846231384925353	0.0	0.0	0.00764287476117488	0.023137814555419554	0.0	0.0	0.0	0.0	0.0	0.0	0.009067701352889482	0.0	0.0	0.07097898174167605
20920239	0.0	0.0	0.010023929844573556	0.0	0.015893606077348934	0.01173370043755918	0.0	0.0	0.0	0.0	0.004297356696892112	0.014999159993639368	0.0016878347378615742	0.025183174796775187	0.0	0.0	0.04139831277621334	0.0	0.0035608520039235045	0.0030964648501287805	0.012734761612529589	0.0	0.0	0.004081777323836978	0.030158805010098776	0.006125296686006509	0.0
20922259	0.01338504836240083	0.0	0.0	0.014221970875522828	0.0	0.0	0.0	0.0	0.018998847022260106	0.009287516223681033	0.0	0.0	0.0	0.0	0.0	0.02908898833888152	0.020497843514207064	0.007929825406805499	0.0	0.0	0.010287596574927418	0.0	0.00012936845137512	0.026937587530577865	0.015925786834986515	0.012991425397864237	0.0
20925996	0.024131799899049757	0.0	0.0	0.0	0.004699010529613482	0.022490692946918085	0.0211740478648077	0.0	0.00587249485098863	0.0	0.005143501928511799	0.0	0.008865512165615834	0.0	0.0033082222548760855	0.0	0.0017008514025457352	0.0014004004370135122	0.0	0.018493163923711822	0.00982872939342574	0.02244827023465583	0.004208836677282289	0.0	0.0	0.0	0.0
20933324	0.01678493441484581	0.0005659224701336427	0.01957646666602035	0.0	0.018936820342274206	0.0005636630038373983	0.005469977493665508	0.0	0.010391309149235112	0.009182209026387845	0.0	0.0	0.015005643590581902	0.008690736076596275	0.013288909508553246	0.01826218200939014	0.00024034676145169047	0.00046200593220549843	0.00018383560438211315	0.0	0.00716991406001061	0.0	0.0	0.0002472281981495946	0.0011194910005656333	0.0	0.0
20946545	0.0	0.0	0.0	0.0	0.0	0.0	0.0	0.0	0.0	0.0	0.0	0.0	0.0	0.0	0.0	0.0	0.0	0.0	0.0	0.0	0.0	0.0	0.0	0.0	0.0	0.36036942437005276	0.0
20964295	0.0	0.029650557661866955	0.0161681523741706	0.00804524587650783	0.022756569649349807	0.0	0.0	0.016116281773298047	0.0	0.006264165788721649	0.0	0.0	0.0	0.029832128036260754	0.0	0.0	0.0051875393278178845	0.002094940304437391	0.004782969640648489	0.002051724471209904	0.0	0.0	0.0	0.0	0.006363001408588125	0.0	0.0
20989910	0.0	0.03725751755941078	0.01756475102037203	0.0	0.003588733744197822	0.0010142640950236924	0.021379086039815816	0.0	0.0	0.0	0.0	0.0	0.0	0.0038962461888687764	0.029379106735384283	0.0	0.006067914404639506	0.007327953899826891	0.005013160154422828	0.0	0.00118252646877392	0.0	0.001664042711936191	0.018469273201666542	0.0	0.0	0.0
21000180	0.0	0.002901821664515029	0.018331165644327293	0.0	0.022881185204250164	0.0	0.015026596263177573	0.0	0.0	0.0	0.0	0.0	0.0	0.0	0.012596615074029744	0.0	0.0	0.05485595183075915	0.029503259670261645	0.0	0.0	0.0	0.0	0.0	0.017363420476394185	0.0	0.0
21000630	0.0	0.0	0.0	0.0	0.0	0.0	0.0	0.0	0.0	0.12332439940382454	0.0	0.0	0.0	0.017099832394542838	0.0	0.0	0.0	0.0	0.0	0.0	0.0	0.029597480667743786	0.0	0.0	0.0	0.0	0.0
21002524	0.0	0.019079270882830908	0.007897238726879665	0.0	0.0031671853404526807	0.006346840604933911	0.0077391306988811035	0.0037603953138958405	0.0	0.004697541866825851	0.0	0.004490336302327273	0.0	0.017115577036907914	0.01579723805133565	0.0	0.03023406266788666	0.0	0.003632728822672233	0.0	0.015510144809497759	0.0	0.0	0.0008657880997527037	0.02718541223216145	0.011430364004810043	0.0
21125782	0.010824895760857696	0.0	0.0	0.010173588009686098	0.0	0.0	0.0017163911168059421	0.019861186673188074	0.0	0.0	0.018125382458815172	0.0	0.03896620712254821	0.0	0.0	0.019058042355643602	0.007845288576565239	0.0	0.0	0.04367626858749607	0.0	0.006822396781249078	0.0	0.003738500028702739	0.0	0.0	0.0
21176459	3.899877536682269e-05	0.007885023224880588	0.056111397369345964	0.0	0.0003386634109049408	0.0046900966394709835	0.009101611205544277	0.0057303793096609365	0.005783334003639047	0.0	0.0	0.0	0.0	0.0	0.04693247618721216	0.0	0.0	0.016515101627875832	0.0	0.007751497143738066	0.0	0.0	0.0	0.0	0.0	0.0	0.008114175157252356
21183160	0.010279430141755738	0.0	0.0	0.0	0.0	0.0038692196131234736	0.0	0.0	0.0	0.005187111787366293	0.0	0.0	0.003310239910081092	0.02212898017193898	0.0	0.001832472304053812	0.007476770003786622	0.0	0.06267262021937932	0.0	0.00868313704190163	0.0	0.0	0.013867722460204927	0.03961508004679891	0.03532716638791856	0.0
21189544	0.003518931615556979	0.0	0.05558478104161918	0.0	0.01378347138054045	0.021289295803283634	0.0	0.0	0.0	0.004279318694706352	0.0	0.03880727533628869	0.0	0.0	0.0	0.0	0.0025301271639881426	0.0	0.0	0.0	0.0	0.028658671081993145	0.0	0.0	0.0	0.0	0.0
21274280	0.0	0.0	0.05068553051508361	0.0	0.0	0.037788288622033435	0.0	0.0	0.0	0.0	0.0	0.0	0.0	0.0	0.0	0.0	0.0	0.0	0.0	0.0	0.0	0.0	0.0	0.0	0.0	0.13791848299170978	0.0
21293107	0.0	0.0	0.0	0.011996769055467477	0.009069868308375134	0.011225356290093172	0.0	0.014456048981307167	0.0	0.0	0.0	0.0	0.004377436861193811	0.023988642506673947	0.0	0.00918208096840459	0.0	0.0	0.05560788508407418	0.0	0.010391087067093496	0.0	0.0	0.0	0.050046899254025765	0.0030639025035887305	0.0
21362537	0.0	0.02716543312723888	0.01945415205353269	0.0	0.0406512958161452	0.016021885966902044	0.011134981129038784	0.0	0.0	0.0	0.0	0.0	0.0	0.011589903875153141	0.016978549051072215	0.0	0.0	0.008845856595855711	0.0	0.0	0.0	0.001098423708762225	0.0007576249386131717	0.0	0.0	0.0	0.0
21402304	0.012664442419081443	0.0	0.0	0.0	0.003526185563632291	0.009024564677141082	0.008619043697420005	0.010947004047046103	0.006334079223724349	0.021075149165723	0.0	0.01212093542694315	0.02547462051380246	0.0	0.0	0.008701660953038542	0.0	0.0	0.027021818675815504	0.0	0.012393891844145364	0.0071026560455242065	0.0	0.0	0.0	0.0037856855145628867	0.0
21413181	0.0	0.0	0.0	0.10891234953158592	0.0	0.0	0.007396787656560585	0.0	0.0	0.0	0.0	0.0	0.0	0.0	0.0	0.0	0.0	0.0	0.0528787642267698	0.0	0.0	0.0	0.0017279056838515336	0.0	0.0	0.0	0.0
22789958	0.002812838581518793	0.0	0.0	0.0	0.0	0.0	0.0	0.009672780739905316	0.01694602478575574	0.0	0.03160436335213857	0.0	0.016823995312358273	0.0005463962575738468	0.012138794189840837	0.030156418787703063	0.017081579854167472	0.0	0.0	0.013977197776079274	0.0	0.0	0.0	0.02110238757561439	0.022015519151319336	0.0	0.0
26631069	0.022606864331087762	0.0	0.008441723891650085	0.0	0.0039055633705983315	0.0	0.008614009079408659	0.00605639334478679	0.006036690467309063	0.004516973065708778	0.009870333198711103	0.0	0.004588391778774426	0.018440121158443075	0.004597742412236989	0.009779225675804477	0.01605341805528969	0.005607192656740402	0.0036141668492648696	0.009611288281154347	0.0007330301945530444	0.0	0.0	0.004800618672363084	0.0064337692547289955	0.0	0.006389036951657608
27481601	0.03414625674679649	0.0	0.014982101792276102	0.0	0.0	0.03751168910552769	0.0	0.0	0.0	0.0	0.0	0.01609263585288616	0.0	0.0	0.0	0.0	0.0	0.0	0.0	0.018136141073638225	0.0	0.01601981751143347	0.0	0.0	0.0030584139679822146	0.0	0.0
35941263	0.04640289254369707	0.0	0.004535102034527372	0.0	0.0	0.009631400529595609	0.0	0.0	0.037675881984690913	0.0	0.0	0.010116372461431936	0.003974436528418995	0.0	0.0	0.0	0.0	0.0	0.01876225429310973	0.0	0.0024137537429766175	0.0	0.0	0.0	0.0	0.0	0.0
36379623	0.003139754589956933	0.0	0.014931939415469667	0.0	0.0	0.00787010400118927	0.008194037870124059	0.003504042539016083	0.0	0.026663318279612734	0.0	0.012301085675868514	0.0	0.0	0.0	0.0	0.012320061962123152	0.0	0.009607139201895985	0.053000211473380125	0.016485311192612657	0.0	0.0	0.0	0.0	0.0	0.0
39800111	0.0	0.0	0.0	0.0	0.0	0.008704384296539126	0.0	0.0019166787997012432	0.017414624696158502	0.017943512254734312	0.036021144914950454	0.0	0.03569215325312398	0.012316748061728505	0.0	0.0191909659270007	0.009783025436217523	0.0	0.015568866005242711	0.0	0.0	0.021042020916625145	0.0	0.0	0.0	0.0	0.0
43485807	0.0025904202870171756	0.0	0.012412089720312481	0.0	0.0131048670505968	0.0	0.01668347266558276	0.0429019520556473	0.01253586390379231	0.0	0.0	0.009029507744888006	0.0022826333970289024	0.0	0.001591274834033432	0.0	0.0042372817514568315	0.0	0.018025375988120793	0.00679634155464863	0.006740126852829507	0.01522894237406111	0.0022550677148307583	0.0	0.0	0.0	0.00022529205915358387
44019405	0.014510959139943491	0.0	0.0	0.0	0.0	0.00888459150488182	0.0017380311682974215	0.0	0.0	0.015051264073738756	0.04125578411073483	0.0018849392088055228	0.02624324323726442	0.00809466100889047	0.0	0.002969100647040239	0.013042010396304636	0.0	0.0	0.007824916202236541	0.0	0.027157056166816063	0.0	0.0	0.0	0.008483214930388247	0.0
4576591	0.0003340890964003259	0.0	0.004566825718921235	0.0	0.00011637396675344943	0.0	0.010962689621559031	0.023750688485574486	0.0	0.005591640070780996	0.002182404653465877	0.0	0.0	0.021530426607027177	0.0	0.020782596829642532	0.0	0.027042420672259287	0.02780080592684152	0.0012796407353326382	0.0	0.0	0.0	0.01998984859530443	0.029714847524246395	0.0	0.0
46000440	0.0	0.0	0.0	0.0023446419379879514	0.0	0.0	0.0	0.0	0.008230272650519536	0.0059833610025118505	0.0	0.0	0.004131503129953794	0.0	0.0	0.007873928083877284	0.0	0.0	0.0	0.0	0.0	0.0	0.0	0.013253565335006481	0.0	0.05435679540926172	0.2780048924386661
46369736	0.012250797706905178	0.0	0.0	0.0	0.0	0.0	0.0	0.0	0.0	0.003446843911009523	0.0	0.09316620539893265	0.0	0.0	0.0	0.0	0.0	0.0	0.0	0.04297912580583375	0.0	0.0	0.0	0.0	0.0	0.0	0.0
46547648	0.0	0.0	0.0	0.0	0.0	0.0	0.0008208461408054025	0.0	0.0002008363316938195	0.0	0.0673216717779483	0.017394607206719623	0.019718167144595972	0.0	0.0	0.009955466590430402	0.0	0.0	0.0027136226857094456	0.03719975479200213	0.0	0.020704802010283505	0.0	0.005612243561316986	0.0	0.00014061338539661454	0.0
50100770	0.013701543896733276	0.0	0.0016840173767611254	0.0	0.0	0.01589258189998926	0.0	0.029893454743760508	0.02241325650804459	0.0	0.0	0.008920636687798408	0.007039962302876955	0.0	0.0	0.010788271270937611	0.0	0.0	0.019815874450534447	0.03077576215063236	0.0	0.0	0.0	0.0	0.0	0.004558396729956316	0.0
50102376	0.0	0.002594435137425602	0.0032434203888171147	0.0	0.0	0.0005711994632374373	0.0	0.012936647802925758	0.025535041174210182	0.008514029140089622	0.021977201624107434	0.008588329058533942	0.0	0.0	0.0	0.0	0.024865413565288447	0.0	0.014353324703838998	0.009167764268723457	0.0	0.02958485794468715	0.0050354744447300955	0.0038110979307765446	0.0	0.006026389117205721	0.0
50104008	0.0	0.0020164058374862433	0.0	0.0	0.0	0.0029217551098220753	0.0	0.0	0.0	0.0	0.0	0.0	0.0	0.0	0.0018720937228871746	0.0	0.0	0.0	0.0	0.013400403109041456	0.0	0.022115349408964317	0.0	0.13733605399148127	0.0	0.05941991715849085	0.0
50104134	0.0	0.0	0.0	0.0081001225067199	0.0	0.0	0.00045681528893930256	0.036504195353375596	0.0	0.02398632588796823	0.00036913645205516717	0.0	0.004823716564771382	0.05389994673305007	0.0	0.002597073748406281	0.0	0.0	0.0	0.0	0.0	0.0	0.07375003552021824	0.0	0.0	0.0	0.0
50104846	0.012392264577069585	0.0	0.0	0.0	0.027056648065356775	0.0	0.025859575255018964	0.025668573328200765	0.0061540631586419516	0.0	0.007148521011528921	0.0	0.0	0.0	0.0	0.0	0.013314866541573302	0.011696306293708688	0.0022407761510795064	0.0	0.0	0.0	0.0	0.012008318159088743	0.012653472977390232	0.0	0.0038480719617510584
50106442	0.0	0.003822451121908869	0.0	0.0028212857251163933	0.014280746838640881	0.0034351051658470673	0.008582050623700063	0.009062433687201612	0.00020428819383003116	0.008953239796881712	0.01552081843971597	0.0	0.0	0.027853608153527634	0.005946411588056746	0.0027032533335914536	0.0	0.02385423010460982	0.005248920855297245	0.0	0.02018845450158471	0.0	0.0	0.0016935559546222697	0.015368126276751088	0.0	0.015620105676529002
50106730	0.0	0.0	0.0	0.016189939387467232	0.015237787947410123	0.004483310660640533	0.05582303889800109	0.0	0.0	0.0	0.0	0.0	0.0	0.0	0.0	0.031540800172229135	0.024707753103394528	0.0	0.0	0.0	0.0	0.0	0.0	0.0	0.0	0.0	0.01610742199569917
50107871	0.02121318290188275	0.0	0.0055119198646168335	0.0	0.0	0.005956840502832584	0.014269291948329299	0.02872285762179578	0.00811974822467891	0.0	0.0	0.04713045965600525	0.0026847747253307915	0.0	0.0	0.0	0.0	0.0	0.0	0.0	0.0	0.016480104952768797	0.0	0.0	0.0	0.0	0.0
50108048	0.0	0.0034078259393141136	0.0	0.0	0.0	0.0060941108596865206	0.0	0.0	0.0	0.0	0.0007136996452860784	0.005468188958575342	0.0	0.0	0.04349954608797521	0.01574910533328691	0.004122167530891721	0.0	0.0	0.08776817775503211	0.001136058510846762	0.0	0.0	0.0	0.0	0.0	0.0
50108462	0.011639999849653774	0.0	0.0	0.016202086726171152	0.005154823116624033	0.021787251342134925	0.005748782071638093	0.001573914291482764	0.02502607325606274	0.005551284304380731	0.0	0.0	0.009745274895863385	0.0009180897907640431	0.0	0.0	0.005635889613302827	0.013581389294884958	0.019720568627803182	0.0	0.0	0.01471074095755463	0.0009206040585212114	0.0	0.0	0.0	0.0
50108750	0.007552909529907758	0.0	0.0	0.006689552312402749	0.0	0.012857520353727617	0.0	0.0	0.0	0.0	0.0016949626941931012	0.0	0.043165943152401985	0.04701565853416682	0.007201089469264904	0.02274145573573044	0.0	0.0	0.009216538109381419	0.0	0.0	0.0	0.02131790658969638	0.0	0.012002942739410796	0.0	0.0
50108912	0.0	0.03299104520445436	0.0	0.05287740924892307	0.0	0.0	0.0	0.0	0.0	0.0	0.0	0.0	0.0	0.015593289182939412	0.0	0.0	0.0	0.0	0.0	0.0	0.0	0.0	0.09061070913888696	0.0	0.0	0.0	0.0
50109215	0.0	0.015571592162583565	0.0	0.0010773916861021332	0.005375157962610571	0.0	0.006241054168241193	0.03030371049168986	0.01675195113006081	0.018590513387711602	0.0	0.0	0.0	0.0	0.007344335545323413	0.017058974814176144	0.015745786858575143	0.0	0.0	0.0	0.01330934722421926	0.0	0.00394067886124119	0.0	0.0	0.0	0.02996439481131915
50109927	0.0	0.05940872334437894	0.012494487936917906	0.0	0.0	0.0	0.0	0.0	0.0	0.0	0.0	0.0	0.0	0.041215354596447415	0.0	0.0	0.0	0.009338630929219794	0.0	0.0	0.0	0.0	0.04593292253161254	0.0	0.0	0.0	0.0
50300822	0.0	0.0020673949066271585	0.0	0.00658400276155805	0.004709335035200632	0.0	0.0	0.0026412929427058365	0.0	0.025404967896083427	0.0	0.0	0.0	0.014257398006891702	0.0	0.012570611196807786	0.0	0.009093989511233443	0.0	0.0	0.0	0.0	0.11663351798575139	0.024262501383424517	0.0	0.0	0.0
50301675	0.010669872015887313	0.0009546626465793494	0.000134507833503361	0.0	0.0	0.006458974863059466	0.0	0.0	0.0	0.0	0.01673794060304769	0.0	0.009517194342479267	0.007023045054765829	0.04529941083569537	0.009382852578821765	0.018558605022309483	0.00034052549620089336	0.006899367154841222	0.0136124115539371	0.0	0.0	0.0	0.0	0.027539338972258975	0.0	0.0
50305165	0.0	0.02480921579281513	0.0	0.04684225151345164	0.0	0.0	0.0	0.02863630697916266	0.004179683800863365	0.02434116496355577	0.0	0.0	0.0	0.013415755908373276	0.0	0.0	0.014026346056573052	0.0	0.0	0.0	0.0	0.0	0.0	0.0	0.0	0.0	0.00570576882405543
50400259	0.0	0.018917408147199142	0.0	0.0	0.0	0.009187688192402114	0.05572849856531721	0.0	0.0	0.0	0.0	0.0	0.0	0.03450879608705193	0.0	0.0	0.007953456915817489	0.001911792944566324	0.0	0.0	0.0	0.030075705974600964	0.0	0.0	0.0	0.004610368428135176	0.0009791662475627176
50400385	0.023109978826694876	0.0	0.0	0.0	0.0	0.007634912665681986	0.02347236666945078	0.0	0.04348614895479403	0.0	0.0	0.0	0.005189972662379396	0.0	0.0	0.050443366222718444	0.0	0.0	0.0	0.0	0.007921598977487085	0.0	0.0	0.0	0.0	0.0	0.0
50402693	0.0	0.0	0.0	0.014204698322249949	0.002094077534037742	0.001446621163075621	0.0	0.0	0.016641238962198844	0.0	0.008211642630016953	0.0	0.0	0.0	0.0	0.0	0.03920671729186398	0.0	0.0	0.0	0.009120414388136443	0.0	0.11542925028302477	0.0	0.010973603646799801	0.0	0.0
50402729	0.00012775308619700446	0.01093834027453855	0.0027843747991073554	0.0	0.002497037566640514	0.021587782724278425	0.0	0.0	0.016293951950779803	0.015282915491479435	0.0	0.0	0.0	0.0	0.0029345579997195176	0.022246498368662094	0.003013770514133811	0.03724041819531496	0.0	0.003525401018646103	0.01130034842159172	0.0	0.0	0.01193502679366694	0.0	0.0	0.0
51624179	0.004277673746579381	0.00818512793011207	0.0	0.0	0.02703681180449211	0.002585750883485658	0.033756177777623964	0.009600924690391845	0.017891425686899057	0.0	0.0	0.0	0.0	0.0	0.0	0.0	0.0	0.0	0.02503876336753649	0.014306657961614485	0.004377617247318714	0.005175601986566126	0.0	0.0	0.0	0.0	0.0
54122640	0.005633547681917104	0.0	0.025423496363276715	0.0	0.006252766864605119	0.0	0.0	0.027799017061361998	0.00918285707783932	0.0049217543232656	0.0005909716419789186	0.004847318088055275	0.0	0.0017180327519753112	0.013515750481621324	0.006160448275935211	0.010636728169217678	0.0	0.008852859094699468	0.012043157346255128	0.0	0.0	0.0	0.023390393439456994	0.0	0.005425773207310181	0.0
55897318	0.0	0.0032268820006172276	0.025726859945839255	0.0	0.010151224447080406	0.011528631978894477	0.0	0.0	0.0025575376338733535	0.0	0.01268188168857123	0.0	0.0	0.006192034664826764	0.007478619391172369	0.0038221093037305405	0.021460601186025177	0.0	0.001639353557209813	0.0	0.04152684764553181	0.0	0.0	0.0	0.018344021593795848	0.0	0.013936932034270383
56432243	0.0	0.002426253104211949	0.005881354139131287	0.0011047929258885551	0.03494612413264674	0.004718527080933705	0.0	0.0	0.0	0.0	0.022552330906979626	0.0	0.0	0.02227409179640337	0.0	0.0	0.0	0.0	0.0232277023826885	0.0	0.0	0.05205215336127233	0.0	0.0	0.010658857984908787	0.0	0.0
5779736	0.002558880531446035	0.0	0.0	0.003785848316568135	0.0	0.0004374179394790361	0.00013185379828329995	0.03573894394312462	0.024118820089981216	0.008627170629573114	0.0	0.017763830017978887	0.0010801964225591809	0.0	0.010487042100406194	0.007757583444435937	0.02951077786900203	0.0	0.0	0.0015584137154318074	0.0	0.00017624933946729123	0.011656056703540287	0.0	0.02092918248855363	0.0	0.011697936584944743
60747316	0.0	0.0	0.013253211344914313	0.02055002405470399	0.0	0.0	0.04667739740934023	0.0	0.0	0.0	0.0	0.0	0.0	0.0	0.0	0.0	0.0	0.009082659178636347	0.0	0.0	0.0	0.0021742332644699904	0.0	0.010190400732897387	0.08242611860886746	0.0	0.0
66754397	0.03277473894307574	0.0	0.008071820224791216	0.0	0.0	0.007439130359781188	0.0013265397205417544	0.0	0.012458302097817535	0.0	0.0021834456615228157	0.03658188121989666	0.006004254901314817	0.0	0.0	0.0	0.0	0.0	0.006870013414404738	0.0	0.0	0.02213310655088774	0.0	0.010121682101900922	0.012251000135167445	0.0	0.0
69982533	0.031876921886247835	0.0	0.0	0.0	0.007740307828907435	0.0	0.0	0.0	0.0	0.009559932621894982	0.0	0.038880663982881536	0.029145885564123813	0.001136494850728166	0.0	0.0	0.0	0.0	0.0	0.0	0.0	0.027810554312415095	0.0	0.0	0.0	0.0	0.0
70153803	0.0	0.0	0.0	0.0005104899251343453	0.0	0.0	0.0	0.03750919355649187	0.01144103848912784	0.031103429987580325	0.004978910040177692	0.0	0.015021648775371292	0.019955134490019233	0.0	0.055529776737618886	0.0042601563153951815	0.0	0.0	0.0	0.0	0.0	0.0	0.0029413225636229614	0.0	0.018436866059631726	0.0
7253015	3.039472795491241e-05	0.01052166461751157	0.005865452098880058	0.008453179426136617	0.0065792828298509715	0.0	0.009507745723726868	0.02266477952844661	1.387582747837077e-05	0.003391937917209056	0.009738620820888678	0.0	0.0028135800943646333	0.007151363790508446	0.0	0.0030667982623786456	0.025053915431789586	0.0009270446792234602	0.004606305944073141	0.011401789012304743	0.0	0.0018339346311730185	0.009825380943353664	0.021779186002608645	0.0	0.0	0.0
7265221	0.0	0.0	0.0	0.0	0.0	1.5134587863089575e-05	0.032054266619302045	0.0	0.0	0.0	0.04772238757704672	0.0004490759710261523	0.004412256202752465	0.0	0.01142855675971205	0.0	0.0	0.0	0.0	0.0	0.0	0.032223761985167715	0.0	0.0	0.07767263224382566	0.006708282416402166	0.0
7287209	0.0	0.002468293588683557	0.0	0.019584699421215802	0.011957700848896469	0.0	0.014873191154388402	0.01216935002111541	0.0	0.0	0.018171375133079558	0.0	0.0	0.015351682619629044	0.0007205158881734857	0.000898715845838898	0.011700792741164945	0.012493483419064444	0.031585588694986934	0.001395162608684718	0.010145057197997444	0.0020425230401722267	0.004406945330986764	0.0029720793560323	0.0	0.0	0.0
74753465	0.0	0.0	0.0	0.0013757982407638575	0.0	0.040002070894266085	0.0	0.011251583799201385	0.0	0.0	0.0	0.0	0.0	0.015789592289413998	0.002627247442238605	0.0	0.0	0.013248288645894848	0.0	0.07574541573494507	0.0	0.0	0.0	0.0	0.0	0.0	0.0
75990666	0.0	0.0	0.0	0.0009080300111481435	0.0	0.005391630376520075	0.03969481512982202	0.013177155431593635	0.0025825636744958237	0.0	0.011990642159063137	0.0	0.0	0.0	0.004774135638175169	0.0	0.0	0.030853672422382208	0.031004003778352843	0.00016557371134214003	0.004985630017824138	0.0	0.020368398680671928	0.0	0.014514810266502207	0.0	0.004799251164240052
76647134	0.0398342304958516	0.0	0.0	0.0	0.0	0.014262284783819516	0.0	0.0	0.0	0.0	0.0	0.0	0.028917787061652205	0.009047132580119849	0.0	0.0	0.0	0.0	0.0	0.02280294673952188	0.0	0.0	0.0	0.0	0.04039750841036469	0.0	0.0
76755449	0.012463625529835324	0.0	0.0	0.0	0.04680479928491128	0.024332189244867117	0.0	0.0	0.0	0.0	0.0	0.006306859150271212	0.0	0.013010335941079759	0.0	0.0	0.034446392920251555	0.0	0.0	0.0	0.003250751516781166	0.007657534590706435	0.0	0.0	0.0	0.0	0.0
76867532	0.0	0.0	0.0	0.0	0.002357892006065536	0.011943463338798015	0.0	0.03202434001758243	0.004069984133458419	0.008724917009211748	0.0	0.0182709976512395	0.006216053438372682	0.0005254986734358813	0.01089835060110333	0.017232446287814923	0.00644957735417213	0.0	0.0016991956459998362	0.030694906108520527	0.0	0.0005202679181582738	0.004087241423206653	0.01429035147389859	0.0	0.0	0.0
78353027	0.053029504501826426	0.0	0.007448480400000957	0.0	0.0	0.002497487736160899	0.003720645715513887	0.0	0.0	0.0	0.016990101735288626	0.0	0.00938403175789049	0.010443440030016574	0.0	0.0018483657005670749	0.0025103104259218954	0.011304051187122853	0.01812377054291145	0.0	0.0	0.0	0.0	0.0	0.0	0.00024617567198343803	0.0
81852640	0.006153617737406348	0.0	0.030808797603633382	0.0	0.020267803567732088	0.00043704941897790365	0.0	0.019463670194772843	0.008406509648419193	0.004361555525086944	0.0	0.0	0.0	0.0	0.0	0.017567939784550634	0.0002823194392906069	0.029877875487419204	0.0033954074215076847	0.0	0.0	0.0	0.0	0.015877124536689834	0.0	0.0	0.007386230317267485
81874628	0.0	0.0	0.0	0.0	0.0	0.0	0.00843218614280885	0.0	0.022112333401712477	0.0	0.0	0.0	0.02120000368957581	0.0	0.0064840770401855905	0.08817999448533585	0.015766139086544912	0.0	0.0	0.0	0.010409229777987918	0.0	0.0	0.0	0.026620002337969878	0.0	0.0
82317494	0.0	0.04010329408553189	0.0	0.07032808324665865	0.0	0.006249035487753161	0.0	0.0	0.0	0.0	0.0	0.0	0.0	0.019627588059734438	0.0	0.0	0.010695386545170391	0.0	0.0	0.0	6.219185543573414e-05	0.0	0.0009019902439601966	0.0	0.0	0.0	0.0
83984043	0.013378737164112637	0.0	0.0002880393280653103	0.0	0.0	0.015882348156295828	0.0	0.0	0.008277375878465942	0.0	0.004936650594273078	0.02394703807999877	0.021718935629150365	0.0	0.012960493628330117	0.0	0.0	0.0	0.0	0.03982563973068972	0.0	0.013638394217098957	0.0	0.0	0.0	0.0	0.0
84642424	0.016237550628168947	0.0	0.0	0.0	0.01921066676642738	0.009891909107198608	0.012506050085971568	0.0	0.0	0.0	0.0	0.0	0.037919449406413494	0.0	0.0	0.0	0.0	0.0	0.0	0.0	0.0	0.06864589883472635	0.0	0.0	0.0	0.0	0.0
85171938	0.0	0.0	0.021516372099065116	0.0	0.004091529994027215	0.013405693156730791	0.0	0.0	0.0	0.0	0.0	0.0	0.0	0.02996127118365055	0.0	0.0	0.0	0.0	0.002315155275325643	0.0	0.0	0.0	0.0	0.0	0.0	0.0	0.24566599256888627
87645445	0.00403825638748919	0.0	0.0	0.0	0.0	0.02252084511854764	0.0	0.0	0.0	0.0	0.03194135313683993	0.040057124432931975	0.013785114422495581	0.0	0.0	0.04539125882857097	0.0	0.0	0.0	0.0	0.0	0.0	0.0	0.0	0.0	0.0	0.0
89164957	0.0048426027314356695	0.0	0.0	0.0	0.0	0.009620690386248685	0.015240241634665473	0.02895361441938329	0.0	0.0	0.015210958666488228	0.003238865963966319	0.0	0.0	0.0	0.0	0.016626449220228618	0.0	0.0	0.04234694823164386	0.0	0.0481683724993802	0.0	0.0	0.010980405194765449	0.0	0.0
90267190	0.0	0.013753819724504018	0.0	0.00363839063947716	0.0	0.007362413367405012	0.004348015244930583	0.04469149002325655	0.0	0.005962674304238201	0.0	0.0	0.0	0.010347153683871622	0.0	0.0	0.0	0.031569726433759784	0.008912371883634114	0.0015893015123027165	0.0	0.020514696588024118	0.013061734144385436	0.011364007952708697	0.0	0.0	0.0
91018909	0.0	0.029870318804390915	0.0	0.0020933078809417488	0.0	0.00599515757110285	0.0	0.0	0.0	0.0	0.0	0.0	0.0	0.012505053546073742	0.00039686752635271583	0.008749461728078053	0.0	0.08477934598893258	0.0	0.0	0.0	0.0	0.020696106991999804	0.0	0.0	0.002302073846797496	0.0
98953007	0.0	0.0	0.0	0.0	0.0	0.0	0.0016319646097624893	0.0	0.03692225883256689	0.0	0.0	0.0	0.026972989689445045	0.0	0.0	0.0	0.0	0.0	0.0	0.0	0.0	0.09672535340214056	0.015598794341660128	0.01302713456363953	0.0	0.0	0.0
