	S1	S2	S3	S4	S5	S6	S7	S8	S9	S10	S11	S12	S13	S14	S15	S16	S17	S18	S19	S20	S21	S22	S23	S24	S25	S26	S27	S28	S29	S30	S31
10101327	0.012253146125839828	0.0	0.0031632404603410716	0.0	0.029498305631616477	0.0	0.0	0.0	0.0	0.0	0.009296092717180602	0.01003978601519429	0.0232437806000499	0.004785514692422149	0.0	0.0	0.013710059943915396	0.002993252704262105	0.0016899213226402358	0.010368692749680605	0.002846736093825581	0.04369172739988121	0.0	0.014363437971825158	0.0	0.0053459978642414465	0.0003535515784925471	0.0	0.0	0.0	0.0
10101589	0.0	0.005355722852753588	0.0	0.0002474139095109539	0.0009034485437739765	0.0037814676048991583	0.02391748493659485	0.01144155716891466	0.0	0.0	0.0	0.012753290021574737	0.013819131892441685	0.0	0.0013369827004964753	0.01322839727987733	0.001895555597828957	0.0	0.025640808975973827	0.0	0.012854132355054641	0.02084469717111236	0.0	0.012895061979088263	0.023705911225137745	0.008974830317833658	0.0	0.0045445021687958295	0.0	0.0	0.0
10221262	0.0065262596293570235	0.0	0.0	0.0	0.01701854040608301	0.001995050756803823	0.01951405514075195	0.0	0.011177492084180307	0.02228442742165049	0.0	0.012142503606654965	0.0	0.0	0.00040549815452179414	0.004334654518004607	0.0	0.0	0.0012600847948885166	0.01360419789383726	0.016881102837340803	0.0	0.0	0.019676248636227814	0.02817824876559087	0.00460895179724499	0.0014433833968398634	0.0	0.011885177452579122	0.0	0.0
10222853	0.003164946382714862	0.004757163339980491	0.0065393959426241904	0.016566642236997546	0.016721422601651992	0.0	0.0	0.03910891515767455	0.004519383441791406	0.007534885220014118	0.0	0.004382711267210947	0.0	0.0	0.029623780956963313	0.0	0.0	0.0	0.0	0.0	0.011183391479585265	0.018889011560398215	0.006594389895290993	0.0	0.0	0.0	0.006118602164339417	0.0	0.0	0.0	0.018927223335574825
10248033	0.005309156093067157	0.0022839284059697515	0.0008920210033956081	0.013234356399089375	0.009907534149441179	0.0	0.0	0.02205216227949647	0.0	0.004581353698422006	0.034403186027570316	0.010512797336092589	0.018887393395697834	0.0	0.0076106597650365876	0.0	0.0	0.0009654235280977963	0.006831446696874263	0.0	0.016167003743345457	0.0026079454837410906	0.0	0.0	0.0008236928968643371	0.0	0.019515774399037285	0.010891025310528128	0.0	0.0	0.008939921232108291
10298957	0.0	0.0	0.036954296887187814	0.0	0.003986947871759387	0.005508457646243392	0.04640775243150191	0.0	0.0021472796398273324	0.0	0.019304315879384006	0.0	0.0	0.0	0.0	0.0	0.0	0.0	0.0	0.02812731703605703	0.0	0.0	0.0	0.03882300585919377	0.0	0.0	0.0	0.0	0.0	0.00604597939400668	0.0
10435090	0.0031552793983011004	0.009399534589570454	0.021715921768741007	0.028117027466256727	0.014217310545151407	0.0	0.0	0.008480935051882398	0.0	0.0	0.0	0.007473547473301373	0.0	0.010183717478882887	0.009553097255901892	0.022386246002770293	0.0	0.004481004200487608	0.01226594828408578	0.0	0.0027142032636941153	0.0	0.01256658817381147	0.0	0.0	0.0	0.0073172781392273805	0.0035565241162047777	0.0	0.0	0.0
10684501	0.0	0.0	0.002225850252142389	0.015963676929161116	0.0016612458967372452	0.011351721204388371	0.0027051655745996953	0.0	0.0	0.018259603014135664	0.014951943550166394	0.02112424362325058	0.02585542019528244	0.0	0.013072598819558343	0.01591759667700953	0.0010773171046655127	0.0	0.012097504858819835	0.0	0.0	0.0	0.0	0.008929975051040706	0.0	0.0	0.001992364675821525	0.00024586165287166466	0.017425303053214682	0.004965658829172542	0.0
10866165	0.0	0.001476757720431907	0.0	0.0	0.0022017646830428243	0.02697983526001748	0.020067035970256636	0.04227568955561898	0.0	0.01921327075812126	0.0002682348765915359	0.0	0.0	0.0	0.0021196883390572135	0.0017588644360305695	0.0011271907794792898	0.020369249418503765	0.00965800990589588	0.0	0.010722807043258993	0.0	0.006243756533049659	0.0	0.02819113499631895	0.0	0.0	0.0	0.0	0.004134854279039685	0.0
11157783	0.02071209670714552	0.0	0.0	0.00030321511737181313	0.004123795877636636	0.0062933231175530705	0.0	0.015724574327995507	0.0	0.006216634081976666	0.0061373343916780445	0.002119142873562262	0.005854108044597423	0.01722420124087198	0.0	0.021573762754830514	0.014013970391472915	0.0022738026602704938	0.0016861913601915813	0.005995593780159982	0.02576966632819619	0.0	0.0	0.0	0.020882100997345655	0.006963814137333492	0.0	0.00579831156327535	0.0	0.0	0.004155427463283155
11319389	0.017758675191464256	0.011196724394512353	0.0	0.0	0.022596146586800724	0.01311819332025395	0.0	0.0	0.0	0.003968773874734447	0.007418126029111351	0.011019830395394403	0.0020391406555412095	0.0	0.0	0.0	0.0	0.0	0.025727625190451058	0.0	0.0	0.0	0.0	0.02221133099137348	0.019613268504218656	0.0025816394522137024	0.0	0.0	0.0179060962343425	0.0003333569951624686	0.014038642597493052
11326252	0.0	0.0	0.01554778211038375	0.008534167054862337	0.013125251360441494	0.0	0.0	0.01269009320857271	0.0	0.015742640249244405	0.011706737175208145	0.012501940022726641	0.023908287303562	0.0	0.007111001181102558	0.0	0.0	0.0	0.01823987212058857	0.0	0.009239907586890304	0.0	0.00969400522302595	0.0	0.0	0.0	0.0	0.001681806703592827	0.02687042611617963	0.0	0.0
11327005	0.0	0.0	0.0	0.024740798886635378	0.012189570411513511	0.003909230574343986	0.002934582368344859	0.010681564543826794	0.010494038173633223	0.003149152572630124	0.015383012527368789	0.008188690240343096	0.008190592026033295	0.0023677738899401863	0.014606937558437314	0.022358529983460357	0.0021336926737150633	0.0	0.0	0.0	0.004687966384241076	0.0005137754235908574	0.0	0.022102811602125412	0.01630369350968601	0.0	0.0	0.0014538767614970837	0.0	0.0020708446469559993	0.0
11345331	0.0	0.0002734224937481095	0.030167493891401734	0.04544851634213214	0.0	0.0	0.022805745851369012	0.0	0.0	0.009113085942717118	0.008650428200835954	0.01315890372349654	5.325334874313397e-05	0.0	0.0	0.0	0.0	0.000649550949473514	0.014863133805821428	0.0	0.0	0.001843624136282084	0.0005676982130077973	0.0032708876804819773	0.0	0.00686407513116704	0.0	0.006088550910981006	0.002845057906002407	0.0033992702845111323	0.00393507711812492
11392518	0.0	0.0	0.022370662516439065	0.029176594001391862	0.0	0.0	0.02620752695936473	0.0008919605789657908	0.0	0.014578875320167186	0.015889382134893635	0.009510778339828024	0.0	0.0	0.015332761680063355	0.007650265728438949	0.010833186640124256	0.0	0.00220835961706058	0.0	0.0	0.0	0.016137796998739403	0.0022250769416899403	0.0	0.006001682188049144	0.0	0.0	0.0	0.0	0.0
11413170	0.0	0.0	0.022787918580988956	0.0	0.021373714368302134	0.042591956233974805	0.0	0.0	0.0	0.0	0.001961851115657119	0.01701502449482798	0.0	0.0	0.0	0.0	0.0	0.0	0.012265551295172946	0.0	0.0	0.007779840091491143	0.0	0.0	0.00415862130994386	0.0011179872482073047	0.0	0.001394071501068282	0.051888944542157464	0.0	0.0
11453772	0.0006079497306523604	0.008318169760767366	0.0	0.03536319091005216	0.0010441189691607169	0.0005492777077612614	0.0047890164420798	0.0	0.0	0.0074933004887126255	0.0	0.020476898932737936	0.00036197741211646767	0.0	0.0	0.017897664783466438	0.0002843320391032264	0.003955456490052954	0.0	0.007391339646682808	0.0	0.0	0.056972809416927284	0.0032220526841384976	0.003465277503159265	0.0	0.016442487278547746	0.0	0.0	0.0032972371006065922	0.015925647971303733
11606935	0.0	0.0019644803883215115	0.022404618454447866	0.041824764327408816	9.616786446248226e-05	5.487618282782144e-05	0.004226260664283478	0.015077748189922914	0.0	0.003904105518810639	0.0	0.014440924090477219	0.0	0.007914244078078073	0.0	0.0	0.0012170031546638964	0.0	0.02180834246120659	0.0	0.002791621812668339	0.0	0.016820160822240214	0.0022697241918343807	0.0	0.0	0.01240977113845407	0.0	0.010879802640316806	0.000505235616819379	0.002300296959986644
11616707	0.003987662019563754	0.0	0.007177473969705105	0.006350090444754911	0.013009147306245895	0.017222565719910262	0.0	9.885760900975202e-07	0.0014093844965601383	0.006733430159865308	0.011423873129453121	0.007546913279257809	0.0	0.0	0.026814892313751938	0.01920190800124719	0.0070271465879663325	0.0	0.0	0.0	0.0	0.007392849919353657	0.005681186235551673	0.013076428113766898	0.0005353471338270478	0.01004658539010157	0.0	0.0	0.02333294884860988	0.00719594408289587	0.0
11619606	0.0	0.00033151591382235335	0.0	0.0	0.0007614901811721781	0.01402876626160147	0.0	0.002563552487757031	0.011192669992860614	0.0	0.020097856567404617	0.00010753304626424266	0.0005673150311535904	0.0020298643950001126	0.04060121289399676	0.0021045694008783667	0.027203092917446357	0.0	0.0	0.0	0.0	0.006111386867254907	0.0011591469592427508	0.0	0.03319030867238426	0.000808030969580574	0.0	0.0	0.03708353609759209	0.009636459309466733	0.02954933595671423
11652071	0.0039105771820657905	0.0	0.011058359445678883	0.0	0.0	0.027338931573823444	0.0	0.02122053294281694	0.0	0.002943967115205096	0.0020013868915014547	0.010793544855154148	0.0	0.0	0.024561189403887056	0.0	0.006328382072683425	0.0	0.023602436638924727	0.011745766078580813	0.0012773831527403857	0.0	0.012652717535709568	0.0	0.016197271614809303	0.0	0.0008542367946039911	0.0	0.01712308991344661	0.0	0.0
1243685	0.009576269672029368	0.013488223225120778	0.03147071932004568	0.0008220981138570966	0.01634006192969597	0.007505751672789044	0.0	0.006159255045731505	0.0	0.0	0.0	0.0	0.0	0.00013838145257083834	0.014703609126116499	0.0	0.0	0.025996024029927872	0.0	0.005057665522741825	0.0	0.0	0.0	0.013787816505078397	0.0	0.02471867153202443	0.0	0.0	0.011155313392765324	0.0	0.0
14498577	0.013249949169810893	0.011771685546082709	0.010572862345501258	0.0031229165697836806	0.006751812195513441	0.0005744931635936212	0.016509151088580473	0.013441543591634264	0.0063085472190628645	0.0	0.0	0.0020031052807219594	0.0009611600014633035	0.002610331244702807	0.010841199889371676	0.0	0.00030040519808278895	0.004001194156852469	0.00897876933340231	0.004690941658218944	0.02037053222239112	0.004649421323781845	0.006452231028381762	0.000506741340049989	0.014272745372145585	0.0	0.013170261903298897	0.004451768200252196	0.008903654017797176	0.006679921912008214	0.0
14641578	0.0013578253967485702	0.009607471667500334	0.00716806943592659	0.003920480721877995	0.026446766566462294	0.0	0.017595720190856826	0.0	0.02782469352401927	0.0	0.0053231360929783126	0.0	0.013365599561585862	0.0027887815506916136	0.0	0.002789775880367351	0.001513756101034455	0.0024296100954661866	0.018281487077373676	0.011034813643716087	0.0	0.0	0.0	0.013577629490705425	0.0	0.01436509232589773	0.0	0.0	0.0037680174481664252	0.0	0.014269842631518129
15387421	0.0	0.0	0.0	0.0	0.0	0.0	0.0	0.010966822830783504	0.0	0.0	0.024688740838502907	0.023574412952100266	0.02635626148904849	0.0	0.0	0.03006487599029442	0.019635251713023633	0.0	0.0	0.007261789265148336	0.030254016256681577	0.013438009067972236	0.0	0.0	0.005996589938146651	0.0	0.0	0.0	0.016052059132044025	0.0	0.0
18414513	0.025355670549802492	0.012370996114184202	0.004459564175734535	0.0	0.017968470911075785	0.0049478605336630635	0.0	0.0005184080567972423	0.007459124921654142	0.0	0.0	0.006111441250286892	0.0	0.02056444985793114	0.01272708946426211	0.007839116400180986	0.0	0.005486693069839982	0.0042106089673077255	0.01261668558483513	0.00024604557915832754	0.0	0.0	0.02159080086327853	0.0	0.0	0.011089628545999883	0.0	0.0	0.0	0.004062648612652334
20112377	0.011635090080183506	0.012982715322637757	0.004101011136640207	0.0	0.023812602289176872	0.0	1.2547412154897434e-05	0.0012019361450220267	0.0008723846820748546	0.0	0.011671457478464724	0.0	0.0015715215087856484	0.0	0.009991591287077191	0.018569659734748205	0.004074379325675266	0.01597437720578674	0.0	0.014778066923122687	0.00929917859930012	0.018974621947497126	0.0	0.014184776105293177	0.0	0.0	0.0008675075514899529	0.0074093141199398065	0.0	0.0	0.010901770467964787
20120255	0.0	0.0	0.01840889237655471	0.008361352464151121	0.0	0.0	0.0	0.011505141940564413	0.0	0.0	0.032694888706485646	0.025097206529754182	0.009199348501971714	0.0	0.017897831193576356	0.0	0.015664683633369612	0.0	0.0	0.0	0.0	0.004690658455345508	0.04209530241959639	0.0	0.0	0.0	0.0	0.0013028229083923153	0.0013582220682702797	0.0	0.0
20124619	0.0	0.0	0.0	0.0	0.0	0.03150820203296356	0.0	0.029087489661182526	0.03548425684628408	0.0	0.0	0.0	0.008159951131733087	0.007591669777984375	0.013112093988001908	0.0030083108809891737	0.0	0.0	0.0	0.0	0.05511440896410009	0.0	0.0	0.009876811595917731	0.0	0.0007803815892130891	0.0	0.0	0.0	0.0	0.0
20139562	0.00430440331073078	0.0	0.028013757140121633	0.0	0.021557895366331663	0.0	0.003240094970452637	0.019719872229959825	0.005173615694359397	0.0	0.020867733818241016	0.0	0.027836812712143475	0.0	0.0011349073464186447	0.0	0.0	0.0	0.0	0.01072897801250231	0.024425639455755786	0.0	0.0004174090903727114	0.0	0.0	0.001766720819871278	0.01113094676917382	0.006919336273515381	0.002943148374452452	0.0	0.0
20147440	0.015125028530584278	0.010307499236178129	0.0	0.0	0.0017873555634163464	0.003936189305776726	0.0007485299132468181	0.0	0.006198003649588173	0.0016023161962902747	0.006203276397922817	0.014095068496507173	0.013658460485369488	0.0023521651790367475	0.0	0.019146607771271442	0.009536594352928147	0.0	0.007656689894348264	0.017531716395594626	0.0030554123851591936	0.011795097016494322	0.0	0.01771450898212691	0.01390565538553159	0.0	0.0	0.0	0.010787853552667752	0.0	0.0014982572101398233
20152393	0.0	0.0	0.0	0.004065102840922403	0.03594473446609434	0.0	0.0	0.01052573516933481	0.009995752679259548	0.01993862219643247	0.014068835245184739	0.0029087313288329833	0.013452646174183824	0.004022919211198786	0.02617613149528336	0.0	0.0	0.0	0.004994976876920269	0.0	0.0011322457147608142	0.0	0.0	0.0	0.01754827604769763	0.006469279754362288	0.0	0.0	0.023796503742011824	0.0	0.01489314602164742
20156469	0.03631722924014758	0.00700984154016929	0.006020141984351338	0.0	0.0	0.0	0.0	0.005859745192553352	0.0	0.012696271417185332	0.004788008215474694	0.0009200056515201388	0.0	0.012738640891232684	0.03045033344074524	0.0	0.0	0.0	0.00499007210353918	0.011660152516331063	0.00393635813783239	0.006897244358752574	0.0010431245421907028	0.00754308849277998	0.006953282281323598	0.003250112853796012	0.009140403562387586	0.0	0.0002881267303042344	0.010104845639997511	0.00011856649521572478
20173942	0.01749508534334281	0.0014272310185248363	0.0	0.007732184984219478	0.0024965841436624574	0.0	0.0	0.0	0.0	0.005229600218533374	0.028927736888640594	0.0	0.0	0.01301401855362408	0.011961815134588534	0.0010739432868784285	0.0	0.017095813661067667	0.0	0.0	0.0035456852324159257	0.006267470981306302	0.0	0.012543877079507307	0.025667962392692277	0.02657330273075136	0.0	0.004325402955591396	0.0	0.005899045860710461	0.0
20185860	0.0	0.0	0.0	0.0	0.0	0.0	0.0	0.0	0.005101095586543192	0.008386023356131228	0.0005205698411844816	0.026552269539574732	0.05299792132327872	0.0	0.000796483662391209	0.0	0.0	0.0	0.0	0.0	0.0	0.0	0.0	0.015727429218988873	0.0	0.0	0.0	0.0	0.010138780947237597	0.1528413761873832	0.0
20187042	0.0	0.00841124715254661	0.0	0.0	0.01159204150594685	0.03081721636811761	0.0	0.0	0.0	0.0017083553142832688	0.006122858599332459	0.0010499897332107372	0.0	0.009248513600565934	0.0	0.016270318949491044	0.010781985415091433	0.0	0.0028530973063955987	0.034354789926291776	0.0	0.015460873464855052	0.0	0.019946459765232894	0.0	0.0	0.0	0.009800210158593697	0.002210403908863962	0.0025154813465557532	0.014657168052581488
20195344	0.004825618430500923	0.023739718377384738	0.0	0.009676311828357136	0.006930388298995252	0.0	0.005119164608593299	0.012814521580629033	0.007474842464617643	0.0	0.0	0.009131369247853101	0.013814377001753319	0.014620678728988694	0.009138707106653323	0.004599797767897579	0.0	0.0	0.004201888727442964	0.0	0.0075859426954738105	0.00778740273186235	0.0	0.011408944006479542	0.0	0.0005961836590950755	0.0	0.004033984228463605	0.016902447964785735	0.017435248424198295	0.0044842181140172695
20197364	0.01861055161821053	0.0015035869134266402	0.0	0.0	0.00846941661301599	0.0	0.01581060091000203	0.0	0.003860946983426425	0.0	0.002322635189434772	0.0	0.011796559862642738	0.0054692561683696295	0.00535300099451286	0.0021534154197516944	0.005933417952820762	0.01712749978327082	0.0018035126562612612	0.024133572646878015	0.01656655872315146	0.009363907690348082	0.0	0.017449124244833268	0.003145028083310747	0.009402221774169836	0.0	0.010263505096228122	0.0	0.005980615066180889	0.0
20204538	0.007579603338097527	0.001124776850854767	0.019941530582322103	0.0	0.03217503246345603	0.0	0.0	0.0	0.0	0.01031598167403245	0.013399567252909004	0.0	0.0	0.00406310128267713	0.009938172377850305	0.0	0.006710877776261822	0.0075836217507615255	0.0	0.024730516637515923	0.0	0.0	0.0	0.013143649475917946	0.0	0.00995066893682133	0.006145770464754278	0.01109773254427786	0.020005072176415107	0.0	0.0016398566558161087
20214850	0.028978168089755528	0.0	0.0	0.0	0.01657553413724175	0.0	0.014620192421246592	0.0	0.0	0.0	0.0	0.0	0.024708873621793543	0.0	0.0	0.0	0.0	0.0	0.0	0.0028764527729598743	0.0	0.0	0.0	0.022465964565458206	0.02382370772157524	0.0	0.06717450898199384	0.0	0.0005744647839073093	0.0	0.0
20225925	0.005626708155834296	0.022322416379877433	0.0	0.01859767625787758	0.026497464023617488	0.0017979110676577704	0.0	0.0	0.0	0.012195153425968844	0.0	0.0	0.0006659080519775518	0.0	0.0	0.010574573187028381	0.0	0.01097555105948284	0.0214503783532915	0.0	0.0	0.008185971517169618	0.0	0.004318189251680693	0.0128210171296362	0.01044294835537269	0.0	0.0	0.0	0.0	0.033273958535365314
20232474	0.0	0.0	0.0	0.009072019299850066	0.020683424922246174	0.004760235559035582	0.0	0.011248308287790911	0.0	0.0	0.0	0.0	0.010044805750490887	0.0	0.06611638507524126	0.028348344510286887	0.0	0.0	0.013238865895053681	0.0	0.0	0.0	0.0	0.010273383212428811	0.0	0.00390930018099852	0.0	0.0	0.017080581881443093	0.0	0.0
20242958	0.0	0.0011654054685139319	0.02341145382751643	0.03114082633405335	0.0	0.0	0.0013942053704509324	0.021619335227616596	0.004072751770151684	0.014715333942630348	0.011284261372578652	0.003198010468125199	0.0	0.0	0.012302087071877335	0.0	0.0	0.0	0.017373561810729667	0.0	0.0	0.0	0.020328186178489287	0.0	7.04909703913066e-05	0.008094152571864334	0.0	0.009449421821915775	0.0	0.0	0.011654704182874677
20251553	0.0	0.03790899556739738	0.0	0.0053220609897860075	0.0	0.022382776206973116	0.008547863497183358	0.008870334330981671	0.005892217461604049	0.0	0.002068616160204161	0.029937974100879533	0.0	0.0	0.0	0.0003288446034374049	0.003331606858157636	0.0	0.01680682166813517	0.0	0.0	0.0	0.002408076943600059	0.0	0.0	0.022897246431834405	0.0	0.0	0.014540545967309661	0.0	0.0
20252720	0.0	0.01279701607685984	0.0	0.035846240413838895	0.020868722690449464	0.008874422962210143	0.0	0.0	0.0	0.0	0.0	0.0	0.0	0.0	0.032409920617673726	0.020073329373916753	0.0	0.011847885271371005	0.018774085268837767	0.0	0.001426668835412365	0.0	0.0	0.0016255882491959396	0.0006328861315965437	0.0	0.0015846921362575417	0.0	0.011289913053762507	0.0024681429451713214	0.0
20254902	0.0007663754039980075	0.022111645641478234	0.001319686780846183	0.0	0.0	0.0	0.0	0.007762310229954595	0.0028059312683156273	0.015762849315292655	0.010427662219387613	0.008088611485960576	0.0	0.023107603540438837	0.0017823958530033663	0.01941658272229085	0.0030412916884452437	0.019855609086835483	0.0036169252193918176	0.0	0.005276072672722147	0.005431825034061523	0.006878562439527122	0.024512311791057947	0.0	0.0005702039504459105	0.004873699675536685	0.009358051072243714	0.0	0.0	0.0
20260284	0.003479136650735165	0.012029228105243548	0.0	0.0	0.0	0.0	0.00422213206314805	0.007777507510335682	0.0004501655090338668	0.015892939748383926	0.007709356756286458	0.009188653157502856	0.0	0.005191817452269438	0.026906981876538966	0.04256547281108036	0.002740588130158111	0.009246776471972838	0.0	0.0	0.017698906072883044	0.003864423030855038	0.0	0.005485509967112751	0.001529767721086221	0.0038273129333216585	0.0	0.0129036924628324	0.00833951077244176	0.008553857116871321	0.0
20267709	0.004600137382512078	0.01626139849666129	0.002040248817040931	0.0	0.0063010726879228285	0.006418706288501171	0.0	0.009494396907008075	0.007244178075091899	0.00534775212326295	0.0031394235614053334	0.005131993622549595	0.03719605758011241	0.0011226983465983007	0.0	0.0	0.02004732604618185	0.0	0.00953768079620995	0.009260164810792068	0.005048074436857026	0.005386541282214423	0.005890998841358956	0.0	0.001900714545167614	0.0	0.0	0.005712929665580275	0.017743521651435588	0.0	0.024246557283243948
20271359	0.0	0.005935344659359909	0.01887566007770035	0.02715345819531649	0.006052082568560131	0.0	0.0008167445765266072	0.0	0.0	0.01681600796641098	0.008403191007638066	0.0035061901497041486	0.008549257418023279	0.007470147850399695	0.0	0.0	0.010609195453070876	0.00029356078047669104	0.028245580511469227	0.0017521802821444687	0.0	0.002408337192625111	0.0044012644887033	0.0004858274193390595	0.0019175314066653586	0.0018607082136756616	0.0	0.0	0.02747382654216032	0.0	0.01323071351320304
20275399	0.010473908213528914	0.012810578768219312	0.018267807337141836	0.00436095838204511	0.005039947791012518	0.0022686118632187146	0.0	0.0072685977176590475	0.0014426367359030709	0.021436090293511352	0.0	0.003461003299042271	0.0	0.0038503813876585805	0.003881374370982461	0.0	0.009722882359201108	0.0	0.014831125937329803	0.0	0.0	0.0	0.0	0.013503109219595005	0.007292366595208216	0.0	0.004889101999211182	0.0	0.026308158733306594	0.00988389418687068	0.01712236955090231
20283691	0.0009224620211140336	0.0	0.01373918334072788	0.0	0.0	0.0	0.019019555624204907	0.0	0.020616384654021425	0.00518029476323307	0.00986458513212297	0.02446411643229485	0.006399579586698213	0.0	0.0066018423761823155	0.0	0.0	0.0	0.0	0.0	0.016710949178283717	0.01695060633639279	0.010556617106355005	0.0	0.0	0.0	0.020924113155910487	0.03718378642813351	0.00580736527569296	4.22970894374161e-05	0.008439941753463305
20299973	0.012174227675078456	0.00156605738796284	0.0	0.0	0.0021974265982103213	0.014522276481589946	0.0	0.008347723335669995	0.0	0.019804220849331863	0.00915772010742798	0.0	0.0	0.014531360155115731	0.018410272840737634	0.0	0.008935028019008431	0.00047777563064190073	0.01149123558388952	0.0031518968843159936	0.0	0.0	0.0113973543347985	0.0	0.012706592903916304	0.01449659262195551	0.009619916021155804	0.02108165263294642	0.005382499207533537	0.0	0.0
20358955	0.0	0.0	0.05064131779391845	0.005172349457935531	0.0067109764155943675	0.0	0.012964631136906329	0.027562777658194978	0.00029565161728017697	0.0	1.3673379019862355e-05	0.0016031043289168392	0.00769992248762541	0.0	0.0021345969416874657	0.0	0.0	0.0	0.002315518916594805	0.0	0.0	0.0	0.001687048310053966	0.0	0.0	0.03768357142756697	0.0	0.0	0.03560624106692889	0.0	0.0
20376029	0.017217809401518777	0.003318966494497965	0.0	0.0	0.0	0.05381604614520466	0.0	0.005487636296881169	0.0	0.0	0.0006417805856682335	0.0	0.0	0.032878528446851345	0.0	0.01286856018446227	0.008905121132319326	0.0022112312888915835	0.0	0.01100714419865759	0.0	0.014249005790404104	0.0	0.0	0.006218659338481683	0.0	0.0	0.030619614615215243	0.0	0.0	0.0
20380417	0.0006692628668946347	0.0	0.0	0.0	0.017947469931442504	0.004018219040129105	0.009020300642760994	0.0017504293176537344	0.015307862259268059	4.499979518051708e-05	0.0	0.01085091393093367	0.024934527157519787	0.0	0.0	0.0	0.008893282867821489	0.0	0.005075901323972533	0.016069511227283437	0.01505292429374834	0.03866838663566315	0.0	0.0	0.015460016463350004	0.0	0.0	0.010114042483397118	0.002553947640403746	0.0	0.0
20390027	0.019734177121415564	0.0	0.0	0.0	0.020359290707175487	0.023733060371099977	0.0	0.0	0.0	0.0	0.0	0.0	0.0	0.020484101796873787	0.0241633186227243	0.0	0.0	0.0006522269583004952	0.0	0.01572851006311369	0.0	0.0	0.0	0.0008863252119381441	0.006633388741326194	0.058969709030294006	0.0	0.0	0.0	0.0	0.0
20447343	0.01652225719095369	0.005113514252422144	0.0005025179725182691	0.0	0.0	0.0	0.016107474245568913	0.009280409611731717	0.0182810878483673	0.0074264973008070735	0.005237294750821396	0.014992792439085672	0.0	0.0	0.0	0.0	0.0	0.0	0.0031787971662451584	0.0017397803440414306	0.004026247951022566	0.013342353751663828	0.0036450134076998907	0.0	0.06529475882365003	0.01030765594793142	0.0	0.0	0.0	0.0	0.0
20453625	0.023759766196732878	0.0104384609865626	0.0174915090474963	0.01851642268970212	0.003068375958776553	0.00028102084929409636	0.00026850712161326814	0.009442288912690089	0.006651898187778304	0.012743863465992296	0.0	0.002259986983149437	0.0	0.0019255055116807044	0.005857272153572436	0.0007713240324640226	0.0014994971418869185	8.613630796019048e-06	0.0029111867362719116	0.012378907325830583	0.0	0.012966113621617932	0.0	0.004942002450798227	0.0037249283024217584	0.0037846488533269875	0.0	0.01143138462991165	3.183864644733957e-06	0.001024025746096835	0.006733957472496293
20500815	0.0	0.0	0.0	0.0	0.005924732635151293	0.0556468176425721	0.0	0.0	0.00574155716114198	0.0	0.0005223404920422935	0.0	0.0	0.04121901120952963	0.0	0.0	0.0034337769185135165	0.03243739357514164	0.0	0.015195338829788008	0.0	0.0	0.0	0.0	0.0	0.018976300699562562	0.0	0.0	0.0	0.0	0.014509039456919176
20501668	0.0037764401068720887	0.005414510125270061	0.006168863398835112	0.005177370074253756	0.0141997803752596	0.0025691002171276682	0.0	0.013987089082770991	0.0	0.01778753527071819	0.016103688282844045	0.0	0.007961038899098388	0.012642044820624719	0.0	0.0068492455203106005	0.013200410148572686	0.008463063323688727	0.005594519220077099	0.010525427567831161	0.0	0.003470246076674692	0.0003120730254086696	0.009630935916182765	0.0	0.012525368269206217	0.0049492828519230635	0.0	0.014497804921015515	0.0	0.0
20532115	0.0	0.0	0.0	0.0	0.0	0.006140696158870518	0.003186179213435047	0.03335565931565071	0.013751199902161866	0.014092898660577016	0.0	0.0	0.0	0.0	0.0007536093987002391	0.0	0.011820512227825071	0.0	0.0	0.0	0.0	0.0	0.020407965172977847	0.004384169608222145	0.030816667868283607	0.0	0.0829818553179621	0.0	0.0	0.0008746834025977519	0.0
20559562	0.006998531434482575	0.0047172371200146865	0.0	0.02076532122909569	0.0	0.0011935938503175412	0.024466286811564705	0.0	0.0	0.006966469049242564	0.001001050694923488	0.0	0.0	0.0	0.0	0.0	0.0	0.0	0.011611945661217076	0.0	0.0	0.0013676576413988218	0.01763723100330545	0.0	0.0039251125534907035	0.01052998836361006	0.07826972115607203	0.013840000424580024	0.01184327211969529	0.0	0.02051793310564153
20561642	0.03630826607768055	0.004379563751293347	0.028711993390309557	0.0	0.0	0.001231336930299802	0.0	0.0	0.00028815086728080185	0.0017279010602010796	0.0	0.011532700982562422	0.0012467770670856252	0.018558400581510974	0.012662418610185399	0.0037534979220199866	0.0	0.0	0.0	0.014583399442736927	0.0026065834708532947	0.01009354884525113	0.0	0.008265795380536485	0.0	0.0	0.00764324595679579	0.0055917897077084645	0.0	0.0	0.0
20594407	0.0	0.0060851113123451895	0.005064718109953572	0.01785459836463705	0.015145573249501656	0.0	0.0	0.0092842396985182	0.0	0.00902940469774923	0.0014894576347613874	0.0	0.0	0.00934798958165713	0.026984419183261055	0.0	0.0	0.0	0.031739567245694295	0.0	0.01693713513724776	0.0	0.007271867878499622	0.0	0.002126344199221211	0.0	0.01210874379409835	0.008160311676575382	0.0	0.013556862118740505	0.013009430185674997
20630946	0.013316275644762638	0.0045613512217847	0.012641383289800022	0.008584103598878741	0.0	0.0	0.005065343795261236	0.015340940956415706	0.016623655653381555	0.026185391496857908	0.0	0.00701794291949781	0.0	0.0	0.0	0.0020008541865066663	0.01248753914508179	0.011649828253705568	0.0	0.0	0.006013239999198971	0.0	0.044183524781295405	0.0	0.0002582604178358994	0.0	0.0	0.0	0.0	0.007043507832154584	0.0
20674902	0.0205964813622481	0.008853354488159925	0.011257321705499477	0.00333163222217683	0.0	0.0005609267631290365	0.0	0.005821302634238083	0.0	0.007129987092961144	0.02121782412080536	0.009548400021926329	0.0	0.010352520418555824	0.0023079405687661983	0.005173572857881356	0.011095031009332255	0.0	0.0004503440045894074	0.0	0.0	0.003879582439475791	0.028837072408608895	0.0	0.01115840133251345	0.003961524800558137	0.013283657440268624	0.018590199065391323	0.0	0.0	0.0
20706215	0.01582416581756916	0.021277271030015824	0.0	0.0	0.0	8.10670401893511e-05	0.0	0.008910257145917899	0.027565696132194967	0.0	0.0	0.001317848930928405	0.0	0.020526089234296482	0.0008976199216997823	0.0	0.0	0.0008241723230721226	0.0	0.0	0.0	0.0	0.0	0.0	0.05824603429357713	0.017648799608122705	0.011838695137858776	0.0	0.019903663983919177	0.002473918131161637	0.0
20819999	0.018920138316142043	0.00479616040487297	0.0	0.0	0.0	0.0021103043088542364	0.0038971874323856896	0.0	0.02970077721796008	0.013484206099421019	0.0006563352746110635	0.01004482569581134	0.00416895031493119	0.0	0.008564351803737939	0.0	0.0011272343103265877	0.0	0.0	0.01232825782360147	0.030625514681060898	0.013283752990803836	0.0	0.0033920422286829424	0.030625388074987176	0.0	0.0	0.0	0.006881253318181392	0.0	0.002573385444558879
20865035	0.0	0.0	0.007450383866795481	0.009447562472679978	0.0	0.0	0.01689424683057776	0.00535456737590632	0.021838394322101357	0.022617605021471025	0.009695593777623041	0.0	0.0	0.0	0.0	0.0	0.03755456589037273	0.005721485225323457	0.0	0.0	0.0010170576031699003	0.0014771697498145548	0.042400055349288875	0.0	0.0	0.012459978362574156	0.0	0.018745675424829866	0.0	0.0	0.0
20892128	0.0	0.005359768613484209	0.0	0.0	0.0	0.0	0.0	0.0	0.012376542084726286	0.02314737873102367	0.009049235675889448	0.0019734709041964067	0.0037292434718831876	0.007508691487992124	0.0	0.0	0.0	0.06620698221546838	0.0	0.015036099317270235	0.0	0.0	0.0	0.0030886008889270474	0.01134885007662751	0.026167894774408645	0.0	0.009273462063747281	0.017880079095911872	0.0	0.0
20898476	0.02848029540663904	0.0	0.0	0.0	0.0012749842811398968	0.00034794882352634976	0.001476944630362488	0.0020700905182621165	0.0	0.013942092172892717	0.018301655458247582	0.0	0.002236369668467453	0.012285204037341648	0.00660349800302966	0.004222425913029414	0.00014318118563003907	0.0	0.007295686542050763	0.006324373333870141	0.006148803239832691	0.02991820709885797	0.0047280245822208305	0.003525380783112095	0.004719403846820405	0.01765057170979109	0.010173577736417057	0.006525288811940154	0.0012938669567920912	0.0	0.0
20906079	0.0	0.018664363075636035	0.0	0.0	0.0	0.0	0.0	0.0059176960445140245	0.0	0.0	0.009553180135987252	0.021404990127550632	0.021123484229932887	0.02232679800417989	0.0	0.0	0.0	0.0	0.02083154216953379	0.0	0.0	0.0	0.0	0.0	0.031443445958705296	0.0	0.0	0.044299249387493175	0.009563646441637921	0.0	0.007312620862430495
20914669	0.004062332719531068	0.006600716695888748	0.0	0.04091421587986459	0.0	0.0	0.0	0.0	0.0094088048188831	0.01960077259765012	0.01000480521212515	0.024077376140876506	0.0	0.00022498487379320417	0.0	0.005061374119757265	0.0	0.0	0.0	0.0	0.002716232435032432	0.0060207497198832135	0.036222485818422676	0.0	0.014100028580615112	0.0	0.0	0.0	0.005891802906008577	0.0009766477459377406	0.014714130876015086
20920239	0.0	0.0	0.010014119382903086	0.0	0.0	0.0031424107787132944	0.008378767351910229	0.0	0.012065199341669093	0.03977706142831041	0.0015443616781292261	0.00315145997484159	0.02061494748557846	0.0019934831065271	0.01441564103765091	0.00039010001427170355	0.008244039331747496	0.0064601299264150135	0.0	0.009853136815260746	0.005761703244809635	0.0	0.0	0.009414592890645642	0.0012195465364317531	0.029705431994763585	0.0	0.014371190796619323	0.0	0.002507195627949939	0.0
20922259	0.015640343491784264	0.0037430317211915778	0.0011617798672974421	0.003756950837401171	0.0053180112449635105	0.0	0.0	0.0	0.006598578427228779	0.020466588412060418	0.0	0.02900226578657126	0.009984851356903112	0.0012738172450026519	0.014182336227996703	0.014996705768312276	0.0	0.0	0.0	0.007280237483990474	0.009040951578700301	0.009075244901954464	0.0020496986767906187	0.0025591812294375876	0.0	0.0	0.0026839053671588796	0.017368488480444453	0.004954893915409529	0.01940645680915358	0.0
20925996	0.018795267354916913	0.0	0.0018415028254519339	0.0	0.005958494047627752	0.014514001036377473	0.0	0.004522695198672132	0.0	0.0006833305832998347	0.022199692701288996	0.0	0.0	0.005613181994060071	0.011873387866240676	0.006568928823906215	0.014465254215549214	0.01991302935559166	0.005745180486362331	0.02204211354826319	0.015586244804245199	0.004791429460999971	0.0	0.0	0.0	0.0038921066744159595	0.004905340922998975	0.0	0.0	0.0	0.00859845252161484
20933324	0.01929363110501128	0.004905921690486972	0.01650498715931936	0.0007107124171660861	0.020179628335478303	0.003698632792922223	0.006764433050076396	0.0	0.008917745961365879	0.00021091511011920783	0.0	0.006633326571766819	0.007499542561236983	0.0016582911758109952	0.009010402652345553	0.009900920359722468	0.007359866377159998	0.0018109241134590648	0.014680450679747914	0.007206456244300636	0.0030653542492824377	0.016243388843128908	0.0	0.004659838171163034	0.0	0.0019987038159058226	0.0	0.003195308624375675	0.0032497351730245575	0.0013809088510401085	0.0
20946545	0.0	0.0	0.0	0.0	0.0	0.0	0.00036674860227474084	0.006608383371442242	0.0	0.0	0.0	0.0	0.0	0.0	0.0	0.0	0.0	0.0	0.007156226663885599	0.0015476299195877842	0.0	0.0	0.0	0.0	0.0026643309484966965	0.0	0.0	0.0012381605738305402	0.0	0.3217614667052365	0.041139736642872377
20964295	0.0	0.014001055438106128	0.028931019485397582	0.021087377186486587	0.01301257712738167	0.0	0.019915024609155358	0.0	0.0034882662487641255	0.005618348005508469	0.0	0.003557535940007745	0.01058637123737652	5.0590407360955415e-05	0.0007692439130667745	0.0021205613750694486	0.006260069655498876	0.0054794739706994005	0.011548485867994323	0.0	0.0061747954769298076	0.0	0.005891213643585924	0.0043852992731622615	0.0	0.007611489228658349	0.0	0.009455896370183792	0.0	0.0	0.0
20989910	0.00078191726627154	0.0025083758951917686	0.006573780594860235	0.022086629577793365	0.018150227846170718	0.01841905386142662	0.0068714951940414435	0.0051546797374108205	0.0006681556494382596	0.007002855539736648	0.002884295700929616	0.0	0.003743266329142198	0.0	0.006775540520117691	0.0026792047563154527	0.01682901962495554	0.0	0.04138609915220189	0.0	0.0	0.0	0.0	0.0034220042368698325	0.000647116784245872	0.0	0.00617971359549109	0.0	0.012287911874553565	0.006376835661553233	0.0
21000180	0.0	0.002014118254313431	0.026655858302751145	0.0	0.007643847070734255	0.015916723917938816	0.0013419502005165142	0.01944619086617709	0.0	0.0007720710660750605	0.009536513956419223	0.01270114429173528	0.024347625205047022	0.0	0.0	0.0	0.019303607857685826	0.0	0.02049322461204209	0.0	0.0	0.0	0.00016273775772266693	0.0008100562186400067	0.0020891615465554016	0.0	0.0	0.030254105338656613	0.002726535829656007	0.0	0.0
21000630	0.0	0.039083510447600764	0.0015524573789455183	0.0	0.0	0.0	0.006331220297744022	0.0	0.0	0.0	0.0	0.0	0.0	0.0	0.0	0.031065060228042393	0.0	0.026405443023538602	0.0	0.0	0.0	0.0	0.000656205296941761	0.08441074865206172	0.0	0.0	0.0	0.0	0.0	0.0	0.0
21002524	0.0	0.007642928354044569	0.0	0.011619114569242622	0.0046877214572638975	0.009655507832419533	0.010322494680476222	0.0	0.0	0.02960811234481955	0.0	0.004397150010330532	0.007155776401989694	0.0012790007408631904	0.014596994454589859	5.017811124057964e-05	0.015722407830898007	0.0	0.016700033456877848	0.001201604991850443	0.0	0.0	0.0	0.008033731209135076	0.002576603946763724	0.028655746041964577	0.0	0.020222560654194505	0.0	0.007719322987653365	0.0032458371874692703
21125782	0.018387010432718436	0.01314581925063443	0.0	0.0	0.0	0.0	0.0	0.0	0.019477525970709744	0.004671377885698339	0.0	0.013169660057425689	0.0	0.0	0.0	0.015900050255694347	0.028265084118169418	0.016910043191640228	0.0	0.006057111975821872	0.04556299625418514	0.0	0.0	0.0	0.012299447107132162	0.0	0.0	0.0	0.006066432514179204	0.0	0.0
21176459	0.0	0.010507554276990813	0.0029924475758456026	0.0040282623402798	0.0443764045184854	0.005887097314595299	0.0	0.008750071841813305	0.003002405746373166	0.0	0.011976094408763793	0.0	0.02692500252350815	0.004252449339998216	0.0	0.0	0.0	0.0	0.04275571320614743	0.0038551205975263163	0.004956050980260146	0.0018743811183615758	0.003157449856377335	0.0	0.011149967913115302	0.0	0.0	0.0	0.0	0.0	0.013885870316545272
21183160	0.0	0.0	0.005412362011448993	0.0	0.007513022570095199	0.0	0.006252045491836719	0.0	0.024182738529686568	0.0	0.0	0.0	0.001529050383292167	0.006576609952172364	0.01638629792669622	0.0	0.03959665491855874	0.0	0.0	0.0	0.0	0.0	0.032971017988735064	0.01840936354343853	0.0	0.006947196909633052	0.0	0.03353499000423482	0.0015116487883016858	0.023447253550918302	0.004431667529189505
21189544	0.008045862505042644	0.0	0.006698334680870419	0.0	0.05100128750205687	0.0005236613178499171	0.0021014991186178323	0.0	0.0	0.0	0.013818108452055932	0.0	0.022382142252115177	0.001252430769483038	0.0	0.0060581947369078475	0.0	0.02763430949942117	0.00011152525595735771	0.0039490545913051095	0.0	0.0	0.0	0.012478983428474246	0.0	0.04767083482397031	0.0	0.0	0.0	0.0	0.0
21274280	0.0	0.0	0.0	0.0	0.0015700782355083007	0.0001227883043121711	0.0	0.0	0.0	0.0	0.016561801007267365	0.0	0.07160494947232407	0.0	0.0	0.0	0.0	0.0	0.0	0.0	0.0	0.0	0.0	0.0	0.0	0.05234384142281773	0.0013575671602457384	0.0	0.0	0.10572413989577543	0.013689024033863793
21293107	0.0	0.013619850146112956	0.013123652270337698	0.0	0.0	0.0003081775875836433	0.013629863020808338	0.004210759411850254	0.02330065852101176	0.0	0.009185134748893238	0.0035246186376327975	0.0015467550827454977	0.0	0.01103170222418178	0.0	0.020148984141751626	0.0	0.0	0.0	0.0	0.0	0.0358518723631959	0.0	0.0	0.02163376975817728	0.0	0.04259358091489709	0.0	0.0	0.0
21362537	0.0	0.0	0.033195831922187675	0.023921053675623	0.024246322786876953	0.01553849515793329	0.013164449836086821	0.0	0.0	0.0	0.021639334213116923	0.0	0.0	0.0	0.0	0.0	0.003035030036831293	0.0	0.023250802332903164	0.012175444549624104	0.0	0.0	0.0	0.0005996719580242961	0.0	0.0035190313021037185	0.00870608669662901	0.0	0.0	0.0	0.0
21402304	0.021186107393392314	0.010242424776383366	0.0026692875650842726	0.004789597166560806	0.007764003737919643	0.003869537497925932	0.0015507443750304847	0.014246870107428955	0.01157401383925638	0.0	0.00011191588506850285	0.0	0.0	0.0	0.00038390429824426714	0.020597487987057177	0.017818103470526862	0.012224726318871537	0.0	0.0013422798148263295	0.0	0.02220651678570274	0.0028852048803580488	0.0	0.0011648200607337778	0.02204777780227538	0.0	0.0016748047026876685	0.005558714273069378	0.010496083921740973	0.0
21413181	0.0	0.011161098524405309	0.0	0.0	0.0	0.004945165803573954	0.00248500971986792	0.017550337179684527	0.0	0.0	0.0	0.026809731236975717	0.005469733399689662	0.0	0.0	0.0	0.0	0.0	0.0	0.0	0.0	0.0	0.1390050981133839	0.0	0.0	0.0	0.001955690462767042	0.004078718100542085	0.0	0.0	0.0
22789958	0.0058765676767852625	0.011029509447139145	0.0	0.0014477178352246762	0.0010002602707270048	0.0	0.0008762350557152303	0.002226910982437887	0.02906382736329404	0.01578158130777936	0.0	0.024331923959901688	0.00575415856173517	0.008999728940864569	0.007713775612912137	0.0	0.0	0.0	0.0	0.007580966165936219	0.02928255833077136	0.00833528761587253	0.0	0.004840403254161442	0.025814243823604845	0.0	0.0	0.006431484794938684	0.0026064024374961264	0.0	0.0019133601303587338
26631069	0.0	0.006757572886503199	0.004309716194367543	0.0008520903829425949	0.011032318487677975	0.005077406448299825	0.011480653931635823	0.0	0.015952521970758537	0.012022324799718962	0.0	0.005881353199746664	0.008525763566566789	0.00690291318404557	0.007309652516645401	0.008264167086817438	0.01527742678915809	0.0047281538953274594	0.0032804640096683923	0.025160102730783566	0.005590202332291717	0.01609568158062358	0.0	0.006746175032236067	0.006178007177333441	0.0	0.0	0.00012386945648274733	0.0024605438310736495	0.0	0.005810002522409932
27481601	0.0	0.0035991717697316434	0.0	0.0	0.004029837080771914	0.0	0.0	0.0	0.0	0.0	0.03624598037888826	0.0	0.008810083211805772	0.033220979189805724	0.0	0.0	0.0	0.0	0.0	0.05543238138311703	0.0	0.0	0.0	0.022427672258322148	0.0	0.024332195761019634	0.0	0.001502512553532083	0.006002526270891009	0.0	0.0
35941263	0.02056497097844173	0.0	0.004268138870545474	0.0	0.009222096927515544	0.0	0.0	0.010224891926214336	0.0	0.0	0.003098819357578381	0.0	0.0	0.02842059765214367	0.01573142439127721	0.0	0.009381504246558424	0.0	0.002532927184075523	0.025731024914302295	0.0	0.03756034257854227	0.0	0.009432058792787397	0.0	0.0011470323785895524	0.005492087424222006	0.007426743942258864	0.0	0.0	0.0
36379623	0.0	0.007416762821653363	0.0	0.0	0.011575118407229893	0.004332755898871336	0.0	0.0016000084586717427	0.0030764313826571184	0.004972652642511098	0.0025899682070453967	0.0	0.014374609445218395	0.029977730387467007	0.010194234561980296	0.03251695402590382	0.021654774133556046	0.0058114158152510476	0.0085832820665334	0.0	0.01225716580037571	0.0	0.0	0.011461364292321715	0.0	0.010206844133688085	0.0	0.0	0.002868746023829339	0.0011624171830757687	0.0
39800111	0.0067423800648143285	0.006919503878781361	0.0	0.0	0.0	0.0	0.009521621965689729	0.01112253719984447	0.04352186752306783	0.01056231867060073	0.005466222086396185	0.0	0.0	0.0	0.019017471977242965	0.020446963789142642	0.002836306009572602	0.034779488348497416	0.0	0.0	0.006119432330120366	0.028048983387707203	0.0	0.0	0.0	0.0	0.0018310959321505614	0.0	0.0	0.0014207012191282812	0.0
43485807	0.0022491134640709558	0.023139610031231165	0.008675240533250817	0.0	0.012753775771332434	0.012862016129968625	0.003073256613799651	0.028229691875587326	0.005071691484224362	0.002405937386324266	0.0	0.0	0.0	0.01257247392143961	0.0006120366185431881	0.003700982655733906	0.014933548869384024	0.013314309341069568	0.0027652273180257983	0.01060468286802891	0.0	0.0	0.0	0.0	0.002741679403764075	0.0068989698203115275	0.007968560175292915	0.0	0.010632532491934042	0.0	0.010189659111173843
44019405	0.008253472584016637	0.0	0.0	0.0	9.363808030880941e-05	0.0018320926852457647	0.007577574552039331	0.0	0.01702304953319488	0.007194795573274913	0.003652307692581245	0.0	0.0	0.005716887816753064	0.012081316360121611	0.007405054192314648	0.014249523610252304	0.03408581232219036	0.0	0.005098479832178812	0.020261173344336025	0.019060009638214682	0.0	0.0210971229517222	0.017150371180124524	0.0	0.0	0.0	0.0	0.008510343809456975	0.0
4576591	0.0	0.014396296360996139	0.005202757578320005	0.0	0.0	0.008982132360743009	0.016955800412325757	0.009523016474505227	0.017652287781537743	0.0	0.0	0.01349869591204318	0.023321719635095026	0.001446167381606191	0.0	0.00628083622239344	0.019079688766487482	0.0007251142003297091	0.00342828487192666	0.0	0.003491506721943202	0.005025783600166384	0.0072757334548235846	0.004774728964180074	0.0	0.0	0.0005520853539325198	0.03243104985995514	0.011020445784042971	0.0	0.0
46000440	0.013133549453268863	0.0027201520311682715	0.0	0.018683565024131654	0.0	0.002216417545283113	0.0	0.0	0.0	0.0	0.0	0.018264678010123655	0.0	0.0	0.0	0.015029469565304654	0.0	0.0	0.0	0.0	0.0	0.0	0.0	0.0	0.0	0.0	0.0	0.0	0.005471372491763812	0.06265226917171055	0.1973906082969108
46369736	0.0010472234632688013	0.0	0.0	0.0	0.0	0.022554668234227217	0.0	0.0	0.0	0.0	0.0	0.0	0.0010452878999600416	0.05777397486878383	0.0	0.0	0.0	0.0	0.0	0.023003501044050693	0.01150083740555983	0.0	0.0	0.04405696842511499	0.025043732616655243	0.003858257611135012	0.0	0.0	0.0	0.0	0.0
46547648	0.001549175798593318	0.0	0.0	0.0	0.0	0.013683549466876601	0.0	0.01985516550417035	0.03289939548457605	0.0	0.0	0.004118194938031406	0.0	0.012528554054528653	0.0	0.0	0.0024020739367239903	0.01976832214852676	0.0	0.0	0.0557589763037893	0.0	0.0	0.019387622388924105	0.01752128376886307	0.0	0.0	0.0011811996913549847	0.0	0.0	0.0
50100770	0.0	0.018871760270828892	0.0	0.0	0.003130914275662675	0.0	0.0	0.01579257740297767	0.019505273054581895	0.0	0.012653295221412118	0.00421881992970645	0.0	0.03357933049936296	0.0	0.005791810761637952	0.014228166441133405	0.0	0.003066147374871847	0.013886233466616861	0.006328845937169036	0.01891353212990249	0.001577694695795871	0.0	0.0022634775749271353	0.006365144677675629	0.007961518572076744	0.0	0.0	0.0024503256077004023	0.00890873960863024
50102376	0.0028265045517429288	0.009201995369587367	0.0	0.0	0.0004067601951734161	0.004817568852444381	0.0	0.03391616144744138	0.006951020185125178	0.02965899149930125	0.0015183853560026149	0.0	0.0026970336890611403	0.023921900436232487	0.003249964853596686	0.0077471713144971425	0.0	0.023535140790538096	0.0	0.0	0.006152145778432023	0.0	0.0	0.012590897915817436	0.0002012005093917718	0.003531547442581053	0.010242988399938594	0.0	0.0007187460803261884	0.012229907484419596	0.0
50104008	0.0	0.0	0.0	0.005710085664511779	0.0	0.0	0.0	0.0	0.0	0.0	0.0	0.0	0.0	0.0	0.0	0.0036981759969858894	0.005574906258602805	0.007911932129409573	0.018703106642303333	0.0	0.017770756141605025	0.0	0.0	0.030704464479982346	0.0	0.0	0.0	0.0020683966091593247	0.09291495299550027	0.07494217251056569	0.0
50104134	0.0008851627528592052	0.023810520301390557	0.0	0.002996324707341634	0.0	0.005755622022163406	0.05680321452021569	0.004938805811410414	0.007010593178470673	0.0	0.0	0.008119063452151562	0.0	0.0	0.0	0.01359662614429748	0.008044595499958233	0.016211990247669127	0.0	0.0	0.0	0.0	0.0	0.005585352651389017	0.0	0.0	0.04780520180441733	0.0	0.0	0.0	0.0
50104846	0.0005800710706919632	0.01810007508576571	0.016896732351896333	0.010709241350322515	0.0	0.02316722732993536	0.0	0.007962395840712703	0.006074622186793529	0.009968965898131357	0.0	0.0	0.003582846430649722	0.0020758237202992604	0.00837496413132397	0.0009024327662656025	0.013563244343315158	0.0	0.0	0.0278082640786171	0.0017018232941707428	0.0076445477376014944	0.0	0.0	0.001445857939418864	0.0	0.0	0.011863883493319906	0.012225971632855914	0.0	0.0
50106442	0.0	0.009907090713052798	0.009231417574234286	0.011160340989904028	0.0	0.011951168704897938	0.025559302809650027	0.005973647770877796	0.004359424304588393	8.748007201125404e-05	0.0063013792771137046	0.0005613631105986258	0.0035464739644468115	0.0	0.024944040981095015	0.0	0.010798356823311423	0.0	0.008605727181111824	0.00354405548594255	0.0007389530865156669	0.018127354582212162	0.0003337513435424124	0.005756268417654966	0.0	0.0	0.0	0.023193641511066062	0.002070769929532246	0.0	0.019727593735680157
50106730	0.004100023827878951	0.0	0.00978879356009119	0.009552710136234438	0.0	0.04365189560614251	0.0	0.0	0.0	0.015153094110105817	0.00015439206821225946	0.015961633283611817	0.0	0.0	0.0	0.022508720571537348	0.018750238249266866	0.0	0.0	0.0	0.0	0.018153520539905904	0.018009064263251294	0.0	0.0	0.00429341612628679	0.0	0.0	0.0	0.0026740071144379035	0.003137745484382644
50107871	0.018080329402177478	0.01761533251227789	0.0	0.0	0.004712830573831107	0.0171529516784176	0.0	0.015047762720508598	0.0	0.0	0.0010969374221692502	0.0	0.007123042558104735	0.012684111316119063	0.0	0.0030237556697354246	0.0	0.014465685428522472	0.0	0.029305795010557197	0.0	0.004328589212891878	0.0	0.002965688857068921	0.00861890795811716	0.02523796016626923	0.0	0.0	0.0	0.0031797182156800574	0.0
50108048	0.0	0.0	0.0	0.0	0.0	0.0	0.0	0.004018491219766717	0.01648369853443052	0.0	0.0032585790004410263	0.0	0.0	0.020988920506015623	0.0	0.036313319597064235	0.0	0.0	0.055126301549691774	0.010262303518980291	0.03198761192609592	0.0019102054608630245	0.0002309526858356607	0.0	0.015618839192510928	0.0	0.0	0.0	0.0	0.0	0.0
50108462	0.016599724893026167	0.00731026775524823	0.007421440134768574	0.0076499348860945	0.0	0.00025220905228206435	0.0	0.006464204342250776	0.0	0.005627511254444191	0.020876244553866538	0.0	0.0	0.013297697015498601	0.011925269606048254	0.0010162764148502982	0.014581411529556826	0.009162552712028997	0.0	0.004459747000343561	0.0017443342994110634	0.016865960846439956	0.02154787386499872	0.0051123509599939375	0.0	0.0	0.009263732857721774	0.008504409304724814	0.0	0.0	0.0025448631471564347
50108750	0.028578317384093156	0.0	0.0	0.0	0.0	0.0	0.04455524154335687	0.0	0.020932384240222375	0.005256044462526785	0.012994792339205676	0.011554921246593101	0.0	0.0	0.0	0.0	0.014208238367297224	0.0	0.002461648246987185	0.004451006785769696	0.009545839821168607	0.008866635898732487	0.008743553322459852	0.0	0.0	0.010973145874600066	0.008493030236646106	0.0026242930139237525	0.0013475625198251441	0.0	0.0
50108912	0.0	0.0016232307296171356	0.0	0.042246492742644796	0.0	0.0	0.030249146709403395	0.0	0.0	0.0	0.007820432949696199	0.0137534200431595	0.0	0.0	6.460747811573442e-05	0.0	0.0	0.0	0.0	0.0	0.001803481157161295	0.0	0.03532849117024772	0.0	0.0	0.0	0.07597608126823084	0.005253105785059808	0.0008975527441979393	0.0	0.0
50109215	0.006012528850080947	0.023349172668568802	0.00296963513061731	0.010235590046169193	0.004713462801549467	0.006047202678173732	0.0013944413678728383	0.01235689287463573	0.0	0.017381268259804624	0.0	0.019718413078456395	0.0	0.007228908899002778	0.005688026776936622	0.025829716990981782	0.0	0.000994502700814967	0.008529849001546092	0.0	0.0	0.000672897649239173	0.0	0.0	0.00038529995443338847	0.013882957102897999	0.004551136028621145	0.0	0.0	0.0	0.02418212064445668
50109927	0.0	0.0	0.017974326731055066	0.031481770791821614	2.3735854760589e-05	0.0	0.04273986356468724	0.0	0.0	0.0	0.0	0.0	0.019165716314314407	0.0	0.0	0.0	0.0	0.0	0.03423358792783105	0.0	0.0	0.0	0.0	0.0	0.0	0.0	0.04208344176269007	0.009236218009650698	0.0	0.0	0.0
50300822	0.0	0.009564091200411797	0.0024828106872576026	0.006589940313820826	0.0	0.0021255204352856817	0.03247608440399078	0.0	0.0	0.0	0.0	0.0025128580872213536	0.011457458761023184	0.0	0.0	0.01784165802283818	0.0	0.0	0.0	0.0	0.0	0.013370199388203356	0.0023208858816282972	0.004954361247922461	0.0	0.0	0.08837867274206007	0.0	0.032352017612810584	0.0	0.0
50301675	0.006815928862528174	0.0	0.0	0.0009355037734425127	0.007938604476384318	0.0	0.013842672901823944	0.0	0.002059303723513138	0.017050175799246815	0.0012241562862287804	0.0020311125203448517	0.0	0.013853557174553317	0.0	0.0	0.015546871257700323	0.0	0.022516094298685462	0.0006532238468437036	0.009615892184481951	0.022941366871667944	0.0	0.004066278336029128	0.03343452778836189	0.0024419632548494346	0.0	0.022139907935971107	0.0022386378208521587	8.309962779039779e-05	0.0043244415922511015
50305165	0.0025029679226663097	0.02391256495520908	0.0	0.04119662667669156	0.0	0.0	0.01887796330135391	0.0055953879960662966	0.0	0.01635606142410469	0.0	0.004741905427655899	0.0	0.0	0.0009622479334864181	0.015587777260102714	0.0	0.007996064355733242	0.004174361479942404	0.0	0.0037339239807896493	0.007625341333424457	0.0159684495090029	0.0	0.0	0.0	0.0061949908931041514	0.011939198213638084	0.0	0.0	0.0
50400259	0.0	0.0	0.0	0.02342847409165515	0.0	0.0456062941960911	0.020413271223667383	0.0	0.0	0.003723371343427903	0.00676255600354589	0.0	0.002054542555864216	0.0	0.0	0.000576990479817712	0.03506562283117211	0.018358630653609046	0.004418497419176833	0.0	0.0	0.0	0.0	0.010431302614129025	0.0	0.013925452551826435	0.0	0.0	0.0	0.0	0.0
50400385	0.023616141392944535	0.0	0.0	0.0	0.0038707516902159573	0.014332789484817594	0.0	0.007659571333726473	0.0023980580844168427	0.0	0.0	0.021558395443356033	0.0	0.010163532232343361	0.013017741488332393	0.016572137145834	0.0	0.0	0.0	0.003702982807974446	0.0	0.05770350809225111	0.009010685457461906	0.0	0.004172266436006622	0.0	0.0	0.007725487195296193	0.0	0.0	0.0
50402693	0.0	0.0	0.0	0.0	0.0	0.0	0.007627671220688393	0.000919228566335641	0.0010086777300444467	0.030659956419421826	0.000568061724414267	0.0018516916022737382	0.0	0.0	0.019762886789902175	0.0037106498478666127	0.006194173989890224	0.006398007984234175	0.0	0.0008751911721045919	0.0017729273536622534	0.0025300564614039096	0.019728557879196893	0.0	0.020743143211834937	0.0014350552858079855	0.09386125598114287	0.013931180188116551	0.0	0.0	0.0
50402729	0.006329862546378969	0.0019836308250203933	0.002783830495755818	0.00858787053063015	0.0	0.0001163140980221919	0.0	0.005010841349397459	0.0	0.008411140993905025	0.02270754874809941	0.017152813785290225	0.01839091162304947	0.0031196391107041277	0.012396781714096099	0.02049618824224953	0.0	0.0	0.014652040652307347	0.0	0.0036662716197516714	0.019406696181216994	0.0	0.007874025004133088	0.0	0.0	0.007300200999868008	0.0026143048153615678	0.007893024361605949	0.0	0.0
51624179	0.008046779219582788	0.007837802580083486	0.026400194325571936	0.005015857823654445	0.0022363483349282587	0.023902064413946593	0.0	0.02122684338067391	0.0	0.0	0.0032586205902473842	0.0	0.0	0.01628318246403894	0.0005215524008376361	0.01408819189185116	0.010643887006656796	0.00026098043633016776	0.004066695238196938	0.005797786642299925	0.0	0.004621157680773162	0.01727822344980947	0.0	0.0	0.0	0.0017666697689902142	0.0	0.003246932790908955	0.0	0.0
54122640	0.0	0.02129740051371842	0.006312222243852574	0.0	0.019872512239106587	9.836420347939023e-05	0.005346085532779918	0.0038910158754894317	0.010935870869689458	0.007232121915948412	0.0	0.0033783564943877503	0.010732588478901732	0.01849853487492296	0.00882960392788428	0.002370706185641812	0.009526345701165537	0.000816721714966246	0.016238902368988617	0.009059974150784541	0.004922491829428463	0.0	0.0	0.005013184637272495	0.0006392222446290887	0.0	0.004442139302412013	0.0	0.015305487517770585	0.008476970749584966	0.0
55897318	0.0	0.0	0.008710594114466277	0.0055298189997481225	0.021476518038996934	0.0	0.004572580184406806	0.0025493012449277442	0.008977339549943626	0.01600614570965644	0.008705351305843892	0.0	0.011835940670142327	0.0	0.03055336584506065	0.00644725554483058	0.003136644195034021	0.0014743163842803927	0.009645595424533446	0.0	0.00519824061797278	0.00691480658178302	0.0	0.0	0.008212710347331816	0.016125665681621562	0.0	0.016086582633970527	0.0	0.0	0.014828519037018826
56432243	0.0	0.0	0.0346618888828586	0.0	0.007495150138519428	0.0008650394714223035	0.010371073715731932	0.012258978034791338	0.0	0.0	0.003063722366931092	0.0	0.0	0.0	0.0	0.0	0.0	0.04038340044625858	0.0	0.0	0.017188350500391664	0.0	0.018010524078506448	0.01765556036741818	0.0	0.011737733504938844	0.0	0.03016859671009788	0.0	0.0	0.0
5779736	0.007135753262350214	0.026128728360981113	0.0	0.0004529659048105865	0.00394559126759402	0.0	0.0	0.002488010092035177	0.001731395413304193	0.02788079799182914	0.0	0.009904941504829934	0.0	0.015888648245993394	0.005813179174080146	0.009984218184015374	0.0	0.007541176533159074	0.0007284497523987096	0.0009308894841943722	0.003651224041032734	0.004346706006183911	0.0	0.0	0.020882559332045185	0.009851294190373745	0.013791223694535561	0.02071418156083393	0.0	0.0	0.013187128729261671
60747316	0.0	0.0	0.0	0.0	0.0	0.039064574359013955	0.0	0.0	0.0	0.0024031343854578986	0.0	0.009395972067134797	0.027463147191715102	0.0	0.0	0.00828972326708679	0.0	0.0	0.0	0.00974826075016788	0.00698758821162982	0.0	0.02324509281493606	0.0	0.0	0.003997644492990835	0.0	0.06732436483433317	0.015522780294848654	0.0	0.0
66754397	0.014670570990272032	0.0	0.0	0.0	0.015046549622645573	0.008259155085791722	0.0	0.008822486669619286	0.012577456289501176	0.001726832901731199	0.012102641541287788	0.0	0.0	0.020574500897659623	0.0	0.0	0.0	0.01341507847539579	0.0	0.037710595165186975	0.0	0.003243086169611823	0.0	0.016106079783999114	0.0	0.0070425816217097635	0.0	0.008190262488549866	0.015103041172131631	0.002318065353058026	0.0040042636640957455
69982533	0.031520195983238145	0.0	0.0048671548023925685	0.0	0.00925462063124582	0.012032211263891285	0.0	0.0	0.01614766478930844	0.00128752241210726	0.0	0.0	0.0	0.004404722950130817	0.0	0.002502183003301362	0.0	0.028901557247687802	0.0	0.024165128765517702	0.0	0.007171221684990666	0.0	0.02383854936582261	0.0	0.009826703844765448	0.0	0.0	0.0	0.0	0.0
70153803	0.0	0.03171769061029296	0.0	0.0	0.0	0.0010491257033479378	0.014220503065018982	0.002123672294396394	0.041679879989634114	0.0031288623556861256	0.0	0.0256675453542681	0.0	6.835532336964572e-05	0.0	0.02727077659434552	0.0	0.005258505317609801	0.005269971436639631	0.0	0.0018560070889666765	0.01391150194823311	0.0	0.013995931797767557	0.001790265720771957	0.0	0.0	2.1191684443276382e-05	0.0	0.018692972803947536	0.0
7253015	0.0	0.014953152868628816	0.005704381720152991	0.011369769569042289	0.006104526340604362	0.008190175806805602	0.005100639948354901	0.003973410832608355	0.011715628418135064	0.022936173821003554	0.0	0.001721798570311628	0.007734498355810922	0.0	0.005166055843797946	0.008392186344755494	0.014513253163825474	0.00998582921648625	0.008020131498605266	0.0	0.015426913632307127	0.0	0.0	0.0	0.0	0.0	0.011876782724996046	0.0027794413768064017	0.011721936704714381	0.0	0.0
7265221	0.0	0.0	0.003078237762324452	0.0	0.0	0.025090720901093183	0.0035415259114298567	0.005448533347468597	0.012929088471102843	0.0	0.004033843158614652	0.0	0.0	0.0	0.003088253265801863	0.0	0.0	0.027892176622856646	0.0	0.0	0.012031161233128697	0.0020396599037805453	0.0	0.008498591451336327	0.038928526121925364	0.0	0.0	0.07726840569901455	0.0	0.006638328929758885	0.0
7287209	0.0	0.004344879957183002	0.012809596883825703	0.0024753341539938568	0.0	0.013368928502282851	0.019094419651816952	0.024134284560289817	0.0023760538736156698	0.01311527274300976	0.0	0.0013123652644235614	0.002537827572102289	0.0	0.007167658895162339	0.008877464059678533	0.018991771402141377	0.00802851949914471	0.0048608871044083825	0.0008767886582103969	0.006705872688900324	0.00688187949234315	0.020051871564064187	0.0	0.0024433613021891142	0.0	0.0	0.007787749951305318	0.009878167361841432	0.0	0.0
74753465	0.0	0.007729313176526023	0.0	0.0012605245810679312	0.0	0.0	0.024990803268998735	0.0	0.0	0.0	0.04892761972593778	0.0	0.005698508570607224	0.0443110659517427	0.0	0.012040965178980999	0.003007751498920919	0.0	0.00348821731123921	0.0	0.02739345182016219	0.0	0.0	0.0	0.0	0.0	0.0	0.0	0.0018302654791248231	0.0	0.0
75990666	0.0	0.005666341128093884	0.0	0.0	0.0	0.030069480308385542	0.010427975591204274	0.02630265411528718	0.0	0.0	0.012832869436830353	0.006764931679121157	0.004707447627002626	0.007783923924253339	0.0019155516240781235	0.005363636251583894	0.024024643329531057	0.0	0.0007495956039131036	0.0	0.0	0.0	0.010789336049886768	0.00220994706866872	0.008501633222918682	0.0	0.010493265650426088	0.02535979239945878	0.0039009697100696574	0.0	0.011389253984407087
76647134	0.0	0.0	0.0	0.0	0.0	0.0	0.0	0.0	0.05566254525370605	0.0	0.022821007975126227	0.0	0.0	0.0	0.0	0.009883862651780942	0.0	0.0018778320361889378	0.012922595328106669	0.08698274015605563	0.0	0.0	0.0	0.0	0.0	0.0	0.0	0.0	0.0	0.0	0.0
76755449	0.0	0.0	0.0315649512159167	0.0	0.0	0.0002556433262690179	0.001079037599408482	0.0	0.0	0.031135052608369334	0.012135148656373398	0.0	0.0	0.0	0.005616464280259075	0.0012819507243389688	0.00023024980902618095	0.0057366724102240856	0.0	0.025248070581867347	0.0	0.015003760993714007	0.009072968621284764	0.019510113452962732	0.0	0.03263151805550728	0.0	0.0	0.0	0.0	0.0
76867532	0.010840215267823146	0.02589363788862207	0.0	0.0	0.0	0.0	0.011395621152264562	0.0	0.0	0.004805534109473504	0.007163346391562642	0.0037372774864361685	0.0	0.023607102623278826	0.0	0.014175900612224922	0.001589710974134262	0.0	0.009440798748987159	0.0	0.02066437668118936	0.0038494543888891275	0.00499173679198372	0.0017872151033788818	0.004036948559112498	0.02119916259115108	0.0	0.0004965749888459413	0.01650908690302375	0.0	0.006205124963677157
78353027	0.0	0.0	0.003234868128741569	0.0	0.013758121655265179	0.0023875069071810934	0.0022962245935086315	0.00159601293823422	0.020341188926661743	0.0	0.0	0.0	0.007736960167349948	0.0	0.008390451494413134	0.0	0.032059624241313395	0.0	0.0	0.047061857748341915	0.0014945059646741068	0.03479457603756444	0.001958301084681894	0.017065443604513727	0.005964737051184336	0.0	0.0	0.0	0.0	0.0	0.0
81852640	0.0008593493268533669	0.015388909075165427	0.018942152641696988	0.0	0.01901853180405855	0.0	0.001797966112484709	0.009490490737187898	0.00450388157636448	0.004782556983264886	0.00494907310800613	0.008990242581088657	0.03235459339888537	0.0	0.0	0.012620172615628741	0.002033472489260154	0.0	0.007265150082163934	0.007151012037302071	0.0	0.016638335776635635	0.0	0.0	0.0	0.0	0.0	0.0	0.02046005573772591	0.0	0.0064674244826443805
81874628	0.010937662651016096	0.0	0.0	0.0	0.0002943194834519186	0.007054173558110159	0.0	0.0	0.03606106158516101	0.0	0.0	0.05510495770522405	0.0	0.010301041287877366	0.0107928383653988	0.017833682785165138	0.009906018876280405	0.0	0.0	0.0	0.0	0.02590355514214087	0.0	0.0	0.016695830309276655	0.0005171961326939942	0.0	0.0	0.0	0.0	0.0
82317494	0.0	0.0	0.010535816722263195	0.04375198758008326	0.0	0.0	0.018909460271201037	0.0	0.0026766963282154757	0.013803339020126234	0.009784857100882402	0.019610095716205297	0.0	0.0	0.004959506358266153	0.0	0.0	0.0	0.001740909859606757	0.0	0.00770723391648953	0.0	0.043861575883017555	0.0	0.0008169994598543694	0.004120877555118989	0.006868343363385308	0.0	0.0	0.0	0.0
83984043	0.03450096555153122	0.003977360499254942	0.0	0.0	0.0072241753014849076	0.0	0.0	0.0	0.0	0.0	0.0128355006643791	0.0008540343069827492	0.0	0.022154629541231846	0.0	0.0	0.0019140803561457941	0.012772752479725825	0.015962484834432984	0.0	0.046635403198148975	0.0	0.0	0.0	0.0	0.01724932164728063	0.0	0.0019852342259929997	0.0	0.0	0.00029152854717261266
84642424	0.04227639213914542	0.0	0.019113965474301445	0.0	0.0	0.007889163888585292	0.0	0.0	0.0	0.0	0.010865229520136493	0.0	0.01613438326746564	0.0	0.0	0.0	0.012943406760671421	0.06194901715725915	0.0	0.0	0.0	0.0	0.0	0.0	0.0	0.0	0.0	0.0	0.0	0.0	0.0
85171938	0.0	0.0	0.013986081679998355	0.0	0.0	0.0	0.01792150317176981	0.0	0.0	0.0	0.002931810678713819	0.0	0.02200565929525079	0.0	0.00840005079294787	0.0	0.014683137839487567	0.0013392784455471677	0.0	0.0033541144101299435	0.0	0.0	0.0	0.005716209367891094	0.0	0.010623218026845904	0.0	0.0	0.0	0.0	0.22887124496782602
87645445	0.0	0.00855825931834684	0.0	0.0	0.0	0.008982693522012026	0.00017198643833408252	0.0	0.020315777058265098	0.0	0.0	0.0	0.0	0.0	0.0	0.0	0.0	0.0	0.0	0.0	0.04297061745179818	0.06424674696207944	0.0	0.006175060060371825	0.0	0.044486151423508764	0.0	0.0	0.0	0.005809824917952728	0.0
89164957	0.0	0.011229801699607168	0.0	0.0	0.0	0.0	0.0	0.007328614403239212	0.0	0.0	0.006919867790643369	0.0	0.0	0.014675106652327847	0.0	0.020139524413091713	0.021649619743951243	0.04655100287533957	0.0	0.010072608663304365	0.017597168748672093	0.0	0.0	0.0	0.03441419232265426	0.008084351690871914	0.0020735526168378683	0.015624199761636696	0.0	0.0	0.0
90267190	0.0	0.027881872985540297	0.0	0.01787035195184259	0.0027913592272563663	0.0016134778555139096	0.013345095660625347	0.010616008851400302	0.0	0.0	0.014143178563480801	0.00016875983579075525	0.005686287236004085	0.0	0.0	0.0012564029406183757	0.02229269428536733	0.0181190589002539	0.009507973698667843	0.0	0.006624280582745418	0.0030920454878982117	0.0	0.0	0.0	0.0	0.014007724867736718	0.009875571201722536	0.01687761316537852	0.0	0.0
91018909	0.0	0.0	0.0	0.021548106803270996	0.0	0.0	0.017339505638071295	0.008856860180243334	0.0	0.0	0.028043062428990607	0.04025706212703534	0.025516681296099904	0.0	0.0	0.0	0.01384454289159858	0.0016791680808873667	0.014998742468134174	0.0	0.0	0.0	0.0	0.006126701270409507	0.0	0.0	0.008294659627356956	0.0	0.0	0.0	0.0
98953007	0.024712562722361185	0.0	0.0	0.0004335875075630388	0.0	0.0	0.0	0.0	0.0	0.0	0.0	0.0	0.0	0.02974380021218653	0.0	0.002059685978010664	0.0	0.05867702444771958	0.0	0.0	0.0	0.0	0.023742432398740285	0.0	0.0	0.0	0.03433447402198729	0.0	0.03355684932137454	0.0	0.0
