	S1	S2	S3	S4	S5	S6	S7	S8	S9	S10	S11	S12	S13	S14	S15	S16	S17	S18	S19	S20
10101327	0.0010552471538648094	0.0	3.3944003601212216e-05	0.0	0.0	0.0	0.0010794705430343537	0.0	0.013310202796095745	0.0024128460928352128	0.0	0.0	0.0	0.026335120186461874	0.03964286691108634	0.0232375705774448	0.013992117688423926	0.0	0.0	0.0
10101589	0.01000931949967449	0.0	0.0	0.0	0.022755857529899816	0.0	0.034198596766117965	0.003337806609768593	0.0068011538148233745	0.0012602251986301317	0.014119285481017247	0.0	0.0033411600660951807	0.0	0.007460335806398902	0.006928906327323201	0.0	0.002094218881224899	0.0	0.008243739521266088
10221262	0.0018844915795530957	0.0023142937722756274	0.018109156562444252	0.0	0.025561888487364553	0.0021678918381848244	0.010431629727010883	0.0	0.004709306002577533	0.0	0.0	0.0	0.029952559192498097	0.0032107277949851086	0.011104480595799321	0.0	0.022205990978964366	0.004498111328263475	0.0	0.010369152291739847
10222853	0.005948966535927958	0.0	0.005198964905355573	0.002084457422672646	0.00329970046375286	0.002114262269189458	0.0	0.0	0.002162002380496318	0.06841060055317215	0.0	0.014973114426828549	0.0	0.0	0.004828213102379999	0.006927008540174671	0.0005096183763390002	0.0	0.0	0.0
10248033	0.015033785942918664	0.0	0.0	0.0	0.0	1.1749856560520192e-05	0.00475122874499704	0.0	0.0013355476449965348	0.01311445086331118	0.019576413242883804	0.0047821644002083025	0.0	0.0	0.004587195059738642	0.03703379213117909	0.0	0.015935207660751106	0.0	0.0
10298957	0.0	0.0014620972853398404	0.0	0.0	0.006235131857041031	0.030299888491238398	0.0	0.0	0.030264299133530657	0.0	0.003144982220270147	0.0	0.0	0.014511431915083159	0.006227449384320519	0.0013555804970125157	0.0	0.02143336209166769	0.0	0.0
10435090	0.002746165646437045	0.0	0.0	0.028621493289584545	0.0	0.011050661402347133	0.0024205375950312026	0.0	0.00803907413421834	0.0359873861781611	0.0023108420159518497	0.0024758765219650963	0.005671666402147405	0.003488891654679686	0.003929010690068255	0.0	0.0	0.0	0.0	0.0
10684501	0.0	0.0	0.0	0.001405509186580221	0.0	0.010856698469696396	0.0033942320630622903	0.0	0.011709801847364233	0.0	0.026454645233884015	0.0	0.018058518586047272	0.0	0.016383873896802615	0.009521520450632235	0.0	0.0	0.016495866607931883	0.0
10866165	0.002591276607926959	0.0	0.014057067714257165	0.0	0.015036631266152041	0.006898776786180551	0.009651161675509775	0.03179859480514841	0.0	0.028010317740709674	0.010701598338627627	0.00243930438180733	0.0	0.0	0.0	0.0	0.0	0.0	0.0	0.0023934961314734425
11157783	0.024963123779871775	0.012131492200559516	0.007448707825642331	0.0	0.007233928200613141	0.0	0.00515127365021201	0.024239917218812936	0.009318960090745437	0.001606599409505943	0.006710782094398837	0.0	0.012447942194210346	0.0	0.0	0.008466530372517034	0.0	0.0	0.014120509506846464	0.003270071721448798
11319389	0.0	0.009321481142618203	0.002712517765155844	0.003551757460823626	0.0	0.004258721762308391	0.0294400012283337	0.009165760101689822	0.019847830630617472	0.0	0.002264686227836302	0.0	0.019651452647289527	0.006864256195125291	0.012099529667868045	0.0	0.0	0.0	0.008085826578895063	0.0
11326252	0.0009828341623702801	0.0	0.0	0.0	0.0	0.010568770000609039	0.00514870401265949	0.0	0.011920761741844173	0.01973582633772856	0.018607723078547116	0.006356581093441405	0.0	0.0	0.010830583199207666	0.01004350150449984	0.009678656227024527	0.0	0.0017491258348180788	0.004796483479977658
11327005	0.005572039312815823	0.0	0.010681867804896371	0.00717896538223743	0.0023025568693166368	0.0	0.0	0.010377624681459497	0.0020952777048633443	0.02901082822279986	0.008363699612729264	0.0005585288825250218	0.005244247519169225	0.0008477855056051079	0.014150471343971042	0.010736950252340222	0.010514272511204494	0.0029725222511856604	0.0017555628845725988	0.0062370879956245755
11345331	0.0	0.0	0.0	0.0	0.0	0.03756183821689378	0.00016692481442846788	0.0	0.006015069964901731	0.005774658046653146	0.03104705182552246	0.0	0.0028058615382901752	0.0	0.0	0.003122891355972281	0.0	0.0	0.0	0.006367811604295156
11392518	0.0	0.0	0.0	0.0	0.005452994681811867	0.03461459501354931	0.0	0.0	0.006817760718126348	0.0	0.02659001044843512	0.0	0.01501357387311771	0.0	0.0	0.004601173677826139	0.0	0.0005076144262198743	0.0	0.0
11413170	0.0	0.005668763432713938	0.0	0.0	0.0	0.0	0.016988040639543848	0.018146313017758174	0.026108247670481637	0.0	0.0	0.027755884002794495	0.0011094453177918774	0.0	0.016589882422970027	0.0	0.013507233484517897	0.0	0.0002194801237410001	0.0
11453772	0.0	0.0	0.0	0.010932287969221305	0.0	0.016208504998238258	1.4993042358384294e-05	0.002094142822819298	0.0	0.004071335639619603	0.018832568697179992	0.02027275038387351	0.02882189402729682	0.003342721642502562	0.0	0.0	0.0	0.007889357076645707	0.009385492536081614	0.0
11606935	0.0	0.0	0.0	0.003218918748822187	0.0	0.03083811200150287	0.0	0.0	0.0	0.01266888509222304	0.03430184514464785	0.0	0.005419341872470739	0.0	0.0	0.0	0.0	0.0	0.0083498633834755	0.0
11616707	0.0	0.010814474561081967	0.0	0.0	0.0	0.008529552716743572	0.004661712048714597	0.010169778459093858	0.01734515388133091	0.01633379700980432	0.004796785307520097	0.005695657498065881	0.007325211019052588	0.0	0.008951615648132816	0.007423261848236594	0.0	0.0014353521333824106	0.010905216714655273	0.0
11619606	0.002743337723664346	0.009622229022810666	0.0	0.0	0.004266609198383228	0.0	9.346094941524898e-05	0.004542934793397625	0.0	0.015314913055250966	0.008189450395332025	0.01383002194974569	0.0016263367619266675	0.007238560066077604	0.0043666834410249315	0.01608593700516346	0.04234581420115192	0.0	0.015379516816473803	0.0
11652071	0.0007398954010881141	0.013646098983660216	0.0	0.0	0.00022253344196629263	0.0	0.016142963468785392	0.02210268844487783	0.0	0.02261564752380982	0.007348637541466237	0.019476979383335178	0.0	0.0	0.009932433051857035	0.0	0.013395446122245271	0.005060188571930783	0.0	0.008990388506875106
1243685	0.005587778083147675	0.02066981860194642	0.016335605742454403	0.024394875681437635	0.0	0.00899441189751805	0.0	0.01725995353232357	0.011284991421582678	0.00940733022892384	0.0	0.0	0.0023744567510071827	0.0029091037373931384	0.0	0.0	0.0	0.0	0.0	0.0
14498577	0.013348869593799566	0.01049111695104264	0.004866514975581921	0.014449933821917928	0.014460005896713462	0.010015333661291157	0.0125948686120352	0.0	0.001042580105380383	0.0	0.004869496066043679	0.009938550758260188	0.004420102417379432	0.0031275800620073377	0.004717411795060824	0.0	0.006284799246065328	0.007710381196811314	0.006202249612116218	0.0018764880960907577
14641578	0.004101468888024011	0.0	0.012768584847237195	0.0026277731226440654	0.013965558773978372	0.005177510896965138	0.011499538450861964	0.0	0.017435062527186497	0.001213333226178106	0.005537948176847577	0.0	0.004497327579949783	0.015561342457119223	0.004028923363335698	0.0	0.016240086462092903	0.003774399942553821	0.0045394173280297314	0.01444979581383502
15387421	0.016305257403699695	0.0	0.0	0.0	0.0035680640667398083	0.0	0.006138103641715489	0.0	0.0013888521897404433	0.0	0.024849596280405697	0.003959545843585319	0.0	0.005466331240689287	0.020861728039119756	0.02265301643184976	0.001733322138796984	0.0	0.0	0.009259830157985437
18414513	0.013555712133506138	0.028159314838592846	0.014162634628375081	0.022098848150201845	0.0	0.0	0.006038594164518971	0.010308302626974162	0.00479167036198961	0.005634948470738422	0.0	0.0	0.004630561965220142	0.0	0.009990050033759783	0.0	0.009972182055948856	0.009324664833939934	0.001971741859238593	0.004788341143272316
20112377	0.008927497951090017	0.010988520703045577	0.00787231673262652	0.015716404881259943	0.0021950272788939067	0.0	0.0	0.0038083735172186194	0.013023831283935928	0.0009321270208345633	0.0	0.006080703165544229	0.006537691601588776	0.015389349533534833	0.010516789099061093	0.013946940011377614	0.0	0.0	0.007978518951039168	0.0
20120255	0.0	0.0	0.0	0.0	0.005092738281564956	0.014464996846500378	0.0	0.0	0.0	0.0	0.019951584484233845	0.0296632576541524	0.0	0.0	0.0004182574456149654	0.03237160963287705	0.0	0.0	0.0	0.0
20124619	0.02831654047244303	0.0	0.0	0.0	0.03549609281352421	0.0	0.0	0.031722614119889456	0.0	0.007510892827611096	0.0008489588849598824	6.431608944569343e-05	0.0	0.0	0.0	0.0	0.03931469661036311	0.007893036850780364	0.0	0.0
20139562	0.01630291564311153	0.00021827802921122206	0.0	0.0	0.0050401174947999755	0.005396422124156155	0.0	0.0	0.02621288081705779	0.0	0.012962551561799714	0.009252841498426981	0.0	0.0031398683493747254	0.004340925877948814	0.02142742381657148	0.0	0.004207030203454585	0.0	0.012875571011876707
20147440	0.008378638801513846	0.018292246654861538	0.0	0.01641348707273515	0.00749521360385628	0.0	0.007598206251864826	0.002523567038801641	0.007771720195873496	0.0	6.53566678157537e-05	0.0	0.007518354753215436	0.005216555727272205	0.02132953275400454	0.014458865895459623	0.006121423831474986	0.0	0.0	0.004169410063285227
20152393	1.0419850997579157e-06	0.002885582494225752	0.009674609281820706	0.0	0.009051848130463528	0.0	0.011402767921319968	0.0	0.017985170602032557	0.04629988335477427	0.0003553354931704466	0.0	0.0012672979232906136	0.0	0.007579600380436556	0.006424744563029831	0.00943291954407026	0.006204237706385711	0.0016449709268689387	0.002495931397879157
20156469	0.015970103214598512	0.04014379832357145	0.00738122945713489	0.00895760539568824	0.0034315997537938065	0.003188511491909884	0.012555384651136415	0.0	0.0006614041546769827	0.0	0.0	0.0	0.013896346897359227	0.0	0.003539473154373993	0.00543089582950971	0.006006535109307976	0.0	0.009195184489062367	0.0
20173942	0.0	0.0019837107126082156	0.028924783234899436	0.0004594057809947654	0.00197344583165928	0.0003107817339820806	0.011816592847551991	0.0	0.01142343785456669	0.0	0.0024837687909150343	0.003921292886776573	0.005720600261763037	0.01404051723331957	0.0	0.02669940141675117	0.005001625335731104	0.0	0.00554718078283531	0.0
20185860	0.0	0.0	0.0	0.0011344089729675678	0.0	0.01014609414343482	0.0	0.0	0.0037663682818354616	0.0	0.012812039143276353	0.0	0.0	0.0	0.017816223317589964	0.0	0.0	0.0	0.09858992333047364	0.0
20187042	0.005574361769021164	0.0	0.002407077702773751	0.019652710801319227	0.0	0.0	0.0	0.022366898783993904	0.008611072940056594	0.0	0.0025722161508246262	0.0	0.016484369466495424	0.029916350286810826	0.01943036396514533	1.4530759972109218e-05	0.0	0.0	0.0	0.0
20195344	0.01129500561526782	0.0	0.0037355003280046487	0.03141065577998584	0.008607014387106161	0.0	0.0047652298365639	0.0	0.0	0.0177574246956917	0.007133879239432874	3.620673719224592e-05	0.0	0.0	0.014507444744329183	0.001857881680538666	0.011624192286727779	0.0	0.010315905168723575	0.0
20197364	0.0007094550486630934	0.010521435280520472	0.016117251313611605	0.00331819295085025	0.0112678773735786	0.004800480467188208	0.00732870414881842	0.0013166183443114102	0.009516785039231137	0.0	0.0	0.0	0.0	0.03879387126952877	0.016161947709128467	0.0	0.0	0.0	0.004854497213360415	0.0
20204538	0.005928110251590913	0.01332519029041272	0.012388815778228632	0.0025610244915865213	0.0	0.015140579098556588	0.0059878721114728795	0.0	0.025123350440546276	0.0021781998740348384	0.0	0.005029223320948833	0.0	0.0	0.007875731553849312	0.01740300102882914	0.0	0.0022900700920902737	0.0	0.0
20214850	0.0005593255439371042	0.01669481048023783	0.022731956155590777	0.006451949619853608	0.0	0.0	0.011271205480834597	0.0	0.015145451419650714	0.0	0.0	0.0	0.0	0.00048372262602127666	0.020555707891156967	0.0	0.0	0.07235239489274194	0.0	0.0019177896322376403
20225925	0.0	0.0	0.015781512203821534	0.014898669788651108	0.0	0.0	0.022388702558795815	0.0010161412418273213	0.008808383652629474	0.006235323136087462	0.0	0.0	0.03588239082014412	0.008948719115336633	0.0	0.0	0.018145104599728998	0.0	0.010824390640881582	0.008551309739891893
20232474	0.0	0.004839190953798717	0.0008387023557246348	0.017520785887757025	0.0	0.0	0.011039247990662499	0.007161016378668094	0.0050218832196874215	0.05063887205272815	0.003394859250321156	0.0	0.0	0.0	0.017582146742547385	0.0	0.0007905073531270138	0.0	0.0	0.0
20242958	0.0	0.0	0.0	0.0	0.0	0.024726528675466864	0.0	0.0	0.0016609853242060626	0.036703447207629705	0.018827957050785514	0.002714193044680886	0.0	0.0	0.0	0.014529431331922584	0.0	0.0	0.0	0.009103757680344144
20251553	0.0	0.0024887765273895607	0.0	0.028166814298703213	0.0	0.0025015104344103035	0.023436204828646355	0.005870300022971411	0.0007140193030242352	0.001095198164401109	0.01548439755549735	0.016089416913385675	0.006003693455660069	0.0	0.005470615986776796	0.0003353348612738996	0.008305118959947509	0.0	0.0	0.006285208552165919
20252720	0.005771224651921183	0.0008885763166375932	0.004705316211012609	0.0292174569819861	0.0	0.0	0.02071368817113903	0.008295509533473494	0.0016866892765250588	0.039658509836644075	0.0006406968867365454	0.0	0.003815271242050299	0.0	0.0	0.0	0.0	0.0048342241593070205	0.005585914718159075	0.006144126792382144
20254902	0.010170218380177651	0.0011161095220095258	0.01569642884189989	0.026376256083513537	0.008331169101981516	9.137048588995238e-05	0.007296104095109136	0.0012226823195919982	0.0	0.0	0.00679517479904143	0.00257903723124902	0.0	0.008833254558940086	0.001165631503215096	0.01394136230273626	0.015015354852682159	0.0	0.0	0.0
20260284	0.016487652447472263	0.007412295249091287	0.003941805926509819	0.0192321752981823	0.011588852197435948	0.0	0.006661037608804526	0.001736117529488356	0.0	0.004956031606946859	0.01047916564149324	0.0	0.018785520549524527	0.0	0.0013247246454931906	0.010411931939633877	0.0	0.0	0.005373651434383893	0.0
20267709	0.015935103438395024	0.006073533537345078	0.0	0.003136474701902485	0.0049384589941962485	0.0	0.018995287720518155	0.000873736003512952	0.017240684805993743	0.0	0.00593758965693085	0.014774192648202015	0.0	0.0	0.01292720813466498	0.005770195944570971	0.0030362567720779456	0.0	0.005415397716188205	0.030144376950666303
20271359	0.0	0.0	0.0009631374988869326	0.005450914773759469	0.0	0.01677943180091666	0.011662548247317281	0.0	0.0072176225672712395	0.006468649626642212	0.02156556502145069	0.0	0.010106665047429084	0.00024781845171781844	0.005711530706473089	0.011537421992871437	0.005132092494640212	0.0	0.003813235619084155	0.0
20275399	0.006576842845629713	0.012307808839257238	0.002558681770633026	0.006798967376046133	0.0026754363562254482	0.007243718455476198	0.012453788516628442	0.0	0.010398682442954214	0.015623385377397152	0.0	0.005309357000508898	0.007394741048171226	0.0	0.0	2.35393075147429e-05	0.02944148019073602	0.0	0.011889253121227909	0.0027408237816815683
20283691	0.003711048816251772	0.0	0.0	0.0	0.030594392548389658	0.012467220842295889	0.0	0.0	0.0	0.0	0.0076072452484028915	0.005613644871193457	0.00019748110344444992	0.0	0.02156963704370069	0.005040480367369025	0.007500091072552979	0.03281502672176082	0.003944290118573561	0.00042901725144043674
20299973	0.012246385045745345	0.01841957318946823	0.0	0.0	0.003455526641800415	0.0017735857803492568	0.026857666094451976	0.01017801430913178	0.0	0.01247016762300088	0.0	0.009170935377910841	0.0016220740322204945	0.0	0.0	0.011878492614018386	0.007304586063286757	0.012282635172701796	0.0	0.01761687972520234
20358955	0.0	0.0	0.0	0.0	0.0	0.03265537226805009	0.0	0.0	0.02265237355085138	0.0	0.021458663868199206	0.014143220111885723	0.0	0.0	0.0	0.00843401213583497	0.0	0.0	0.0	0.0
20376029	0.030029488792487166	0.026637075138730728	0.0	0.0025856796364018718	0.0	0.0	0.012502593776572446	0.052358145318313426	0.0	0.0	0.0	0.008479719433890491	0.0	0.006991855237599191	0.0015641138043627051	0.0	0.0	0.0	0.00410568024910693	0.0
20380417	0.009533331651192198	0.0	0.0033913156960505312	0.0	0.02449232020231215	0.0	0.012990641072765097	0.0	0.009076631556827391	0.003568700605217402	0.0002836664124500205	0.0	0.0019652775621686203	0.017800590690114287	0.03487009777331523	0.0037739169461208488	0.0	0.0	0.0	0.0
20390027	0.0015883884611646588	0.03059894884691932	0.01790806665735946	0.0	0.0	0.0019566077376933395	0.024324580340548244	0.024155077078919056	0.015812986703557328	0.0	0.0	0.0	0.0	0.0	0.0	0.004807645960226289	0.0	0.0	0.007332502604144721	0.0
20447343	0.016857287744139336	0.0235234174311566	0.0	0.0	0.022607121766302394	0.0	0.032824032210349685	0.0025248675769628604	0.0	0.0	0.0	0.0	0.011574791358260884	0.0002558474518245417	0.004937040079294745	0.0	0.005485783061240429	0.0	0.0	0.023077477780039046
20453625	0.009908442152731367	0.022882372314248542	0.006467245667231506	0.0031172585766941563	0.003144969939303927	0.012392623435097784	0.0	0.00010698771720162998	0.012064799897324145	0.0	0.0	0.014605829845574717	0.015904465496944544	0.0011480422661551855	0.0022245030180636357	0.0	0.023012663345558435	0.0	0.00459370432880812	0.0
20500815	0.022157437577371444	0.0127389968573386	0.015829141330686542	0.0	0.0	0.0	0.00040193082616153577	0.07661361216686514	0.0	0.0	0.0	0.0	0.0	0.010483221357631177	0.0	0.0	0.014403349094325134	0.0	0.0	0.006331859318838222
20501668	0.0	0.0	0.019150836781431115	0.012288019185077072	0.0	0.003678866428717444	0.0	0.0	0.018508903750780435	0.015214063489429127	0.0024934099718757602	0.007049851629316144	0.0032264569485839674	0.003648723743385682	0.0	0.017741250754867436	0.009775855816084948	0.0037764137103130867	0.0	0.0
20532115	0.0	0.0	0.012694534794385448	0.011460900275546233	0.003832920629239737	0.0	0.003915330428052323	0.010291784092711387	0.0018380611202059693	0.021426763386930857	0.003753699486750774	0.01429028657007195	0.004489777381206611	0.0	0.001521437510713414	0.0006975989639568927	0.0	0.07897430877201315	0.0	0.0014002716063094682
20559562	0.0	0.0	0.003627370011830486	0.014334771822594173	0.0	0.006933771721424767	0.008435700583706143	0.003175569563036535	0.005087259332990629	0.01102475601089182	0.0027222747310109725	0.00803338313516242	0.01596122924062832	0.0	0.0	0.0	0.009891436235498602	0.08342018776835082	0.0	0.0
20561642	0.00682266696847982	0.03147098229291168	0.0018158534639840821	0.0200537637299549	0.0	0.009719040346116361	0.0	0.0005557511148519948	0.013858153762409025	0.0	0.0	0.0	0.00903386817651511	0.0034991354168387645	0.022309501665031164	0.0	0.0	0.005079949528888373	0.0	0.0
20594407	0.0015189059842006056	0.0	0.006065254609380985	0.0027305826982590977	0.0	0.004782512374868112	0.024408322324613235	0.0	0.0014341576403853304	0.03349622166410281	0.010121839528478824	0.0	0.005858930442231842	0.0	0.0	0.0	0.01461708878942969	0.0	0.00722984568301451	0.025040358014031015
20630946	0.003240507817343081	0.010566270058075809	0.0030456950401506664	0.0	0.015571727867681521	0.023859180137709747	0.0	0.0013172000226510552	0.0	0.0033647093021276888	0.007938899076531366	0.014842086076844433	0.011971079560418221	0.008130821804221564	0.0	0.002326503074291199	0.006168787843156077	0.001694439402756016	0.00022647190790687442	0.007943258723999412
20674902	0.00582720234081927	0.013669969816039412	0.007318011320873396	0.01147831314177151	0.0	0.0020020824435950657	0.0	0.0	0.0	0.0	0.0037210387347872123	0.026350737770225573	0.0039508881674857055	0.0055398422380124514	0.009885970931199611	0.021253786380985996	0.002089836259008169	0.0	0.0	0.010386688019665663
20706215	0.00670130962597385	0.01161112068256704	0.022892367785716364	0.011178202620035316	0.014455667463556499	0.0	0.023007934826210295	0.010081060505880762	0.0	0.0	0.0	0.0007397742660588358	0.0009439484970168486	0.0	0.0	0.0	0.026900934677877596	0.0020540665640346534	0.024611513223354538	0.0
20819999	0.014590941500086997	0.019538577553335452	0.00342783315269901	0.0	0.028885359598040734	0.0	0.002632731371040487	0.0	0.0	0.0006758279837221002	0.0	0.0	0.020469909905343437	0.010218428356535397	0.013307362216785131	0.0	0.025795651221047912	0.0	0.0	0.006702812443660396
20865035	0.0	0.0	0.0	0.0	0.0236815057506664	0.029570396857178112	0.0	0.0	0.0	0.0	0.01696773427701393	0.014262572566989123	0.0	0.00699022655649361	0.0	0.008983811510642196	0.0	0.0	0.0	0.0
20892128	0.0	0.0	0.03430806040291077	0.0	0.004123166362778816	0.02059935141212181	0.0	0.011459368918234769	0.0010383815056582341	0.0	0.00022799823476179275	0.0	0.0	0.017425540842284298	0.0	0.010256698710537637	0.02157473282962059	0.0001517605221948189	0.0	0.018604125519401413
20898476	0.010312097238274077	0.01672678353373549	0.0054443422833379326	0.0	0.0014664541310538542	0.0	0.006715444456013915	0.0	0.005616378383830462	0.0	0.001996182106942166	0.008619362872961103	0.010338365390134736	0.013209028443765685	0.009980350141515985	0.02458406874213037	0.006289775259039221	0.0	0.0	0.009906958575983454
20906079	0.0026928501986056403	0.0	0.021634203597494055	0.0	0.0	0.0	0.008620266709467658	0.0	0.0	0.0	0.02042230662002278	0.020358098979550092	0.0	0.0	0.030882309042810006	0.0	0.0	0.0	0.01623920059359061	0.0
20914669	0.0031819538045826275	0.0	0.0	0.0	0.011404437938911192	0.010084226760660238	0.002518581289080396	0.0	0.0	0.011043583213517965	0.012545424293281936	0.020875245917307123	0.041223414760456746	0.0026666380666440608	0.0	0.0017209785288060124	0.0029984195482112416	0.0	0.007054112905551045	0.0
20920239	0.0	0.003705027286401212	0.013555897492123348	0.0	0.012625146410106553	0.019853112897326653	0.0	0.0	0.005159104332389969	0.005251110049751421	0.0065585617917773365	0.0	0.006905316786132958	0.001850292271879195	0.0	0.007508202388369369	0.010705099428661012	0.0015106719128676633	0.0	0.027494662137613004
20922259	0.0053889745731258275	0.00955715911618844	0.0	0.00460573656001254	0.005477036972823587	0.009090378880306992	0.0	0.0	0.0	0.015496214500506117	0.0	0.008797193020540148	0.015561409278195841	0.0	0.02715605047334842	0.0	0.01186012846549884	0.00292792640577976	0.0	0.018821800267087966
20925996	0.011926586614941814	0.016509415582624982	0.000692883949929478	0.008361660616018847	0.0	0.0	0.0026328971650522994	0.020736743093105973	0.003906673123985764	0.0033678649477724937	0.0	0.0	0.008253774328530838	0.02618134504923032	2.4754536175797395e-05	0.019115189475213328	0.0	0.003668744623396127	0.0	0.0
20933324	0.007666914020703672	0.01506691438687428	0.0	0.010605338358417331	0.007614779825105573	0.006314930926108659	0.012589246172358204	0.0	0.0179402171107056	0.0	0.0028216697868286883	0.004476960333307556	0.0073451342825777725	0.007339497720388206	0.009161949824292161	0.0030531625704637256	0.0	0.0	0.0031876219630872504	0.005776428969111566
20946545	0.0	0.0	0.0	0.0	0.0	0.0036169296505294173	0.003936850804530503	0.00842062519099116	0.0	0.0	0.0	0.0	0.0005681472972907306	0.0	0.0	0.0	0.0	0.0	0.17562955944074574	0.0
20964295	0.0010526080806924035	0.0	0.0011056653719150582	0.013681387867668367	0.007814376262370009	0.03175979306170717	0.0	0.0	0.016793045591507384	0.002599876435925421	0.017770166844872284	0.0005195035514123579	0.0	0.0	0.0	0.0	0.004211824698368977	0.0	0.0018348788796669437	0.006544390744291637
20989910	0.0028696440179749993	0.0032079201491505265	0.0	0.0	0.0032514385948255527	0.005483003997545402	0.028164577371709562	0.011568774766960794	0.015818617869752166	0.011072548211285426	0.01577446129297609	0.0	0.012001642219229355	0.0	0.0	0.00026692256632907717	0.0	0.0	0.0	0.01511595064758729
21000180	0.0	0.0	0.0	0.003066359000625886	0.00555002795768007	0.0002835472312123129	0.004330128056579904	0.011386746149402681	0.01628788867993352	0.0005252157216673964	0.010331048158741406	0.03361087292296209	0.0	0.0	0.011406124550643219	0.012571411628481691	0.0055554179090719765	0.0	0.0	0.003962923305515639
21000630	0.0	0.0	0.015333012872852778	0.05199224560690873	0.0	0.006885403695423775	0.0	0.0	0.004481306882255838	0.0	0.007166792526667966	0.0	0.0	0.028385260225815997	0.0	0.0	0.0	0.0	0.0015591901941596827	0.0
21002524	0.001079414013799476	0.008373582478476808	0.0	0.0004699120719784781	0.007144711713034546	0.020243116655177504	0.019642846178555953	0.006663637193875424	3.7223409071163424e-05	0.010302448899001417	0.009978347377668192	0.0	0.007949082231870448	0.0	0.0	0.007981490827291916	0.0010649764880482839	0.0	0.0030722839593542457	0.023277129659093163
21125782	0.019720153109741685	0.022288982418698054	0.002466744587483128	0.0	0.01881600771991633	0.0	0.005041626584535311	0.00872116749424436	0.0	0.0	0.0	0.00325153350817604	0.013290718317733945	0.014800035476952874	0.0043748139100552004	0.0	0.02120564549199909	0.0010972476365588015	0.0	0.013431647573529017
21176459	0.009224353108457099	0.0	0.003185472526615665	0.0	0.0	0.0	0.034409724818396124	2.229482131251563e-05	0.042042503025652996	0.004365952590133256	0.016508155918589854	0.0	0.003109414277555309	0.0	0.0	0.0011907313445487094	0.0	0.0	0.008049853422367768	0.0
21183160	0.0	0.0	0.000238724856909969	0.0002193747976223735	0.024506243441710554	0.00332774938642256	0.0	0.0	0.009488389299499085	0.0	0.0	0.034747942766061475	0.0	0.012043331842757818	0.0	0.005324248594511317	0.039904808944072806	0.0	0.0050599430306464055	0.002789300560948206
21189544	0.0	0.0	0.019908811375036244	0.0	0.0	0.003185295084800849	0.015009490454667991	0.004835928281639195	0.047269054753013025	0.0	0.0	0.0	0.0	0.007584939515824359	0.0	0.022417289523778576	0.0	0.0	0.0	0.0
21274280	0.0	0.0	0.0	0.0	0.0	0.0	0.0	0.0034564730968873482	0.012663336473374254	0.0	0.001667331806869442	0.0	0.0	0.0	0.0	0.022735482945870654	0.0	0.0	0.13063982644067432	0.0
21293107	0.002705184590818257	0.0	0.0	0.00033961992814922825	0.01584045245253719	0.01229594932058602	0.0017645575994120226	0.0	0.005613377306632216	0.00296857529654629	0.009248041830593237	0.03188559923927587	0.0	0.007863968713997433	0.0	0.011203759546613302	0.0	0.024059428509049453	0.0	0.0
21362537	0.0	0.0	0.0	0.0	0.0	0.021834340932601667	0.002769560128086109	0.0037811549404069946	0.033274795304381356	0.0008376054895090552	0.01871881731919317	0.0	0.005581727441145344	0.005441992857619059	0.0	0.011294999587683822	0.0	0.0	0.0	0.0
21402304	0.014525526038616121	0.014253355856870964	0.012821995289569194	0.010098256816879654	0.004428868629171566	0.0005498718393796111	0.00557211500812707	0.003046556380741813	0.0037656975530267534	0.0	0.00015230317815687137	0.017345760066983927	0.006464672195756908	0.014612736272407438	0.0031762368703528595	0.012817197241357882	0.0	0.0	0.002362260027366303	0.0070209762578667
21413181	0.0	0.0	0.0	0.0	0.0	0.0184890650261849	0.0	0.0	0.0	0.0	0.022196041366043806	0.07391998476009823	0.0	0.0	0.0	0.0	0.0	0.0010879451089080873	0.0	0.0
22789958	0.02503092343353411	0.015179672074328236	0.0	0.0	0.021681715075422454	0.0	0.01199298033866328	0.0	0.0	0.0	0.0	0.00124153267347624	0.011211350248792006	0.0	0.009788265266688467	0.0	0.04302974516860609	0.004756646406493165	0.0	0.03542495287112689
26631069	0.011781191239758982	0.009677295806528105	0.006289670560237049	0.00808384424164797	0.019079842709906283	0.0024186966336569604	0.004516968351605003	0.00047104371886685215	0.003946095620791076	0.0	0.0014764340998762054	0.0030715821367789335	0.009952887086457864	0.020228408002920382	0.013051184924416771	0.0	0.008108864623938672	5.707168890496705e-06	0.0007296199897679398	0.018956564411673826
27481601	0.0005761389503670289	0.0008500575070431893	0.03619779587607797	0.0	0.0	0.0	0.00405151793098377	0.0	0.0	0.0	0.0	0.0	0.0	0.010435921838923593	0.016954415659615783	0.05630472158564989	0.0	0.0	0.0	0.0
35941263	0.013394176272667	0.023489743614126073	0.014069016660597719	0.005390490887955328	0.0	0.0	0.0	0.0	0.010077437938888392	0.008439571428674915	0.0	0.0	0.0	0.005645816251967267	0.019308437180861657	0.0193668242671216	0.0	0.0	0.0	0.0
36379623	0.013508894931049968	0.0	0.01197850993590122	0.022038841925514717	0.0	0.0012196768136255272	0.0	0.019518557681647057	0.010100398254440349	0.013715024827924808	0.00347166029449288	0.0008501635670523918	0.0	0.0	0.0	0.012309262248707795	0.012040469816494308	0.0	0.0015000407072876213	0.0
39800111	0.01197025443789623	0.007103482518669046	0.010894341853777724	0.013089973908928161	0.02650943717271993	0.01277639958683679	0.0	0.0	0.0	0.003885589574413578	0.0	0.0	0.007085958136134294	0.023258714991467002	0.0	0.003537572668242701	0.0	0.0	0.005936663972352839	0.0
43485807	0.017553508799374406	0.007612614505167114	0.014420220623646514	0.01991603606911532	0.0002199664191153248	0.0	0.011132380671824154	0.018995103076593085	0.0019429610843735615	0.00849243232099897	0.004612606662906132	0.012823521753759833	0.0	0.0	0.0	0.0007322644003948745	0.013071882901804296	0.003532741939850386	0.0	0.009048746054123978
44019405	0.008828465854105764	0.012992176415517651	0.015632710096747018	0.0	0.014708013452717791	0.01494418276039546	0.0023563005579046083	0.0123319578057257	0.0	0.00416840789303634	0.0	0.0	0.0	0.023470367322832926	0.006095654281839194	0.0031167590264777815	0.008535272668540395	0.0	0.0	0.0013197507034799132
4576591	0.008405116089012956	0.000975606086282928	0.0	0.0073501743068290605	0.02072681693581975	0.0	0.014017341987788439	0.0	0.008294774084940197	0.0	0.008172216080326526	0.02284267245202296	0.0	0.010292056605051784	0.0020343579947535474	0.0	0.00022453296946871033	0.00944824432551181	0.0027602823447978888	0.021138456772338998
46000440	0.0	0.0	0.0	0.0020567465918583804	0.0	0.0	0.0	0.0	0.0	0.0	0.0013207333385339653	0.0006821028595195448	0.03214650673450304	0.0	0.0020796954880280996	0.0	0.005396165979475858	0.0	0.0870033457695356	0.06086894890022312
46369736	0.010873648444325567	0.0060919418629506224	0.04664879194831902	0.006869824649291181	0.002511325341144352	0.0	0.0	0.01725257897079574	0.002738179615624415	0.0	0.0	0.0	0.0	0.0	0.021963174188281462	0.0	0.0	0.0	0.0	0.018569776031904104
46547648	0.0170873395932241	0.0	0.017933948208196514	0.0	0.03353731457428087	0.0	0.0	0.00791423556308076	0.0	0.0	0.009617725954232641	0.0	0.0	0.018823597965161268	0.0	0.0	0.01452903142725073	0.0	0.0054051783546408055	0.0
50100770	0.027206378116879655	0.006534168075066011	0.008913217524806996	0.00470207058995171	0.007693630347684595	0.0	0.014469491127110785	0.0	0.0	0.0	0.0011572064970622705	0.011207623188896223	0.0	0.008878682500341744	0.0	0.018178504240453176	0.015053333845599412	0.0	0.01698554765074638	0.0
50102376	0.012032714906129708	0.0	0.03253686714385624	0.00349738393997575	0.006900920431717945	0.0015079542722034466	0.0	0.008423942206389758	0.0	0.03049411106680798	0.0	0.0048104718443802855	0.009672402307063455	0.0	0.0	0.0	0.013476124404493752	0.019480043418327462	0.0	0.0
50104008	0.0	0.0	0.0	0.0	0.0	0.0033684914866422577	0.0	0.0	0.008498782687327644	0.0004992839989134823	0.00010534519080215389	0.0	0.0	0.0	0.009441571107945378	0.0006652029691255507	0.09055809510875273	0.0	0.052309662333042496	0.0
50104134	0.0006789801039115257	0.0	0.013435323322879753	0.018177461026653706	0.02077387511255247	0.0	0.0	0.009533247450591314	0.0	0.0	0.0	0.003348315305400709	0.015508626725966108	0.0	0.0	0.0	0.0066737507085438234	0.07774222917964069	0.0	0.0
50104846	0.009537388041030319	0.01290707136208803	0.008737930332234588	0.011647608823991833	0.0014711358592481992	0.002828505459399701	0.0	0.016395351886692566	0.002178704834500904	0.007910368453848996	0.0	0.01806397292573032	0.009641374824666636	0.005372096971128509	0.014029398842899889	0.0	0.0	0.0	0.001973988975881017	0.020682796521616132
50106442	0.009786182855648324	0.0	0.0	0.006439606698566086	0.01138949365095725	0.010720588029971959	0.001345557726320878	0.0019682618000326107	0.0	0.01674062626717856	0.004138563783079216	0.010703686514234366	0.003863938184277094	0.007459076471145234	0.018547949725064503	0.004686628080376166	0.0	0.0049025210141874975	0.0	0.018057042690955802
50106730	0.0	0.009979060885106052	0.0	0.0	0.007765962752155893	0.0033622237763834173	0.0	0.031872578835329436	0.0089732418244572	0.0	0.006515536593936226	0.01752085652654232	0.023892581668205598	0.0019090311464116394	0.005686173144511416	0.0	0.006405160903199036	0.0	0.0	0.0
50107871	0.005025737733669455	0.009625525914583934	0.028393129723145328	0.00846563647648602	0.0	0.0	0.004528900965289844	0.022087504169314837	0.014761466432637553	0.0	0.0	0.007301390738133176	0.0	0.006935394271592476	0.01402674157258657	0.004083791925193543	0.0	0.0	0.0	0.0
50108462	0.008113862754944318	0.013461125265924016	0.004285852212912608	0.010827227785596184	0.0	0.009772921168026558	0.0	0.0	0.0	0.00023012266070961403	0.008696008085211706	0.00987105584390262	0.004817990848827381	0.01588166157507872	0.0020965963286246328	0.020555924093432452	0.0	0.008652906828390036	0.0	0.0
50108750	0.0	0.014275652866182181	0.0	0.0	0.0236939266131136	0.022779696731658288	0.0	0.0	0.0024357965058500195	0.0	0.0	0.0	0.0	0.011998652534023263	0.014492765348334474	0.006962885826844982	0.0	0.018323699449373097	0.0	0.0040003275207815756
50108912	0.0	0.0	0.0	0.008790691645641583	0.003062136317265511	0.010031594708688227	0.0	0.0	0.0	0.0	0.0225310595326791	0.0015899599689403058	0.02587368482137603	0.0	0.0	0.0	0.0	0.08605829849820151	0.0008998471527446459	0.0
50109215	0.001886124748528537	0.0	0.007026203925546212	0.019656021416216578	0.0	0.0028682760489962713	0.01811607049529502	0.003329108863949363	0.004611698194386492	0.00910978616808344	0.009638341912161497	0.003990666318793009	0.025335228845981304	0.0	0.0032521305999581008	0.002773824473088685	0.0	0.0	0.016190636880930788	0.004091050488105675
50109927	0.0	0.0	0.0	0.0	0.0	0.0	0.0053178392089827005	0.0	0.0	0.051901858133691275	0.0	0.0	0.0	0.0	0.0	0.0	0.014633193378278307	0.07938389740367553	0.0	0.04772381903120546
50300822	0.0	0.0	0.000847548221203345	0.03544370578703379	0.0	0.00043631634750532016	0.0	0.0	0.005605683871531291	0.0	0.005712414159335606	0.003512432533149393	0.018029030849688384	0.0013424217871936543	0.010346225565975397	0.0	0.010891769076314497	0.08061066017717512	0.004667768071835431	0.0
50301675	0.011528301663409802	0.007117574682345892	0.004821840768648456	0.0	0.020964404714265077	0.0	0.023847166973618147	0.0028142048057792587	0.006549010836715915	0.002049575218629693	0.0	0.0	0.016972453856036435	0.0	0.0006082724233344635	0.00959720391162575	0.010498852302388626	0.0027328539820845243	0.0	0.014967261276741743
50305165	0.009903116044184257	0.0	0.0	0.017606034909336783	0.002935157880532869	0.014476114996187475	0.0035358400137175615	0.0	0.0	0.018477912503838824	0.0058267508445019765	0.011996540843087246	0.03485846717590089	0.0	0.0	0.0	0.0006013685516113886	0.0030019690891737345	0.0	0.007159626761436008
50400259	0.0	0.0	0.0	0.0	0.0015283733081414383	0.02910225643605998	0.0	0.03778366779243054	0.012787952399654913	0.0	0.018953842797009575	0.0	0.0	0.011750189251872442	0.0	0.0	0.0	0.0	0.0	0.0
50400385	0.020163318017364734	0.029783564841039344	0.0	0.0	0.007035526960339259	0.0	0.0011613304989613567	0.004322447778496681	0.0	0.0	0.0	0.01890197451767182	0.018711117642582334	0.0	0.026895638467811397	0.009041737558192793	0.0	0.0	0.0	0.0
50402693	0.0	0.004230862265693297	0.009022149118373393	0.000314829110860151	0.0054325280390888015	0.0	0.005191501382377879	0.005960646768323619	0.0	0.023078817906418705	0.0	0.0009986581960055138	0.03170136862037773	0.0	0.0	0.0	0.0	0.0893995478893462	0.0	0.0
50402729	0.009888203345094061	0.003917884843633618	0.0	0.009900877881794112	0.0	0.0	0.0008967633996399569	0.0	0.0	0.01548497457115754	0.0146567371732878	0.0	0.012950254377238495	0.0	0.019130522009291023	0.02505687605371269	0.0	0.0	0.0	0.004822352929311963
51624179	0.01714302059491252	0.0068377144330969575	0.0	0.014797942447428616	0.0005448290232536943	0.0	0.00025832930008994585	0.01866962887603353	0.012373305004916176	0.005508738834862501	0.0018892600525101636	0.02440796283458406	0.010617822829362982	0.0050558645696501025	0.0	0.004380261284468754	0.003145815688371295	0.0	0.003588310582553047	0.0
54122640	0.013785459547351974	0.006357789775984442	0.01068916270937588	0.018816696793578648	0.006273291136116515	0.0	0.01557900463189922	0.0	0.006207383845115165	0.0012127136427630475	0.00016354145769982315	0.01054900399596864	0.001486402415162685	0.0	0.0	0.0	0.02916856031191495	0.005672631403992637	0.01641119928471444	0.018199972816112263
55897318	0.003912767835421766	0.0016285913920076553	0.003687905297637966	0.0	0.009463535123719237	0.008112388432813563	0.01798946985974832	0.0005639451657004147	0.009489144103891305	0.025574102905859597	0.0	0.0005634792388610675	0.01689762463419534	0.00546020250710478	4.898150043527596e-05	0.010699716063004882	0.0	0.0	0.00418096793828446	0.01828606444133476
56432243	0.0	0.0	0.01209736843468833	0.00709571784099534	0.011285103276248827	0.0196320474360559	0.0	0.006365180454007614	0.013966927094985163	0.0	0.002775706053957052	0.011348438788557324	0.0	0.015651204623120432	0.0	0.004902498729515198	0.0	0.012134999619263034	0.0	0.007404345560919973
5779736	0.017617068767165962	0.012973941674247732	0.012790310409057374	0.012241721687839062	0.005416137219788904	0.0008139024581749386	0.017540056142104164	0.004598022705660644	0.0	0.01072943877508003	0.0	0.004315368575607748	0.02312908597569701	0.0	0.0	0.0	0.012648554421761077	0.005289763729527469	0.007198380290886145	0.007973768163483344
60747316	0.003006286750651076	0.0	0.0	0.0	0.005270885508670445	0.0	0.0034617090106979285	0.041131072757721064	0.0	0.0	0.016262147703727158	0.023559609363504822	0.0	0.0	0.02802973681311539	0.0	0.0	0.0	0.015276366161718458	0.0
66754397	0.013319466434929105	0.0221832102575642	0.0260031227211388	0.0005587165149842216	0.0	0.0009365578186574013	0.0	0.0045960740255360216	0.013559073116840858	0.006244853483785442	0.0	0.008919942101755368	0.0	0.013473301314837142	0.0057103672806556	0.010094174303296004	0.0	0.0026804498769561194	0.0	0.0
69982533	0.007033109820700124	0.034715223263143684	0.025857558244057017	0.0010240948583095742	0.007447006643759346	0.0	0.0	0.020835251615700098	0.004274339052589632	0.0	0.0	0.0	0.005416142665787681	0.01869467327240307	0.00504812737808192	0.0	0.0	0.0	0.002655152800482159	0.0
70153803	0.01023513131126596	0.0	0.0	0.02128565591807939	0.023744574830655934	0.0023292815324706083	0.0	0.0	0.0	0.0	0.006033847425321284	0.0021298797662498096	0.014853567448713158	0.00965861063424001	0.006881954879370182	0.0	0.026228443827030982	0.0	0.0	0.013758894165883181
7253015	0.008619412910360362	0.0013538808829138555	0.0004668992442168981	0.0248784863225724	0.012901107763524343	0.009582988550988913	0.0	0.008423326391907626	0.0	0.014895465009010062	0.005217100624707159	0.0	0.010869282484200328	0.007928108707025363	0.0	0.0	0.012080124211505196	0.0066959636259854675	0.0	0.004685749038267882
7265221	0.009464764955985396	0.0	0.014965573623950918	0.0	0.028589192214326646	0.0	0.014742419325787409	0.04252250549411081	0.0	0.0	0.0	0.015204994685658498	0.0	0.0017174543413306543	0.0	0.003558312224425296	0.0	0.0	0.008030912707231915	0.0
7287209	0.0054831702368128635	0.0	0.0	0.005731357994010062	0.013770749943075603	0.01544668893169996	0.0	0.004711313764380666	0.008859714857923496	0.005257505612624851	0.009202641669344253	0.01871810160776186	0.005685489999366694	0.006611154291915183	0.003365295924984219	0.001401497939666493	0.00017099460755458604	0.005312544425116486	0.0	0.012045395132389962
74753465	0.009782496143984664	0.0	0.008381243860010235	0.004089266211517109	0.0	0.0	0.0	0.0	0.0017903797446276245	0.0	0.030654036781130732	0.0	0.0	0.03392147037555576	0.0	0.017635881789653734	0.0	0.0	0.0	0.0
75990666	0.008801642300022904	0.0018697847891792133	0.0	0.006199433295654366	0.004252528554393064	0.0	0.013830962425723096	0.022787856695012734	0.0	0.0	0.004000555857822568	0.026106491342072546	0.0	0.0	0.005217392995969667	0.02240412947097507	0.0	0.00875677431731236	0.0	0.007640773634336879
76647134	0.0	0.0009017080402976041	0.0	0.0	0.0	0.0	0.0	0.0	0.0	0.0	0.0	0.0	0.0	0.0885554574795143	0.021752639510273376	0.0	0.0	0.0	0.0	0.023625623035851043
76755449	0.0	0.006704146893570766	0.0029084117573304168	0.0	0.0	0.03225042299584439	0.0	0.0	0.018470733715340897	0.008912346592557314	0.001406509936913436	0.0	0.010273067501085113	0.007558692190912735	0.0	0.016895071770577964	0.0007020748572203537	0.0	0.0	0.0
76867532	0.022051909893593468	0.0051311164729751	0.0017450313742482359	0.010631964991077514	0.005944921959893772	0.008144869238000948	0.02206521016496094	0.008402012503249207	0.0	0.0	0.0	0.0	0.010544596427884757	0.0	0.0	0.014778622876067094	0.00605205556097738	0.00795373200229463	0.0	0.0030761528840346805
78353027	0.00290601420297776	0.013289091987401061	0.0	0.0	0.01315447275007917	0.0013084472087118752	0.0	0.0073413588780323535	0.012344129053521134	0.0	0.0	0.0014873782160630409	0.00836043054622788	0.04568592518822283	0.020811656832571808	0.0019084890531210113	0.0	0.0	0.0	0.003320956896888174
81852640	0.013384333466342463	0.0	0.0	0.008232255626601395	0.0	0.0025115740578869382	0.007644168770994439	0.0	0.02065434893081088	0.009272293056613324	0.00904726847633	0.015813490156223478	0.00582710968928517	0.0013743112689375157	0.018966801734103037	0.003123776761243317	0.0020375653402800718	0.0	0.0	0.007825661849020542
81874628	0.00152534435184886	0.014382363912017717	0.0	0.0	0.027516747050069405	0.0	0.01167449531139875	0.0	0.0	0.0	0.003273659501985228	0.012953599627447195	0.0051604479784479245	0.0	0.03387423131210825	0.0	0.024350137443848535	0.0	0.0	0.009774698960074338
82317494	0.0	0.0	0.0	0.0	0.003734679319318881	0.04601372899815109	0.0	0.0	0.0	0.0	0.036541271657780906	0.0008967414633314146	0.0031867476412280518	0.0	0.0	0.0	0.0	0.0	0.0	0.0
84642424	0.006618204339114533	0.02125999282646568	0.011381526618400544	0.0	0.0	0.007459575165653843	0.0	0.013396495973951714	0.015190742483777294	0.0	0.0	0.0	0.0	0.034521627935095604	0.0	0.012232937259054302	0.0	0.0	0.004339821424875684	0.0017074289837594155
85171938	0.0	0.0	0.0	0.0	0.0	0.005109578789037364	0.0	0.0	0.0023048019576340003	0.0	0.0063983627063641975	0.0	0.0	0.007735440581597359	0.0	0.002102769764543969	0.0	0.0	0.051151603704041766	0.13460727173709766
87645445	0.01128523877138248	0.02011991860649054	0.0	0.0013672805867720962	0.018737720862784718	0.0	0.016513808144753967	0.001863162064629787	0.005765161686561601	0.0	0.0022310833130234566	0.0	0.0	0.027688858896063435	0.0038111188463009612	0.009876052479614213	0.0005254504612661728	0.0	0.0	0.006556865168083204
89164957	0.00941346442367022	0.0	0.02307906980686456	0.01950267483814507	0.0	0.0	0.012506305534030291	0.02279863020980161	0.0	0.0	0.0	0.010783054574302347	0.0	0.017369628627029874	0.0	0.013824082831777764	0.0	0.0	0.0	0.011216046803034365
90267190	0.005556128364045978	0.0	0.002019674398891121	0.019621949372092697	0.0	0.009733330566896277	0.0038971018850459745	0.0	0.00398428286069495	0.0	0.020664759122174886	0.011690392696520821	0.0	0.013621804987137009	0.0	0.009446936239071887	0.0	0.0	0.003884070030364689	0.0
91018909	0.0	0.0	0.0	0.0	0.0	0.017355689394622113	0.0	0.0	0.0	0.0	0.04555379916205205	0.0	0.0	0.0	0.009363678414836091	0.019721623978693262	0.0	0.0	0.0	0.0
98953007	0.01314238680480517	0.028658953703690468	0.03541804095688623	0.013553131542596315	0.0	0.0	0.002421022386107099	0.013104791508324037	0.0	0.0	0.0	0.011203792947343534	0.0038793593325481823	0.0020088966932303273	0.0	0.0003416956346767158	0.01309886945845925	0.022454047570320965	0.0	0.004316948596893085
