	S1	S2	S3	S4	S5	S6	S7	S8	S9	S10	S11	S12	S13	S14	S15	S16	S17	S18	S19
10101327	0.001664409715331202	0.0	0.0	0.0	0.0	0.003736054817378144	0.0036279990032643686	0.0	0.008550322085270326	0.015305898165595598	0.01567894606842816	0.026131833241164238	0.0017077526704143164	0.0	0.008671554156073964	0.019793092621311695	0.01465862843624639	0.0	0.0
10101589	0.0	0.0	0.0	0.01735103136571944	0.0	0.0208564414895851	0.0	0.009198013818687498	0.007496666517889348	0.019943863582953362	0.012178926226925362	0.0	0.006110454972673759	0.0	0.0026439597000790255	0.00987331054605903	8.573123789236513e-05	0.020248034837762826	0.0
10221262	0.0	0.012953375329361076	0.0	0.004820104545221052	0.0005368532142181071	0.02284305252219397	0.004323085875834018	0.02569702197146767	0.0	0.009518366051550629	0.014485898895289335	0.01156025736795692	0.0	0.00926091508752366	0.0005073276182900499	0.0	0.01377152312807586	0.0011257140974533513	0.0
10222853	0.0	0.0029996934868228072	0.0033677395764460894	0.0002819443237203961	0.03187935608933281	0.0009249566765735923	0.007326299809937462	0.001453714015888349	0.00346429626330923	0.0042084573526235776	0.0	0.000863807185668893	0.004796662667994444	0.0	0.0	0.013188361466560076	0.014955469284955707	0.03245461351651404	0.0
10248033	0.0	0.006671008838572525	0.009762378680827945	0.01073476895368597	0.007866013565691048	0.0036812561858662004	0.002240924336031769	0.0	0.0	0.008997999282933163	0.0016839050898745094	0.0036722578071607176	0.004111569914521655	0.007751627601882345	0.0	0.03756511256303147	0.0	0.008712414165379387	0.00043598061628830217
10298957	0.0013771089531933623	0.0	0.01540142979213995	0.0	0.0	0.008161025831933049	0.0329043318233435	0.0011099993162099937	0.0031160973085546896	0.0	0.0	0.026088373571257772	0.0	0.016869022583390098	0.0016090351607362424	0.00156277802721685	0.0	0.0	0.0
10435090	0.0	0.0	0.010564952905655064	0.006052746692612278	0.02700634322671313	0.0	0.008456779623805468	0.004350329046295216	0.0233652484896235	0.003708752072166759	0.0	0.0034907542787259074	0.0024826239771920614	0.0	0.007191302931570739	0.0	0.0	0.01401519051393452	0.0
10684501	0.0	0.0	0.020011988194770288	0.0036254466829305607	3.590971515437725e-05	0.0019056159871759257	0.004770880315401993	0.014022155465089206	0.012591677482142011	0.014010542942289273	0.0	0.0068876818197719965	0.0003448091720435056	0.0014018536264197694	0.0	0.015042731677270917	0.004856346061860593	0.0	0.01252351530211071
10866165	0.0	0.009848035569896635	0.0036002658898856127	0.0	0.011595460105797492	0.012879960167472889	0.0	0.0052261750820183335	0.010596110656433488	0.006564448586376752	0.015359773261494007	0.0	0.017861437034739563	0.0	0.005859013620560322	0.0	0.0	0.030943714469257266	0.0
11157783	0.009145779505312838	0.0248123314708754	0.0	0.01062754585231105	0.0030400770402948503	0.010242465942075568	0.002914899890821018	0.010195630965103439	0.011520546097738834	0.006086098126443078	0.006739242277571931	0.0029145228623558743	0.0021956135444709418	0.0	0.0	0.017380947387396976	0.0	0.005767400874755323	0.006934148835895765
11319389	0.010900229277829673	0.0	0.004729477309089645	0.008106907919059247	0.0	0.0	0.010087939213097486	0.019050075093475782	0.010106389055805557	0.023203476654083635	0.014738214763262095	0.007662866741929966	0.006177399922684353	0.0032487165998742965	0.0	0.0	0.0	0.0	0.0034624806689836684
11326252	0.0	0.0015614778258609102	0.014403195178473079	0.0014884482862091136	0.0072786617883679825	0.002572462749727279	0.011284881150534623	0.003040386275656873	0.002853006482708649	0.01632133342454079	0.0	0.003961427346575302	0.001374818954091373	0.0	0.0	0.014738077987640699	0.017264231017934176	0.009145053089127074	0.004451520012167883
11327005	0.0	0.009296462343705616	0.0015016120912159099	0.00010084297188521408	0.015210123654259139	0.003271605316773072	0.0009277781600568719	0.006096012958410971	0.013513361098910324	0.0059791951824257825	0.004018241744604651	0.005787821357607972	0.004288848283168559	0.0034034715589921585	0.005443536377640344	0.015304530195146649	0.013767031090675954	0.017698131244557644	0.002996395390542379
11345331	0.0	0.0	0.03660557417128565	0.0014329633312849671	0.0005359627198624171	0.004591321849583868	0.013780016996433051	0.007383182951624035	0.0	0.009313820756349935	0.0019596848447728113	0.002267208604924087	0.0	0.0	0.00016415002045451488	0.0	0.0016539828647285828	0.007184612449580024	0.007705197962332511
11392518	0.0	0.0	0.03049477566258256	0.0	0.0	0.008014987912218113	0.013169127168204085	0.01630933428101013	0.005591394760931209	0.0	0.0	0.003483853261718843	0.0	0.005398389114499083	0.0019817294455435827	0.006085892753211075	0.0	0.00568966672746108	0.00010944713809541752
11413170	0.009830530227975351	0.0	0.0	0.002217780492868492	0.0	0.0	0.018524020725853525	0.0057254034881692355	0.010517525786366307	0.021946934977980333	0.0	0.0042353094404373876	0.025962631914392294	0.0	0.0	0.0	0.02211284819659921	0.0	0.0024143296403712823
11453772	0.0013634647547518834	0.0	0.027937548635472473	0.005541218301369197	0.008526924856958681	0.0	0.0	0.01694482792016256	0.006363585973228434	0.0014359110011530178	0.0	0.0013381585712267036	0.01502495914925231	0.011430211802543137	0.0064063696310788475	0.0	0.0	0.0	0.008879135401932378
11606935	0.0	0.0037090310006132306	0.03986596070191537	0.0	0.006693074884069234	0.0	0.004979128785419015	0.007109657241764914	0.007637189686036017	0.007310071124244377	0.0	0.0	0.0	0.0014363399948693991	0.0	0.0	0.003167502269261943	0.0033695614431611537	0.007188040111835527
11616707	0.010853764645561504	0.0	0.005946744895477113	0.0	0.00414896104885442	0.0	0.016794807831490514	0.012290675106625388	0.009333770132632348	0.009299152768763416	0.0	0.003926960769499185	0.00741519728917884	0.00010606606589273018	0.0	0.010810583994431348	0.0110190214630805	0.00703995651472889	0.008330816472008399
11619606	0.008405391644155075	0.0010344829097523756	0.0	0.0	0.006791599193090487	0.0023493444892779027	0.0	0.009247674416325893	0.0	0.0037779557657452046	0.0052254741472459705	0.0	0.01176483433655123	0.0	0.010714684513667878	0.02087441139663274	0.034667968621225606	0.00995455997761462	0.016591599093114744
11652071	0.015343897291726326	0.003675882137352365	0.005153412866866264	0.0018286004887514136	0.00737142494152973	0.0	0.0	0.006275648670133133	0.0062511124410872705	0.012048985617964197	0.003337679077727758	0.0	0.023621797743346207	0.002456420232722972	0.0	0.0007521782302998249	0.018228622930501915	0.023362040111572478	0.0
1243685	0.016017052868918243	0.013039748457897385	0.0	0.0016022796101243094	0.018250232577450818	0.0	0.015168615718593858	0.005296054745776802	0.01746494453852407	0.0	0.007191247613656072	0.006353809104374372	0.0026964033460220196	0.013884246192464804	0.005230980354872513	0.0	0.0	0.0	0.0010393420859462561
14498577	0.008992041467257844	0.006965524080476423	0.007061382674197554	0.01571157237529268	0.00852366101186502	0.01265067027189165	0.004719340990725437	0.005304488166740412	0.005609412338371724	0.004753653569745425	0.005297525054348546	0.004966026323712489	0.006124945954708082	0.009886562486584996	0.007178893572582799	0.0	0.005784064639675497	0.001519029431958952	0.0046536335460039945
14641578	0.0007507518494445859	0.00840581065425101	0.0007235272557830776	0.005366904534947483	0.0020408397619431033	0.012600556763897139	0.014555513617038916	0.0074557887719620955	0.002252889781038476	0.015682946938870422	0.008338674353317026	0.005607760952387317	0.0	0.008001266053723864	0.015206035606969204	0.002272700109332595	0.00899894537287667	0.005571932146280384	0.006840579057692328
15387421	0.0	0.0	0.004045885868177228	0.018278623141510266	0.0	0.00865578057201173	0.0	0.0	0.008790901061799528	0.013196791674648147	0.0	0.005098928609641561	0.0022421519610562983	0.0	0.013845410047678797	0.028772075478353754	0.009684375518865949	0.006406300690697961	0.0
18414513	0.021618604644373294	0.017993080243975	0.0	0.009525311399852037	0.01456654737944035	0.0	0.0047400883273042305	0.005083385295178638	0.012628652978249888	0.003575369224320977	0.005785005027819075	0.012075878066316109	0.002136869004162673	0.015316928369681891	0.0	0.0	0.007356817514968079	0.0	0.001053890518667913
20112377	0.011202481615390215	0.0037722741762527745	0.0	0.007473447581785359	0.011847531036275371	0.0016191911808880037	0.008472310179787296	0.0031018351180914054	0.009923088015407068	0.004548556010481422	0.007514736600895106	0.013626098425585964	0.004435397609471881	0.005376248859091535	0.014501352062020875	0.010411522532177964	0.0	0.0	0.007495625095072499
20120255	0.0	0.0	0.024331486589465087	0.0008648634803297877	0.0	0.011443832523789275	0.0052318544894909905	0.0	0.0	0.0	0.0	0.004818059888027542	0.016820402124214248	0.0	0.0	0.02885122700707927	0.00718998676816225	0.0	0.0
20124619	0.0	0.04144803303398543	0.0	0.007141825612245672	0.0	0.02774168993789861	0.0	0.0	0.008673239729473146	0.0	0.0	0.0	0.012814982967123424	0.0	0.0	0.005788776650643946	0.02594067441105594	0.005483230622578224	0.0
20139562	0.0	0.00411649465527565	0.006923221275222899	0.015065106279943997	0.0036382002874514453	0.008414488625728805	0.02157552637457663	0.0	0.003700654440499335	0.009009490588257466	0.0	0.012565575843896885	0.00047533065858018707	0.0	0.003566414571249553	0.02300653527981018	0.0010508413296385682	0.0016808866806529773	0.0003040565207919604
20147440	0.016047264166505922	0.0	0.0	0.013983458702197565	0.0029491899549408235	0.007527798876835845	0.0018975023854004847	0.00884887323042063	0.019142934614126073	0.004871408460871881	0.0075358365519839045	0.01618328815052268	0.0005881456707375124	0.0036513305400278913	0.002137603769789431	0.011535372972837004	0.007331175473860458	0.0	0.0003234998213976908
20152393	0.0038284618845534123	0.006317342393215905	0.0	0.0	0.017405328217117516	0.004673640468051292	0.018355651442570696	0.008629920353438222	0.0	0.020055166535241625	0.0	0.0021127290965130166	0.0	0.001091746412623641	0.0	0.011546545373734528	0.016318701726301944	0.01703177690443955	0.0
20156469	0.03428766404708811	0.009577259379343691	0.0	0.01062191964329189	0.014644809389108013	0.0014263804753890386	0.003130298167161589	0.012445623769303575	0.0	0.005804208189525782	0.0	0.011106599099626715	0.0	0.010965183055405598	0.0023199266093109423	0.00277970447241663	0.0014734448499562104	0.0	0.0030226108063865563
20173942	0.006569376103219576	0.003469725037659042	0.0	0.001567466402512009	0.009127565993205477	0.004060063154503508	0.008477719182234649	0.0051555474695433295	0.0	0.011286647930964544	0.025332902018539792	0.002416164799236269	0.0	0.004071944267941592	0.016032393510223095	0.019126034071700427	0.0004701272638732716	0.0	0.00610743623579115
20185860	0.0	0.0	0.012842265574822813	0.0	0.0	0.004379245908924395	0.0	0.0	0.012155374318517776	0.012814370619620982	0.0	0.010044830093247541	0.0	0.0	0.0	0.00031554862794636593	0.00879030922497211	0.0	0.07736034252658214
20187042	0.0	0.008705186511541362	0.0	0.0005316345410238218	0.00745832379145171	0.0	0.0	0.012282010821966787	0.027890811058516454	0.005061013922564607	0.006216242942600537	0.0132761487108416	0.014392868842735208	0.0	0.024185729570698093	0.007578525020943161	0.0	0.0	0.0
20195344	0.0	0.004302583745256988	0.0	0.011825608675991483	0.022312010857927216	0.00945706047161385	0.0	0.0	0.019750740801526015	0.009730272863516838	0.0	0.00340179861505449	0.0	0.0071146484235698896	0.011125698722468646	0.004550558473706923	0.01177492733766817	0.003054222557261429	0.00856844912813024
20197364	0.013551886695134416	0.00649026816950407	0.001735031809512573	0.0	0.0020020023809861447	0.010276018906260589	0.008133215331179968	0.004123540498787595	0.0055712367443997695	0.010849998106979631	0.012906570061013064	0.014292413455991006	0.0005161319620282826	0.005241548908724135	0.024854847124610564	0.0	0.0	0.0	0.0022246056174647305
20204538	0.006945173198414679	0.0023119638152935182	0.0021548076840380947	0.005899139335122492	0.008315404333510027	0.0	0.023963208846085236	0.0032747117552735234	0.0010454949836429324	0.008856910212604206	0.014910827851018205	0.017436884389782692	0.0015281063520347486	0.006909495366156509	0.0	0.01250614389353999	0.005364055507420758	0.0	0.0
20214850	0.016353792263361294	0.00823250784880961	0.0	0.0	0.0	0.0	0.003163636318997042	0.0	0.0	0.017849000533853084	0.009265162563445931	0.019431633202105777	0.0	0.05322773224201637	0.0	0.0004138197505314775	0.0043030449415765405	0.013968658962350613	0.0
20225925	0.0	0.002771004072287578	0.0	0.008581621293724027	0.01101245654719546	0.0	0.0	0.02453587897524223	0.009698944820724859	0.015645486274071894	0.019991371159483785	0.002185479175370504	0.0	0.008672125438740002	0.012547869546924832	0.0	0.0053371421404603756	0.009897912301357791	0.010478939956597334
20232474	0.004732858821896399	0.0	0.0	0.0	0.025071823827327387	0.0	0.0	5.423742510994194e-05	0.023758272423995423	0.014527324586007312	0.0020507522977166333	0.0021097363989959882	0.004200565300142112	0.0	0.0	0.004588436639174731	0.014628593129923305	0.030502968573575963	0.0
20242958	0.0	0.0	0.026053398951991682	0.0	0.015016748311762019	0.0	0.009102232111245962	0.0016580743632312169	0.0	0.004096299161365786	0.0015649752107988596	0.007870448997550052	0.0008695104596783434	0.0	0.0	0.009485278016990279	0.0	0.029302149428652356	0.0
20251553	0.004814943704593343	0.0	0.015003471728579994	0.017355220272410314	0.006259724887407963	0.0	0.0	0.005327053389176522	0.017989035736287465	0.012379704792524473	0.004988121970705807	0.0	0.012895573662986378	0.009431316304685322	0.0026618658840387574	0.0	0.006979112011838944	0.0	0.0
20252720	0.0035172186906506186	0.002427932139402458	0.00163350453370769	0.013574705194888423	0.022691047313992314	0.0	0.0	0.0056219197845918485	0.02353354531475053	0.01032891468304393	0.008207602952198018	0.0	0.0	0.009356476426123552	0.0	0.0	0.0	0.025612339432883865	0.0035234147977449594
20254902	0.004140651661104464	0.006117872871891382	0.0034056335871862054	0.014479580118998798	0.013046276888025992	0.008349571018884757	0.0	0.0	0.0138046844786648	0.004047864616341378	0.016768082515040597	0.000973036005630284	0.0	0.006088040599772838	0.017942619584279465	0.006746311636452461	0.0054743058480520475	0.0	0.0
20260284	0.0009970249818643446	0.006885288512741446	0.0013678865714763697	0.018904409667056258	0.014020611536435523	0.014529385003912643	0.0	0.013955686628001696	0.01735242467021679	0.0	0.007741986587609612	0.0006922012824475146	0.0	0.0045806053991005145	0.0	0.015586313980021329	0.0	0.0	0.005767825751016118
20267709	0.005000067832521158	0.007762628840432989	0.001805527149952445	0.021100203473525786	0.0	0.005411671523395421	0.012100862897679525	0.0006658382623529716	0.0029475202093888772	0.018731243822559925	0.0	0.011581726272220988	0.010563017080826945	0.0	0.0004686022952213353	0.009234597339907393	0.005333092742154915	0.00748310321257475	0.010400359910070298
20271359	0.0	0.0	0.021767341472577424	0.007138960733229344	0.0045885591331903	0.00073242880248405	0.007936298228040683	0.010324150838583979	0.004754684639082592	0.015546848832090725	0.005585407299380827	0.004091297744794614	0.0	0.0	0.00416825591533913	0.008876616409991035	0.00642354311985106	0.0	0.004462328401363805
20275399	0.011541218936275528	0.004505653793426292	0.0057562973765178035	0.012544234283152718	0.010776484960935959	0.0	0.01390534402389127	0.012059387331247362	0.0015689850220642401	0.008941383204726656	0.005135669342140416	0.0	0.0	0.0038609708984504183	0.00031719656338999146	0.0003197093474361944	0.020014989424304745	0.0009612922197226819	0.011086449792582142
20283691	0.0	2.7539462421566183e-05	0.006153890949934506	0.003161875467839668	0.0038924959987211576	0.031633659475373596	0.003972704264005519	0.003805913513883313	0.0	0.0041815635870449	0.0	0.012149827617540934	0.00725061053401018	0.017677130688154692	0.0	0.005712290456098722	0.011398360674862985	0.0034359113410475438	0.01083122300230619
20299973	0.019539249196639887	0.003985681395590969	0.0	0.016293465778085527	0.0027238896342254995	0.0024142363993943363	0.0030073049124924598	0.009960279876725465	0.0	0.00459704912233906	0.011874799227782073	0.0	0.010646703483264729	0.003584883816408482	0.0	0.010184540587948999	0.006187029276533224	0.02730790323015349	0.0
20358955	0.0002893393810400438	0.0	0.027528418297053957	0.003392242526091	0.0	0.005029252801689751	0.03264311919238458	0.0	0.0	0.006036298868539589	0.0	0.0	0.0	0.0	0.0	0.009277856209162487	0.013708418579732429	0.0	0.0
20376029	0.027212931848827854	0.029408489497324084	0.0	0.01338741417145749	0.0008210990332841367	0.0	0.0	0.0	0.013389512700012958	0.001839098294493457	0.007298558850287852	0.0025751259596038137	0.026939089557570562	0.0	0.0025425940272857765	0.002152614838879432	0.0	0.005255241673680994	0.0
20380417	0.002610710525636622	0.01136879397213979	0.0	0.00435956456467959	0.0026697297389697908	0.021747910214793286	0.005621797229037872	0.005347451460460477	0.0	0.022909799788582114	0.0	0.020634412689717142	0.006042227554814521	0.0	0.009928258927886523	0.005666584547755123	0.0	0.0	0.0
20390027	0.033515540707116064	0.01096306494087855	0.0	0.0	0.0042787836782788545	0.0	0.010819883023300749	0.003916276518693067	0.009898000661807144	0.013591378481273154	0.018250373972141323	0.0	0.002709488754410942	0.0	0.0	0.0	0.0	0.01137286752668403	0.004306380776879359
20447343	0.023760746173344477	0.009258626433787921	0.0	0.019785721778794316	0.0	0.017111960791347254	0.0	0.014912072379060394	0.0	0.010452060581793867	0.005161174062483893	0.00607594685005073	0.0032528092723207863	0.0	0.0	0.0	0.0	0.01907366170885939	0.0
20453625	0.016863594648901536	0.004565144164822659	0.002169743180786992	0.00706728866239946	0.01222357905345211	0.0002899514756893862	0.01615627071891822	0.013684721397166793	0.0	0.0	4.2505049791468854e-05	0.008880756866926177	0.005995135114232964	0.0075013660362260315	0.00788670469432341	0.0	0.019665345008349207	0.0	0.004636164298333622
20500815	0.019712593807076864	0.04426176787064964	0.0	0.0	0.0	0.0	0.0	3.085253031682164e-05	0.01245747555660875	0.0	0.01860382853686636	0.0	0.024601369269297298	0.0	0.007061561025315412	0.0	0.0	0.010335602080996544	0.0003507191187145009
20501668	0.0	0.003850170534756813	0.0014775438101553703	0.0	0.0166105345038444	0.0	0.016436963502084574	0.003844799026167063	0.00804103618987289	0.005948344892832004	0.01243395503496624	0.0032141426045205947	0.001375248355355069	0.009857685012181814	0.0102221438587178	0.01663129075381615	0.011099325811241121	0.0	0.0
20532115	0.0011391311579568	0.001771589428183661	0.0	0.0	0.01152070652359029	0.006697816480771379	0.0	0.0019785333928573714	0.008290264364244555	0.0	0.006347562802089681	0.0	0.01663849318455996	0.04733295044599064	0.0027186730997876348	0.006584205617573729	0.010142456326884325	0.030740085075184654	0.0
20559562	0.0	0.0	0.004848965134587321	0.0031598268439359126	0.006608475602914238	0.0	0.005406250424745233	0.011711856464455803	0.001689566748966235	0.0025671142976024515	0.006545851215678133	0.0005046604445614638	0.014622296767172527	0.055194060863049406	0.0030935771638015584	0.0012977727249215505	0.010779609716204902	0.01983551078094784	0.0
20561642	0.021387600995401896	0.0	0.0	0.007593893744006492	0.011872460202672717	0.0	0.01143844638099827	0.009074693741252495	0.01676083941625853	0.00029606009118700544	0.0019520929424091365	0.024815942524111113	0.00030131175132817943	0.014042983585721504	0.0	0.0	0.006157710942483302	0.0	0.0
20594407	0.0	0.0	0.007936356563070757	0.011151119252381547	0.012819919759904996	0.0	0.0006206107961931616	0.009301967365987642	0.0007504666574110922	0.017802224118561225	0.014409443305677606	0.0	0.0	0.0	0.00215335078009676	0.0	0.010144878694953952	0.03013640248051676	0.011917953455470053
20630946	0.012541409744579912	0.006528545002683781	0.02272147085296228	0.003720320466738206	0.0033325309447625605	0.013176859848223739	0.009375029618141234	0.010436064360643826	0.0	0.0	0.002376368480459247	0.0011901452114005601	0.005812972709894903	0.00034829045331638347	0.007957535552203559	0.0	0.005817978605647213	0.0039626821764751075	0.0005287198668742277
20674902	0.01313439057860806	0.0	0.008459941334272856	0.008738794584721623	0.010475778825964696	0.0013511943139738218	0.0	0.0	0.0040826858896492605	0.0	0.008583972520657887	0.014251097521146934	0.014541812526644193	0.0033602924289171062	0.006564767333903378	0.012822164939061232	0.00654536813578425	0.00251453008429055	0.00408498466883404
20706215	0.015857767971741675	0.021390319274392115	0.0	0.004684415532134768	0.006698573277827199	0.00717738752327587	0.0	0.005238229316167578	0.0	0.014693243085804277	0.011355004496204746	0.0	0.004938461962482452	0.015355432143822805	0.00652015649099981	0.0	0.01158566147550402	0.0	0.015715108185740567
20819999	0.016655898142511606	0.015390649518476613	4.330933455428042e-05	0.00758280931556624	0.005538169797485964	0.022071587104073465	0.0	0.016819403035807822	0.0005708385147262116	0.002362140144449544	0.0	0.015747222020458432	0.0	0.0	0.007139488543114962	0.0	0.016786820422722736	0.0030718828018391257	0.0
20865035	0.0018263815021590298	0.0	0.027516895481210262	0.0	0.0	0.023794510090835306	0.009159604897917843	0.00391715699946748	0.0	0.0	0.005318686414712933	0.0	0.00795655596716194	0.0	0.01243329565135253	0.0030011740185352303	0.005546829056976621	0.0	0.0
20892128	0.005162444210507007	0.022190824557369898	0.016688058684099668	0.0	0.0	0.006163857716017342	0.00961080705090348	0.0024462628899002492	0.0	0.0	0.03172743116401758	0.003201108020428341	0.0	0.005057951268446819	0.01026655223336744	0.0	0.002431664800659061	0.001655057069510482	0.002459671457006551
20898476	0.013699048350037463	0.001157637908662109	0.0014169151448736612	0.01374137097878567	0.0014382083555636964	0.0032259449423281236	0.004292976517784395	0.010218793871812862	0.004595728480312233	0.000413379515818902	0.014558843663319634	0.014366837124698774	0.0016401900822255661	0.00010192419977142277	0.006124740581467538	0.021265187924574578	0.0075465170561096265	0.005188305504290053	0.0
20906079	0.0	0.0033752140250813546	0.0010342788626478835	0.0	0.017490165643808987	0.006199397665243192	0.0	0.0	0.0	0.027820541577953835	0.0	0.0041233275285986045	0.016804726327629173	0.0035212355267581173	0.013727727030313852	0.007564376349308959	0.009939502567547972	0.0	0.011441410602003207
20914669	0.0009120540976573488	1.3961282774654104e-05	0.022409127009695405	0.009687529524323798	0.01278219405671615	0.00949071200494032	0.0	0.025234941616877504	0.0	0.0	0.0	0.0	0.009715138768631825	0.0	0.006414734610106635	0.0037607542243071404	0.003180772694413854	0.0	0.010458474367757509
20920239	5.036913175528584e-05	0.00952353941542467	0.011119818833808472	0.0	0.0005157528294902186	0.013646368966063268	0.011782001939168124	0.011141835709005397	0.0	0.0	0.013586951162915181	0.010072258687536086	0.0	0.006622701579910443	0.0	0.004303901690198323	0.0059620669414633945	0.012916640033700015	0.0067990172719948165
20922259	0.00524436650460755	0.0	0.004272765133874234	0.008764088817464852	0.012776880997331218	0.006776473373591524	0.003493163946916226	0.012907429025531724	0.006602634284473966	0.0	0.0	0.020238369783909454	0.0046367824886237065	0.003855079138810304	0.0	0.0009018795191939701	0.016665158133031082	0.012222989176920223	0.005015719934391619
20925996	0.017643624480661844	0.008236660794024147	0.0	0.006019696273719136	0.004427980203893409	0.0	0.004232366606236697	0.00663825477158118	0.0104251358109092	0.0	0.010739637397434464	0.008423870017550501	0.007439590298805348	0.004346598270315795	0.016454583886613906	0.014667419548387522	0.0	0.004562038902371077	0.0
20933324	0.01318547056879169	0.0	0.0014505003693502773	0.0131039966343211	0.00693040067998464	0.006637518431240237	0.017466386734871584	0.009102635498661313	0.006680021326421391	0.0104576666397684	0.0	0.009545537451454908	0.0020902493764861575	0.0062598564181465775	0.007664816090175354	0.004056387647405537	0.0007756730353131108	0.0	0.0050866887728897485
20946545	0.003965591451811241	0.0	0.0	0.0	0.0	0.0007774921279764291	0.004128586481208994	0.008500743937120189	0.0	0.011446679655256047	0.0025170449143477364	0.0	0.007068316907087244	0.0	0.0	0.0	0.0	0.0	0.13733813479614282
20964295	0.0	0.0004269506717875802	0.020137625622479654	0.0019401880012683555	0.00859428421880739	0.009660667755793535	0.021390911626815265	0.002324393056683746	0.0098606241231295	0.005678312930726699	0.0	0.0011372832285094282	0.0	0.005163831361152231	0.009420818099281043	0.0	0.004395856562235092	0.003989613174810217	0.006256710898476454
20989910	0.006926660759519911	0.0005971901439999463	0.009160121954973902	0.010323031808129646	0.0	0.0027502093067779823	0.007242514023343022	0.014630311776105331	0.010251040095868533	0.01961171012894897	0.004897460387807155	0.0	0.0041704818793232325	0.0	0.0007829160188638609	0.004680928431978872	0.0	0.02449531304678038	0.0
21000180	0.000244488850351178	0.0	0.006291573001279813	0.0038140681688759452	0.0021693491907781356	0.007040462660405807	0.012879791806375574	0.0	0.009605912014815827	0.00991908695482354	0.0	0.0018326606847300078	0.02621130140901044	0.0	0.0037581514041752904	0.014648982598816862	0.016369457066077703	0.0007142855025293362	0.005240009656913716
21000630	0.0	0.0	0.000380773555200097	0.0	0.01968761682855942	0.0033228469363624823	0.0014827181323233097	0.0	0.03298823126244969	0.0	0.01019003364150343	0.0006869821282176229	0.0	0.02264142986193114	0.03827957599070509	0.0	0.0	0.0	0.0015613922104884752
21002524	0.011395030280271622	0.0	0.018471732227777937	0.010138595078964748	0.000237735201829562	0.007576764641038689	0.004535325930718183	0.011337230056464323	0.0060780833854101315	0.004373975758433317	0.012403261320977115	0.0	0.0	0.0	0.0	0.0015326534473298974	0.0	0.022405620564497686	0.005714624946987169
21125782	0.02069559713913825	0.01980135822073554	0.005774637885237489	0.015731677409355337	0.0	0.013473073352243747	0.0	0.010556897024346692	0.0003466171553043052	0.0	0.004738832438173145	0.012773143885146958	0.003647989719931658	0.001489755003582168	0.006710962337219436	0.0	0.009850995781118222	0.0	0.0
21176459	0.0	0.006435338657088283	0.0	0.007128955380188294	0.008811437592088217	0.0	0.02314951919532317	0.006574322479824968	0.003853030158720647	0.04411748817875727	0.0	0.0	0.0025257947990526843	0.0	0.004653970423284101	0.014117561666076755	0.0	0.0	0.0005980849056690329
21183160	0.0011537408083687516	0.0	0.0022435707715044656	0.00170319649547742	0.002656069934155587	0.01830687290488129	0.011248012059216859	0.003002745866527971	0.0	0.0	0.0064203969942346955	0.0	0.021298531744239735	0.0004116894973129456	0.014634167490175196	0.00514929503743941	0.03441450847540772	0.0	0.011248621529525974
21189544	0.002780210852059845	0.006419177426944538	0.0	0.0	0.0	0.0	0.032706555983174734	0.0	0.005111997943657213	0.023092504638522863	0.02574811986638549	0.0038068467822642512	0.0	0.0	0.0030945499191614998	0.017168724245765526	0.0	0.0	0.00336921228799943
21274280	0.0	0.004434095326105607	0.0	0.0	0.0	0.0	0.011714912109610039	0.0	0.01014831540627171	0.0	0.0	0.0	0.0	0.0	0.0	0.028908678617098296	0.0	0.0017161257648759024	0.10468231959509065
21293107	0.0021267379390996484	0.0	0.012994445065119015	0.00369770626007234	0.003842404239951688	0.015913905735148205	0.012646287066046768	0.0	0.0	0.0	0.0	0.0	0.018751819859838762	0.012251969022330412	0.008577294144351913	0.012662546293895804	0.010509445859345093	0.005430364771597118	0.0
21362537	0.0	0.0	0.019019024023539697	0.0	0.00038108640310120003	0.0	0.025778406913334266	0.008559719344519804	0.010818767229311809	0.012679397480713573	0.006843220832657394	0.005570118434989546	0.0013891485505226268	0.0	0.0025224759703220694	0.012784648323472616	0.0	0.0	0.0
21402304	0.013993067904775322	0.007388812678548604	0.0030969997618736146	0.015533880697069149	0.009838972191721791	0.004121561966516633	0.005496146277552352	0.004720569746626089	0.005537252615271184	0.0	0.010967061632625485	0.008391223139027938	0.009102458927017717	0.0	0.014546624672062936	0.009576782366429592	0.0	0.0	0.003964304728141585
21413181	0.0	0.0	0.039465058536287026	0.0	0.0	0.0	0.0	0.0	0.0	0.0	0.0	0.0	0.0481614385708421	0.0	0.0	0.0	0.018446994194501975	0.0	0.0
22789958	0.012496165230049025	0.019662535421570076	0.0	0.023730346497065884	0.0	0.016083123051642743	0.0	0.01177770146518123	0.0	0.003607516359669191	0.0	0.01351891191877892	0.0	0.00015281961125562522	0.0	0.0012387494604060134	0.025875312449255537	0.014024355476406593	0.0
26631069	0.010172619648409632	0.014171126062636158	0.004417859533517989	0.009367861333457657	0.00360805430325804	0.014269846058903435	0.004210283616665157	0.007732854576795285	0.002361132926697989	0.007142400030874429	0.0008046057094422427	0.016202777174365576	0.0033711020196087317	0.00443756686147345	0.015077285256713325	0.0	0.00464735886848459	0.0016422547959010327	0.0032026653855475548
27481601	0.00033393756758818665	0.00391778614193267	0.0	0.00588814613484647	0.004246410235554609	0.0	0.0	0.0	0.0	0.0019652295011163335	0.04817826237823018	0.024864704346425417	0.0	0.0	0.0022695208475952263	0.034957492800930884	0.0	0.0	0.0
35941263	0.023605281661290244	0.007218983139631641	0.0	0.002514758484702943	0.0207450360922243	0.0005693365298790399	0.006061644146958239	0.0	0.0	0.012014453673705319	0.00468660736531523	0.019311710122204513	0.0	0.0	0.00762439950239131	0.012585989439738004	0.0	0.0	0.0
36379623	0.0	0.014698458802616703	0.0	0.009227940594023699	0.015256692070878552	0.0023981557185287403	0.008656145576056118	5.541036140902412e-05	0.021258488225745685	0.0018058305695945651	0.012119117081983453	0.0	0.004557887892299189	0.003176472518083108	0.006577374652329792	0.012397136864757127	0.008012229265142013	0.0016780057613344436	0.003918391874766459
39800111	0.009341630970224677	0.006612438569476204	0.0001027016520235355	0.006897542573786859	0.014768000537936816	0.020607559318812533	0.01169280490931266	0.006897251650497054	0.0	0.0	0.0009065894226687979	0.003065143806260265	0.0	0.009786949807491709	0.030849137985368712	0.000419286698029265	0.0	0.0	0.006211012820190322
43485807	0.005891551897132285	0.019689475896451702	0.0013847646788533044	0.013771182664409581	0.013512119922430427	0.0	0.0009800788953513307	0.0	0.009934854017730352	0.007730982004056565	0.010813376801270315	0.0004931715105635554	0.01490172476245529	0.01142318831540869	0.007644471102419669	0.003114385999349698	0.007842335214612953	0.006533549338673108	0.0005403715278038053
44019405	0.011075843889613607	0.012331475384475233	0.0006913030927116098	0.0	0.007916007810098968	0.014099628001375857	0.005425363146326546	0.0027138457695936222	0.0027881032939405864	0.0	0.01756533750202655	0.010920980605133065	0.005971611277527846	0.0	0.018998625528712648	0.0	0.007714250476928617	0.011424016727983644	0.0
4576591	0.004666879094177345	0.0004013291316475299	0.005503352461565901	0.01626758934246707	0.0	0.01812315534804192	0.007984919363894056	0.0	0.0036434464326259492	0.011177624792079077	0.0	0.002130522766765495	0.013993968063677073	0.006706461784647135	0.013470310521852082	2.2913876895460998e-05	0.0070392918750766245	0.008116219534572445	0.00832602146610484
46000440	0.0	0.0	0.006233003428786331	0.013862516390303182	0.0	0.001210496646181388	0.0	0.01967065336408561	0.0	0.0	0.0	0.0146760996422982	7.749271528024214e-05	0.0003027440472915751	0.0	0.0	0.004103778475727953	0.006058094841548235	0.08986484203590221
46369736	0.00015221347033364492	0.04034613650848194	0.0	0.0	0.0035814903580478766	0.008580527054161964	0.0	0.0008975857125348493	0.015089846665530354	0.008596303116523749	0.019777894442436626	0.0238335829733994	0.0	0.003740571925034927	0.0	0.0	0.0	0.0	0.0
46547648	0.0	0.03553827689698111	0.006637569580977308	0.0	0.0	0.02857514212958112	0.0	0.0	0.004197017319560016	0.007356145198355962	0.0019117436916385165	0.002960021934755648	0.0	0.0	0.01932293735333272	0.0037267303557153466	0.009147224660341874	0.0	0.0
50100770	0.011096837899182638	0.012040252648320824	0.0006591495124895945	0.0251171693002004	0.008580573281254633	0.005560137097868931	0.0016428209785909907	0.0	0.0	0.007912664021838997	0.008578795094480958	0.0	0.0002317603718576943	0.00021247630476321918	0.016771642451895847	0.015981356508607086	0.006384198337154509	0.0	0.009810447320833885
50102376	0.0	0.0364926871494029	0.008873504022956894	0.0	0.022271884691167816	0.004350006236882146	0.004801987961377472	0.004308532119182957	0.0	0.0	0.006120182196657118	0.0	0.001820680161897909	0.014320652522939431	0.0	0.008384613452921352	0.008896565710801036	0.0022515113113504106	0.0
50104008	0.0	0.0	0.0	0.0	0.0	0.0	0.0	0.0033740991109757475	0.007858786179132595	0.01000529748108954	0.024445491839118167	0.0	0.0	0.0	0.0	0.0	0.0601125844872362	0.0	0.0449649802160592
50104134	0.00036368889912663044	0.016767152704791635	0.0025481389421163395	0.0006357926519741209	0.0	0.016408368279234583	0.0	0.008555848688278292	0.0	0.0018380573906818195	0.0	0.0030198528015507923	0.015096427315298054	0.061198465395248994	0.005334488847508527	0.0	0.008211837620401804	0.0007483638303808321	0.0003208063091456187
50104846	0.0091155107116474	0.01633986973281356	0.004960572084919655	0.004905975821009877	0.01251173404086466	0.0010420276365894522	0.004674732874942816	0.0051328323618195755	0.009572244610430249	0.0	0.0	0.018661942412675894	0.0185355901608585	0.0	0.004999582278123321	0.0	0.006595575338194269	0.0050729940211760765	0.0077232360374136525
50106442	0.0	0.0	0.005267744439763958	0.012037104395359759	0.0117867569955948	0.011452859307652864	0.006266464544922015	0.006521239977372692	0.005003912157032944	0.00214487651157428	0.0	0.01458100839820231	0.011815032249013306	0.0036976122144694356	0.008358409054929654	0.004053183961707629	0.0003517046769347788	0.01718771432091216	0.0033725263479445753
50106730	0.009668675289232114	0.0032097623345271544	0.004786138614552326	0.0	0.0	0.006817245461822042	0.007527839057441238	0.021058522463328677	0.019313567520603436	0.0	0.0	0.0009789804118632488	0.02379991176217119	0.0	0.004993572735353421	0.0036694481850243245	0.01612851132459559	0.0	0.0
50107871	0.010527656462805065	0.016211128997188615	0.0	0.0	0.009450595770186728	0.0	0.006251869363197322	0.0	0.010208661429837852	0.013552614244533388	0.019863805561133777	0.01049246849452026	0.014399694298872764	0.004319663458160544	0.00865886807943891	0.002102264421436193	0.0	0.0	0.0
50108462	0.013139387741644517	0.0	0.010043787654187356	0.007291747227140876	0.008946569861823572	0.0012494747573852483	0.0023726962247608147	0.0031957867006237838	0.0029285698817801695	0.0	0.006873233056446965	0.010452364229634147	0.004541237209148182	0.01179589864711222	0.015371826632010806	0.015065020840593569	0.0	0.0044037029308561	0.0
50108750	0.015039346734407981	0.0	0.009428708808904845	0.0	0.0	0.02535744057879686	0.013744595969886107	0.004818097801655744	0.0010171639209962207	0.0	0.003973155073591401	0.016822290361346966	0.0	0.013695483162866128	0.002603665969274652	0.0	0.002411061111529063	0.002241748021189035	0.0
50108912	0.0	0.0	0.022537416345963464	0.0035907177968057774	0.0	0.007857335642749753	0.0	0.016181949187331086	0.0	0.0	0.0	0.0	0.008695473130782696	0.05732825080882716	0.0	0.002704654151318701	0.0	0.0029696217795348854	0.006219184285069017
50109215	0.00020181741293032063	0.0	0.010018216857460868	0.01382893987743557	0.012154680074345931	0.0005490880423568962	0.0001520792859958027	0.017275473381870337	0.013803203325873837	0.01243537512257815	0.011959798763084633	0.0018662426603318642	0.005113410787719646	0.005809778881201912	0.0020577730418401374	0.002141416517969096	0.0	0.0024109870228441474	0.014732880838543022
50109927	0.007892034797939573	0.0	0.0	0.0	0.006214993014981539	0.0005183289212046921	0.0	0.0	0.0	0.0002253767560080317	0.0	0.0	0.0	0.03604552986115855	0.0	0.0026033184148012162	0.02360560069939068	0.07899241196509094	0.0
50300822	0.0	0.0	0.003342937333435728	0.0037991371459830227	0.008028494639449886	0.003497697637733778	0.0018649100897019577	0.00844231240566895	0.016661578482817276	0.0	0.0	0.006768236330343179	0.006813676138541067	0.05969952780403506	0.005550683147916711	0.0044956393769293584	0.01648226358666363	0.00017579622059535297	0.0055889237334173225
50301675	0.007193118470238978	0.009594674381234576	0.0	0.014677360696605036	0.0	0.015358388199970154	0.002220495879330899	0.015834694647580222	0.0	0.010860744364657202	0.014341653448634155	0.006321167589362494	0.0032878337835819576	0.0	0.0	0.006958913400039797	0.005012342637947616	0.01551521100946476	0.0
50305165	0.0	0.000276819504916713	0.015021540828838897	0.01698146842671924	0.019468808209929005	0.003943844134089982	0.005861356801545861	0.022262231696513642	0.008429418019870235	0.0	0.0	0.0023000566508991943	0.005231442489932566	0.007231098126443045	0.004073494278547877	0.0	0.0	0.006004344048997951	0.0009081431920906209
50400259	0.0	0.0	0.015000439351156318	0.0	0.0	0.007744082825798659	0.021555527113716156	0.011304372571312098	0.019860122702148743	0.0	0.006840648563765114	0.0	0.01755843979431125	0.0	0.011681142090473185	0.0	0.0	0.001103226218326406	0.0010336398234264675
50400385	0.023382009755976874	0.004250984488830871	0.0	0.016489464516062327	0.007333328903746229	0.004801166377972586	0.0	0.015814337263018105	0.0	0.00026618755839021805	0.0	0.0199440363033727	0.017180172668215546	0.0	0.0	0.010499763735481666	0.008015862350512375	0.0	0.0
50402693	0.007061887629018838	0.0	0.0	0.0	0.012599067963860282	0.00724513606872755	0.0	0.021673149828744055	0.0	0.0	0.0	0.0	0.009419380819166314	0.05368334882563608	0.0	0.004240738487511208	0.0	0.02939023549535306	0.0
50402729	0.0	0.0	0.0026852366137356965	0.011160710046159688	0.01193458996537562	0.00180741033439764	0.0	0.010474539076070957	0.013248716261717638	0.0037449494090720154	0.0008792519696597767	0.01266917596766412	0.0	0.004470883821781538	0.0016800591241194047	0.027668258752737398	0.004445113845788699	0.011122947515867407	0.003691427940409719
51624179	0.006930229552088446	0.011070994989460178	0.004286501604667575	0.014690906087563047	0.01133310802751319	0.0	0.01097967464839781	0.0044235316416572565	0.014300612417398734	0.0	0.0	0.0019780477953811482	0.018451723771764152	0.0	0.008260507406628361	0.007279910367426197	0.006478591280335946	0.0	0.004488845347969736
54122640	0.007105489596824476	0.012244691845079028	0.0	0.018014353465197013	0.009805779453831228	0.003503203053474857	0.00631865446556831	0.003659513524161972	0.003959360612841915	0.010718137898629205	0.0050433083923996066	0.0012078107851078797	0.004539420804956547	0.013612707791851137	0.0080486773201005	0.0	0.01588620198723829	0.0017640893463310853	0.016778878761096953
55897318	0.0019778212295631153	0.0	0.002994564397744382	0.010538080864090998	0.008336807933780263	0.007324080125212568	0.011841166757262907	0.01734648961330478	0.0037154853901930117	0.006917586315808391	0.010313902071213946	0.004390195579459694	0.0008377131387834965	0.0	0.0024257507487760433	0.00968208950844595	0.0030593094223567993	0.022100600546156566	0.006059134598042072
56432243	0.0	0.0068340406371250936	0.011419227575923955	0.0	0.003381413737595338	0.013790467386820403	0.01971671610798981	0.0	0.004457805956206109	0.0	0.014154458917785826	0.008586641902600013	0.011033525043682685	0.010640532754821906	0.010558224681855594	0.0007130849094902494	0.00038513080765102697	0.0	0.004060368571616345
5779736	0.012501539216469279	0.015372103716353697	0.00315350795154716	0.018131232454196393	0.0171153218250732	0.002652911243384416	0.0	0.015418324911874514	0.00226454544325472	0.005577443386539705	0.007545558026859268	0.003734988159740325	0.00293699650699182	0.009210491413244938	0.003249316978366812	0.0006479636294144602	0.002680894660457292	0.006685030862322489	0.006878663190174969
60747316	0.0	0.010561574197586953	0.0063129830694403965	0.0	0.0	0.011610076771492587	0.0	0.0	0.01090711675639204	0.020434543725107026	0.0	0.005326807674290782	0.042106750933429776	0.0029695733564279315	0.0	0.0009209374515067571	0.0	0.0	0.018224608243249184
66754397	0.01606724550755906	0.020387034542929394	0.0	0.0013811382221635487	0.015063384671558155	0.0	0.011543688680399733	0.0	0.0008851627223315607	0.0009071592346918658	0.013823367237258091	0.018308737892664833	0.003903057297749299	0.00472355761802828	0.004659792947875543	0.012249206465630137	0.0012934153978480115	0.0	0.0
69982533	0.028331584781333	0.023805389391462206	0.0	0.0	0.0017688505233660985	0.006764951600482972	0.004789276355185747	0.008605953262925715	0.009588025314898455	0.0	0.014342991787542671	0.016213275152968182	0.0	0.006413925027997845	0.004629553588489284	0.0	0.0	0.0	0.0009940059482199887
70153803	0.0	0.004013457748514021	0.0022734743509269396	0.015378453362703734	0.005740263392898555	0.019162580134548777	0.0	0.011597388726136817	0.013991445114120624	0.0	0.0	0.004319971676804754	0.0	0.007664469689275066	0.019349013280531454	0.0009438790524821905	0.0194880620790845	0.0013094616491342412	0.006329648669647171
7253015	0.0021152158651540636	0.008172892110901565	0.007156899834128634	0.008945308208245779	0.012625912076108246	0.010227117006218683	0.00504401875879117	0.008953683462246871	0.01601878641478886	0.0	0.0	0.00010378976399617754	0.0023441620214526594	0.011976318339833382	0.014471517890665423	0.0	0.008845322962861127	0.007707090723137346	0.0
7265221	0.004111497004387566	0.023146668213183494	0.0	0.0023710735120065904	0.0	0.023789600674414442	0.0	0.001117486738144911	0.0	0.008650633788659146	0.020078462484314635	0.0	0.036249539589058945	0.0010866813163080313	0.0014138751553085748	0.0	0.0	0.0	0.014553119665695391
7287209	0.0	0.0021770884392255407	0.012496042604292115	0.0071897449417254004	0.005957754465502521	0.012833435807774896	0.01345544578192576	0.005527547017715706	0.006089112903428173	0.0	0.00017484148114034308	0.006817086820573922	0.013824212394056495	0.003911105429306698	0.009008524063364538	0.002463597229798567	0.006618557192965477	0.0077842064002791285	0.0014300470455892763
74753465	0.0	0.012161874695712515	0.01199492063862978	0.001033633857677261	0.0011536245168044144	0.0	0.0	0.0	0.006524968494554868	0.008011784390757408	0.0	0.0	0.0	0.01088869221659705	0.03163649228147873	0.030662089512682966	0.0	0.0	0.0
75990666	0.003763528381332354	0.0	0.002568882237776289	0.017608470779852732	0.0	0.007688564824683104	0.0006463800996093365	0.0	0.012618494150324015	0.0007932652553494904	0.0158725917225033	0.0020303018194299874	0.029214142625835812	0.0034311161706018175	0.0	0.01649906648826772	0.00011876406667234277	0.010718598520927526	0.003957746846106
76647134	0.012604567039254243	0.0	0.0	0.0	0.0	0.0	0.004810442578044592	0.0024310421524425118	0.0	0.0044266671074623225	0.0019068434395229233	0.020251398640149312	0.00126042180132074	0.0	0.05952260461468334	0.002345739610895331	0.0	0.01012687619490996	0.0
76755449	0.0	0.0	0.014735761212597103	0.0	0.0024178177710081497	0.00045709760475713316	0.026629131881164957	0.01625214070318024	0.0	0.0	0.01621089428872788	0.016455324080432345	0.0	0.0	0.0	0.0099452419674543	0.007045868553189581	0.0016511665096129236	0.0
76867532	0.0	0.002913431147454854	0.0	0.03658147293579674	0.0	0.008108147543066803	0.0097277357555327	0.01605402514397204	0.005440594601273778	0.0	0.025577642134574113	0.0	0.002125589290024317	0.007915853173693123	0.0	0.010361285888311565	0.0	0.0	0.0
78353027	0.018411210099269295	0.00029105327328996774	0.0	0.0	0.0	0.009476508358041962	0.011474463345765382	0.010492356401165168	0.0026088486760109018	0.008940677299366916	0.0005543562845828096	0.020264527993401452	0.009939334249457808	0.0	0.02912204278480532	0.0021974974855895847	0.0	0.0	0.0
81852640	0.0	0.0	0.005252801642882071	0.016595952336613897	0.010898686195813252	0.0	0.013850598063647484	0.003934834661789672	0.006763746682801646	0.01716312279670589	0.0	0.012678354291244455	0.0071042469703367144	0.0	0.006778916987210201	0.007534672748403878	0.008468806560212237	0.0032094743735141375	0.0023781249447082323
81874628	0.014637516223318743	0.0	0.002635857571492731	0.009267613558455519	0.0	0.022862341141722347	0.0	0.009245394998913378	0.006937577888978714	0.012019947950117463	0.0	0.01380575381490418	0.010077731916258282	0.0	0.0	0.0	0.02607592436989316	0.0004141705266281143	0.0005655687961936382
82317494	0.0	0.0	0.045619108333317455	0.0	1.987709329956084e-05	0.011471216631639023	0.008121629809862146	0.010792922562856891	0.0	0.0	3.841494122653197e-05	0.0024934778152222226	0.0	0.0	1.650555227760708e-05	0.0	0.0	0.006569923387142837	0.0
84642424	0.022178500738744382	0.014095818166039708	0.0056221512366795914	0.0	0.0	0.0	0.01711424818320584	0.0	0.006374787503557631	0.0	0.01455491904156974	0.014147058883413383	0.0	0.0	0.01387500102202292	0.006006576669696531	0.0	0.0	0.006860478361650891
85171938	0.0	0.0	0.0	0.004035244001509972	0.0	0.007225778010373571	0.003478235782998577	0.0	0.0	0.0	0.0	0.023521855091765766	0.0	0.0	0.006417561179300754	0.0	0.0	0.04721598507123434	0.07301815625043975
87645445	0.02786622553707828	0.0005217936720659665	0.0	0.011103768803506081	0.0	0.014471913431296963	0.002374416233547674	0.0	0.009610988575942706	0.006238717836774364	0.0	0.0021609179483843386	0.0	0.0	0.023184500553559514	0.00817841632542788	0.0022132459022840777	0.015845993258218567	0.0
89164957	0.003446128089132348	0.009318097459533402	0.0	0.014765798669117742	0.008378527317763361	0.0005902339815031599	0.0	0.0	0.016373340707799316	0.0	0.03161753038608522	0.0	0.014393391440385397	0.0	0.02155381424493571	0.005123189737197838	0.0	0.010304918771685925	0.0011821877005484646
90267190	0.0	0.0	0.014349696083963928	0.005394136140946276	0.012220264561394266	0.004639297596560948	0.0030429271045125045	0.0	0.012125347599003893	0.009909440049656614	0.0039866449457795	0.0	0.007724170836057356	0.004306511478549103	0.02149225481015898	0.009942851441261082	0.0	0.0	0.0014692683547709562
91018909	0.0	0.0	0.035461445341257634	0.0	0.0	0.003712986243982193	0.0	0.0	0.0080690598055931	0.01684898725276734	0.0	0.0033075510118976263	0.0	0.0037440511699724636	0.0	0.018925863251347402	0.0	0.0	0.0
98953007	0.02051470474616105	0.028189535905766425	0.0012808004362916145	0.006174965104479614	0.010117326126860011	0.0	0.0004150391039380749	0.00036675916722592086	0.001485101864412773	0.0	0.01993656375581412	0.008240181854493754	0.008699558519167577	0.028798421212409414	0.003015154887657204	0.0	0.008021318948628802	0.0	0.0
