	S1	S2	S3	S4	S5	S6	S7	S8	S9	S10
AJAP1	0.0	0.0	0.0	0.00648273075515999	0.003234642879565371	0.0	0.0021530431315155657	0.0	0.0	0.0
CLSTN1	0.005224215967541113	0.0	0.0027777872840512043	0.0	0.002345726661706233	0.0	0.0006284548092138902	0.0	0.0	0.0
UBIAD1	0.0	0.0011235607842928284	0.0	0.004006323851684339	0.0	0.0	0.004933573585043327	0.0	0.0	0.0023143983716282443
WNT4	0.0019826116793341566	0.006313451955566374	0.003488798320362304	0.0	7.302580403368913e-05	0.0	0.0	0.0	0.008454748939258351	0.0
RSRP1	0.0	0.0	0.0	0.005574423951666612	0.0	0.002303844755409778	0.0062958760628656135	0.0	0.0	0.0
SLC30A2	0.00317127328572792	0.0	0.0	0.0	0.006693774208661784	0.0	0.00023774319955236032	0.0	0.004186355923375259	0.007364361550582545
CEP85	0.003354847464825348	0.0	0.0006302288063881946	0.0	0.0	0.0	0.0	0.0	0.010105714365895956	0.0
ARID1A	0.005689314581426011	0.007854072396610312	0.0013843033452869342	0.0	0.0	0.0	0.0	0.0	0.0	0.0
WASF2	0.003386636904320178	0.00638348885553482	0.005455815396928074	0.0	0.0	0.0	0.0008372117467320823	0.0	0.0	0.0
C1orf216	0.0	0.010516868387449455	0.002086367149512586	0.0	0.0008383023434298216	0.0	0.0	0.0	0.005118928126301679	0.0012578378345987338
HEYL	0.0023324004273528767	0.003632870906639822	0.004748530240341475	0.0	0.0019141361816633715	0.0	0.00019777306284484572	0.0	0.004804789497743212	0.003779818684055332
PPIE	0.0	0.00850562459079022	0.004229259534587007	0.0	0.0	0.0	0.004079567218500618	0.0	0.0032993238043875404	0.0010587585294985098
TRIT1	0.007111474930052922	0.001338380790674279	0.0017965059635775649	0.0	0.0	0.0	0.0036325727671186357	0.0	0.00019071765824688907	2.0414421598569015e-05
MFSD2A	0.0	0.0	0.0	0.00040844501583898866	0.010053988659832227	0.0	0.004270215811310349	0.0	0.0042784015735045835	0.005666988168576406
KDM4A	0.0033978242222329194	0.0063420591727681675	0.001602512260599197	0.0	0.002286821006291058	0.0	0.00022570117640372076	0.0	0.0	0.009422275267109101
DPH2	0.0	0.0	0.0	0.00549158642389674	0.0	0.010252366402925941	0.0	0.0	0.0009008921115235643	0.0
BEST4	0.0	0.0	0.0	0.010164010194817136	0.0005896732749276442	0.0	0.0022494807465371306	0.0	0.0	0.0
UROD	0.0029849975311980284	0.006698638412874722	0.002797349667158649	0.0	0.0007975643655967195	0.0	0.0	0.0	0.004095332562252815	0.0021150788073317373
CYP4B1	0.0	0.0	0.0	0.00755878511948871	0.0	0.0	0.008245198546239148	0.0	0.0	0.0
USP24	0.003100329463727671	0.004245721037720854	0.005168998275680337	0.0	0.00438953504704635	0.0	0.0	0.00018640555317655578	0.0021499378662077537	0.0
PRKAA2	0.001999871779738999	0.0	0.0015176675197252562	0.0	0.0	0.0	0.0	0.0	0.002065443426500046	0.0
RPE65	0.0017664876070773575	0.006383407524534344	0.006364318188212325	0.0	0.0	0.0	0.002590981223114441	0.0010073948367712456	0.0	0.00223765679324709
CRYZ	0.001618351236450492	0.0	0.002439690016855523	0.0	0.0	0.0027463189634083407	0.0	0.0015146057591420938	0.000989563856675543	0.0
RABGGTB	0.0012701965235921032	0.0023178042704805543	0.0026792043272769405	0.0	0.0	0.0	0.0	0.001380511944839892	0.004719188569060757	0.0
ASB17	0.004825678527731356	0.003612937958565924	0.0	0.0	0.0	0.0	0.0	0.0	0.00602433232390509	0.0
CLCA2	0.0025764137714608328	0.0	0.0	0.0	3.4101842234137966e-05	0.0	0.0	0.012177096020224851	0.0	0.0
GBP6	0.0	0.0	0.0	0.0	0.008728558327492848	0.0	0.0	0.004296042955409767	0.005391636345585306	0.000931193390446421
HFM1	0.0	0.001485560947043508	0.0007715614430491998	0.0	0.0	0.0	0.0	0.009173833882467296	0.0007955001752327811	0.0
RAP1A	0.0	0.0	0.0005099615011239438	0.0	0.012262599607878583	0.0	0.003749403196061871	0.0	0.007408251013798334	0.0
WNT2B	0.0	0.0	0.0	0.0022061565833326434	0.002355694866581388	0.0	0.0	0.0	0.010872777065447072	0.004993626262614113
SRGAP2B	0.005587697762508855	0.0	0.0	0.0	0.005883933070409662	0.0	0.0	0.0012620210122392531	0.0047599241818069744	0.0
CD160	0.0029255693746090515	0.00972225172740078	0.0024497412378997867	0.0	0.00020992169815317818	0.0	0.001310273413750537	0.0	0.0	0.0008347882377826784
RBM8A	0.0025070462545941645	6.359399010827205e-05	0.002989154656184092	0.0	0.0	0.0	0.0034306993824010238	0.0	0.0034893834513112752	0.01140775723698716
NBPF19	0.002479703435713065	0.0011519708627954594	0.004657904265415429	0.0	0.0	0.0	0.00029733867226390873	0.01068165028238408	0.0	0.0
CIART	0.0	0.0	0.004748892415673783	0.0	0.0	0.0	0.0018630054259341495	0.0	0.008316820081554745	0.00158545119829643
ADAMTSL4	0.0	0.0	0.0	0.007013565601108253	0.0	0.0031468358689199305	0.0026705882607263513	0.0	0.0	0.004512995291495392
MCL1	0.0	0.006509873693726539	0.0005543552023763124	0.0	0.0022282769398470985	0.0	0.0	0.0035284873195942784	0.007074882038072807	0.0
RFX5	0.0	0.0	0.0	0.0	0.0	0.006995681010302701	0.0	0.0	0.0	0.00370551118835197
OAZ3	0.0	0.0	0.0	0.011580934689189812	0.0037885115552218447	0.0	0.004810716477645172	0.0	0.0	0.0
RPS27	0.005359738684006769	0.0030545882360353328	0.004756744259805478	0.0	0.0	0.0	0.0	0.0	0.0015503818039190795	0.0
LRRC71	0.0	0.0	0.0	0.00480976363848913	0.002928008145989581	0.0	0.0	0.0	0.0	0.005755558438111138
ETV3	0.0	0.0	0.0	0.00621132556524083	0.010885782203402704	0.0	0.0026423131483123714	0.0	0.0	0.0019129197826256211
DCAF8	0.0	0.0	0.0	0.0013127162223318348	0.0	0.011511001730773119	0.0	0.0	0.0	0.0003097658277999058
PEX19	0.0	0.0	0.0014279555536795198	0.0	0.014848806677847815	0.0	0.0	0.0	0.0	0.0030213173399024746
DUSP12	0.0	0.0	0.0	0.009398487308789755	0.0009216313388533263	0.0	0.0012114707265290798	0.0	0.0	0.0
UCK2	0.0	0.0	0.0	0.0011145956116704076	0.005027748964771406	0.0	0.004300496663101115	0.0	0.0	0.0
POU2F1	0.0	0.0	0.0	0.008262020100458949	0.0020323451785293862	0.0	0.0012201130557746428	0.0	0.005848884482128544	0.0
CREG1	0.005016170372330772	0.0	0.004471803600450808	0.0	0.0023802451628340353	0.0	0.0	0.0017760434018592223	0.0053516981429649405	0.0
PTGS2	0.0026298194608825906	0.007426096283601462	0.003732788018368269	0.0	0.000694225946766411	0.0	0.0006719305148739726	0.0018703113710171436	0.0	0.0
CFH	0.0	0.0	0.0	0.009417579395046794	0.0	0.0012241568325314783	0.003846116087437464	0.0	0.0	0.00479584226515865
KDM5B	0.0005235945337069148	0.0	0.0	0.0066049043743937495	0.0	0.0	0.004259361769624876	0.0	0.0	0.0
C4BPA	0.0	0.0	0.000722935809291936	0.003051711694216357	0.005542710975433086	0.0	0.0032830258288772747	0.0	0.0	0.0
PLXNA2	0.0	0.0	0.00038322474241663196	0.0	0.0	0.0	0.0	0.01619373701081855	0.0	0.002414041192068961
NVL	0.0025970360071393426	0.0021174019343501147	0.004396994923890662	0.0	0.0	0.0	0.0012415893218486013	0.0	0.0073792044043709225	0.0037949362654136898
MIXL1	0.0014085743502223512	0.0015039112209305238	0.005797568456716736	0.0	0.0	0.0	0.002364200794121007	0.0	0.0	0.004846373661671103
RNF187	0.0	0.004414494865506546	0.0	0.0	0.0	0.0009485430307829301	0.0	0.004507969946863489	0.0	0.0
KLF11	0.0	0.0	0.0	0.0019307653597566276	0.0	0.006850058433987739	0.0005938357976213671	0.0	0.0	0.002976007654817074
SLC30A3	0.0028896692908750047	0.0	0.005108652399484358	0.0	0.0	0.0	0.00029048571953809663	0.0	0.011001321622045486	0.0
KRTCAP3	0.002193480565020273	0.0	0.0	0.004324425019486134	0.0	0.0	0.0019878727132502504	0.0	0.0	0.0
PKDCC	0.0	0.0	0.0	0.0073567411993357874	0.0	0.008880593422336498	0.0008159198504371334	0.0002490449497040697	0.0	0.0044216698552760015
CLHC1	0.00069599454118445	0.00540782374365749	0.0	0.0	0.001860414224389178	0.0	0.0	0.0047517914908822715	0.0	0.0
AFTPH	0.005466413825979642	0.0	0.0009266577006107117	0.0	0.004919876728772316	0.0	0.0019300394552652733	0.0	0.004058756982328773	0.0020392548175921297
CNRIP1	0.0018399068755875522	0.005980052216997447	0.004347529101931931	0.0	0.0025617765984772885	0.0	0.0	0.0	0.0	0.0043029054449552195
NFU1	0.003753635819439755	0.0018492249753629252	0.00338857896303247	0.0	0.0040143322882119584	0.0	0.0033774869694872807	0.0	0.004044679656215996	0.0
MXD1	0.0	0.003889329722116212	0.0	0.0	0.0	0.007789315014334343	0.0	0.0020846019786671783	0.0	0.0035691490004924062
SMYD5	0.003300029237427947	0.004676942634420688	0.0035205474768617863	0.0	0.0	0.0	0.0	0.004635563307841975	0.0026285494058476046	0.0
SLC4A5	0.0	0.0	0.0	0.0	0.0	0.00822805304498352	0.0	0.010868998934227781	0.0	0.0019082140529338336
TACR1	0.0034425447679870165	0.0	0.0017094073372458157	0.0	0.0	0.0	0.0	0.0016544694265434097	0.005187214839779053	0.0
IMMT	0.0	0.0	0.0	0.004068549407581884	0.0	0.0	0.0	0.0	0.002359952511536686	0.0015932330700398484
ANKRD23	0.0	0.0	0.0022394697625617776	0.0	0.0015814073958417849	0.0	0.0007368057774958151	0.0	0.002904870336729212	0.0009543228067864806
IL18R1	0.0	0.0	0.0	0.009318611906734123	0.0	0.006591823654583948	0.0007749932754452632	0.0	0.0	0.0009428261052467389
POU3F3	0.0	0.0	0.0	0.009758194501320629	0.0	0.004027863602901862	0.0033738057618703425	0.0	0.0	0.0022359570079320437
GCC2	0.0029518734681807175	0.004046329500671427	0.0022569909085959905	0.0	0.004350783056240427	0.0	3.5680732662219716e-05	0.0	0.000741323343425973	0.0
SH3RF3	0.003944301019123259	0.0025625787400903404	3.521093274760542e-05	0.0	0.005157512332936764	0.0	0.0	0.0018026965240188712	0.004873193329712651	0.0
PTPN4	0.0	0.0	3.7459542961280817e-05	0.0	0.0	0.0027149607156541538	0.0021409117001034966	0.0	0.005937546508822594	0.0
SAP130	0.000440216068604174	0.0	0.0015097280303676109	0.0	0.002686373749144353	0.002270679309490529	0.0	0.007787876740309053	0.0	0.0
RAB3GAP1	0.0	0.001154592555545614	0.0	0.0045428038793896616	0.0	0.0	0.0010148942685247776	0.004317743072842982	0.0	0.0
RND3	0.00026546337203514956	0.0	0.0	0.0	0.0	0.013618841936154716	0.0	0.0	0.0008347214771968288	0.0025360322846016965
RBM43	0.0	0.0	0.0	0.0	0.0	0.014701668969350965	0.003995670223681327	0.0	0.0	0.010389813746834925
UPP2	0.0	0.003828827402209753	0.0013318780905216502	0.0	0.009198238707893656	0.0	0.0016199856567321264	0.00227002154139564	0.0	0.0
TANK	0.0	0.0	0.0	0.012777585666790856	0.0	0.0016652815497993705	0.0026555527078480543	0.0	0.0	0.0
SLC4A10	0.005205377530049205	0.0	0.0041099181153575835	0.0	0.0	0.0	0.0016291411866537632	0.0	0.0030627701457418832	0.0
LRP2	0.0	0.0	0.0	0.0	0.0	0.008640960306282957	0.0	0.003123921004488802	0.0	0.003007602306078048
HECW2	0.007001176982901678	0.0037907325350848104	0.0010792113115132029	0.0	0.0004690257653679789	0.0	0.0	0.004126772937730859	0.0	0.0
BZW1	0.0033284271552936795	0.0038585011972965227	0.004157966445691659	0.0	0.0010195767448490849	0.0	0.005770464610843127	0.0	8.584498466412896e-05	0.0004907819806483732
CLK1	0.0035331960130220263	0.004058462492020784	0.002036294754173835	0.0	0.003335726731678917	0.0	0.0005935211479210418	0.0	0.0020986349784113782	0.0
NIF3L1	0.0	0.0	0.0	0.0	0.0	0.004966808074030074	0.0	0.017959866087914226	0.0	0.004189631742471281
FZD7	0.0050343524890341385	0.0007936056406660892	0.0004315386924455853	0.0	0.0	0.0	0.0004662947767308603	0.0	0.0034402152958283843	0.004696092494305698
CARF	0.003746518118526472	0.0015393581878988634	0.004815476982425838	0.0	0.0036349950986198985	0.0	0.0	0.0	0.0034119907652967927	0.0007273146142668886
ZDBF2	0.0	0.0015381698413434567	0.0	0.0	0.0	0.011604339532861082	0.0016573229178223532	0.0	0.0	0.0011914511287274183
UNC80	0.0	0.0	0.0	0.00820218531178213	0.005290681807527027	0.0	0.0	0.0	0.0	0.0
ACADL	0.0	0.004278424001612845	0.0	0.002903239068699121	0.0	0.0028960816385472593	0.003213659417217631	0.0	0.0	0.0026033970843719247
PECR	0.0	0.0	0.0	0.010545783242042289	0.003523864412135024	0.0	0.002068777220646743	0.0	0.0	0.00295608013388392
STK16	0.0028590944072620873	0.002996423028953258	0.004118351306476708	0.0	0.003911125815874174	0.0	0.001683898549728145	0.0	0.002561038317120714	0.0012104715142309877
TUBA4A	0.0	0.0	0.001011503482780177	0.0	0.0	0.009433812156650557	0.0015074668950380015	0.0027267936318428514	0.0	0.0
COL4A3	0.0	0.0	0.0	0.013238168102609808	0.0	0.0010445157275043382	0.0004965702984479111	0.0	0.0	0.0028935703211601846
RNPEPL1	0.0	0.0	0.003262077560339657	0.0	0.0018862958682933665	0.0	0.0	0.0076182677115841195	0.0036805107846084265	0.0
LHFPL4	0.0	0.0005140476629825895	0.0	0.0017061525528988776	0.0	0.0	0.0037890387963612146	0.0	0.0	0.00016543015585568832
ATP2B2	0.0	0.0	0.0	0.0020268229453831274	0.0	0.017223366860606663	0.0	0.0	0.0002541357154279818	0.0
NKTR	0.0029849493027261343	0.0	0.003219053122044498	0.0	0.0	0.002590915657344367	0.0	0.0018879652525152133	0.0064025226439680125	0.0
SHISA5	0.004184334143347489	0.0055743187518022055	0.0031993332919567487	0.0	0.0	0.0	0.002861814696901057	0.0	0.0	0.0
UQCRC1	0.0034857028390855383	0.008493733804162342	0.0005296230670134198	0.0	0.0	0.0	0.0	0.0008514952755718312	0.0	0.0
C3orf84	4.341779036040828e-05	0.0	0.005120444951038765	0.0	0.0	0.0	0.0013386540789321842	0.0	0.0	1.246106384137629e-05
RNF123	0.0	0.0009426536218160707	0.00438028266226927	0.0	0.0006798723548536586	0.0	0.0	0.0	0.0032894490558466735	0.006171716637336981
SLC38A3	0.0	0.0	0.0	0.007415559036835546	0.001980527250360004	0.0	0.004733393682201536	0.0	0.0	0.0
PDE12	0.0	0.0006290934499937105	0.0008530017805905628	0.0	0.0	0.006037030995992497	0.006544835637135394	0.0	8.326806653805168e-05	0.0
ATXN7	0.003858928469579991	0.00030226812590377294	0.007005986042247972	0.0	0.0	0.0	0.0003255538875760049	0.0033992388870894784	0.0	0.0
PSMD6	0.0010047024533435948	0.0077113352424497605	0.0036287754712084177	0.0	0.005289298074017705	0.0	0.0020282224579203497	0.0	0.0031628722731279046	0.0
EBLN2	0.0	0.0010687091594698318	0.0	0.0	0.0015672835028466094	0.0	0.0	0.01765160182986246	0.0	0.0
CIP2A	0.0	0.0015959598023339852	0.0003082232247928538	0.0	0.0	0.012436879813832211	0.0	0.0	0.0	0.0009233075589635957
TMPRSS7	0.0	0.005645709486717431	0.000799900503261695	0.0	0.0	0.0	0.0002473112035426934	0.0	0.005127062549850689	0.010032432412946856
SLC41A3	0.0	0.0011844077161817462	0.005983050927659525	0.0	0.0025407679415798898	0.0	0.0	0.007163671976029435	0.0	0.0
ALDH1L1	0.0	0.00387330312447763	0.0	0.0036399486558603943	0.0041324874646040035	0.0	0.0059552391762833085	0.0	0.0012935413004513392	0.0
CFAP100	0.0	0.0	0.0	0.0	0.0	0.0	0.0	0.014429857514735148	0.0	0.0020559443616846433
PODXL2	0.0	0.0	0.0018404697033006113	0.0005744948581178637	0.001945612693727353	0.0	0.003999538465323432	0.0	0.0016426568603608493	0.0
GATA2	0.0	0.0	0.0	3.538779395252825e-05	0.0	0.005780088508269664	0.0011737477272991202	0.0	0.0	0.0
CDV3	0.0	0.0	0.0	0.0015620096040879152	0.0	0.009415442344654171	0.0	0.0	0.0	0.006434787072127473
ESYT3	0.0	0.0	0.0	0.009766127593449487	0.0	0.000854664178832851	0.0027113793927295428	0.0	0.0	0.0
PIK3CB	0.0002772199661993458	0.0008532415466274071	0.0012699002800680753	0.0	0.0028031165085385095	0.0	0.003287724337876965	0.0	0.0064640217106024245	0.0022126734985616846
SSR3	0.0	0.0	0.0	0.0	0.009387460372496546	0.00019619027721809668	0.0	0.0	0.0	0.011285751756702374
PLD1	0.0	0.004692608365083405	0.004885915624611191	0.0	0.0	0.0	0.0020852169384766427	0.0	0.007761338848508329	0.0
ECT2	0.0006727283301701432	0.0030024378342864057	0.0017546604703642893	0.0	0.0	0.0	0.002204346285144807	0.0	0.0	0.0
MAP3K13	0.0	0.0	0.0	0.0024209529120475075	0.0	0.007633795076893704	0.0068915213122777924	0.0	0.0	0.003764447371459149
DGKG	0.0	0.0	0.0	0.008546036462794917	0.0	0.0012409137840704695	0.0	0.0	0.008571773837707236	0.0
CRYGS	0.0	0.0017216274120544083	0.0	0.00018423033227156493	0.0014844306208928976	0.0023252513234123056	0.0022893655044678575	0.0008331197837539206	0.0	0.0027687145570327717
ST6GAL1	0.0	0.0	0.002055025955687674	0.0	0.0014420493752765153	0.0	0.0029254415256475203	0.0	0.000347648134203404	0.0
UTS2B	0.0	0.0	0.0	0.0	0.005965545557157674	0.003592033928544657	0.0	0.005210113357262299	0.0	0.0
ZDHHC19	0.0020583258889702097	0.006684390219779377	0.0019379470451365518	0.0	0.004278107492558368	0.0	0.000976907010044931	0.0	0.0010674472153316208	0.004094091237292733
IQCG	0.0	0.0	0.0	0.0029854673554496522	0.0020593404813584264	0.005063546379208611	0.0	0.0	0.0	0.0
LRPAP1	0.0	0.0	0.0	0.009835735466179111	0.004978100990686469	0.0	0.005734297713411129	0.0	0.0	0.0
CD38	0.0013112360282937286	0.010193556009762392	0.003449941868118072	0.0	0.0005721205823866866	0.0	0.0009937581010242796	0.0	0.0	0.0
QDPR	0.00861603143262763	0.0	0.0	0.0	2.3000422198243732e-05	0.0	0.004214703644078416	0.0	0.0	0.0038071084366575396
LCORL	0.004095945300493178	0.0	4.5225202596434686e-05	0.0	0.008463625795928369	0.0	0.000540681804736629	0.0	0.0	0.008186409146648924
C4orf19	0.0	0.0	0.0	0.010859793002828027	0.0	0.0	0.0017310972027209709	0.0	0.0	0.0003278968821832268
DCAF4L1	0.004333368248356978	0.0	0.0010841758777835968	0.0	0.0007261159434455672	0.0	0.0	0.0	0.0	0.002199981357135862
SPATA18	0.0	0.002842152435828839	0.001492961743445714	0.0	0.0	8.582925509479014e-06	0.0	0.007442273783551141	0.009027757699369152	0.0
RASL11B	0.0	0.0	0.0	0.006641268351029239	0.0032140233975483357	0.0	0.007041326074380828	0.0	0.0	0.0
IGFBP7	0.004755194873927189	0.005577311805320776	0.003540717358107264	0.0	0.0003849928570296302	0.0	0.0	0.0	0.0007675748982313602	0.0010291460846192585
JCHAIN	0.0022666020958945184	0.0	0.00304475328796664	0.0	0.0007625047903945497	0.0	0.005400682810608086	0.0	0.005008125257525684	0.001859237175580545
CXCL1	0.0	0.001392962101473586	0.003194704355862703	0.0	0.002583748131479381	0.0	0.0	0.010738250243108491	0.0	0.004635596831756236
CXCL2	0.006469818351878735	0.006249619090966395	0.0	0.0	0.0016413773812234465	0.0	0.0	0.0018771765872615006	0.0	0.0
PPEF2	0.0	0.0	0.0	0.006988278066338851	0.0	0.002616882409704797	0.005405521178100536	0.0011065589533812501	0.0	0.004153986095982594
CCNI	0.008731435146662723	0.0	0.0	0.0	0.0010535843388807715	0.0	0.0	0.0	0.0006995942402851192	0.0
HSD17B11	0.0	0.0	0.0	0.0	0.008554891594790967	0.0	0.0027020781815076432	0.00023276618573825117	0.00274200421703879	0.0
ABCG2	0.0	0.0	0.0	0.0074077918101581345	0.0	0.0	0.0004053766116682292	0.0	0.000721468752291319	0.0
FAM13A	0.004059565690405446	0.008189159167926174	0.0017724254309087243	0.0	0.004286877577434331	0.0	0.0	0.0	0.00033531264866817613	0.0004896743078178323
SMARCAD1	0.007289722104428431	0.0	0.0014882146424013798	0.0	0.0	0.0	0.0015601619363579326	0.0	0.0008402647124818748	0.003709093120086239
PCDH18	0.0	0.010009526141610225	0.0018399569862788457	0.0	0.0	0.0	0.0	0.0054568139417223525	0.0	0.0006886582273045105
EDNRA	0.0	0.0	0.0	0.0031405481040928736	0.0018875884039382424	0.0	0.004080460379447236	0.0	0.0	0.0
SH3D19	0.007181574652147771	0.0013568074937574937	0.0034857889351293746	0.0	0.0	0.0	0.0010364126560229166	0.0016857334183595979	0.0	0.0
SFRP2	0.0009637355600674228	0.0030952725647779514	0.0036575681455332234	0.0	0.0	0.0	0.003871411403911352	0.0	0.0	0.0018238473217460354
TDO2	0.003728798576780135	0.006899744891369121	0.0	0.0	0.004058469902438111	0.0	0.0	0.0	0.005176357435573896	0.0
GALNTL6	0.0	0.0	0.0	0.0027458690951737232	0.0	0.010448955344281174	0.0005603841116788512	0.0017246144493979767	0.0	0.0
ADAM29	0.0	0.0027056110463955876	0.0005288829434334239	0.0	0.0	0.005104655577058928	0.0056493063798791435	0.0	0.0018428148635687882	0.0
CLDN22	0.004154443200576035	0.0	0.002952623147960807	0.0	0.00684687707887116	0.0	0.005644303808046482	0.0	0.0	0.0
NKD2	0.0004887462191851756	0.0	0.005275293920650953	0.0	0.0	0.0	0.0	0.008790249012922986	0.007668910271151858	0.0005717027843725542
FYB1	0.004270103987331877	0.0014604536727465943	0.002170565768756208	0.0	0.0	0.0	0.0011994683081788095	0.0	0.005063265294719545	0.011020460069989128
HMGCS1	0.0038214466579667627	0.0039871987738238105	0.004987263994407858	0.0	0.00029863139519810476	0.0	0.0	0.005411940999570149	0.0	0.0
CCL28	0.002054959829885768	0.005693612136489941	0.0058190985425227194	0.0	0.0	0.0	0.0	0.004093150276251523	0.0	0.0
MIER3	0.00626366611508116	0.006200301461540369	0.00040948433871697363	0.0	0.0	0.0	0.0	0.0016869617032977387	0.0	0.0
GAPT	0.00793733858992506	0.0	0.0	0.0	0.0026136953249866176	0.0	0.002514261778698791	0.0	0.001157795682598335	0.0018925076929360198
CCDC125	0.0	0.0	0.0	0.003041217504679577	0.001510250554765791	0.0	0.004248636276598576	0.0	0.0	0.002218059153466009
F2R	0.0004986831568906866	0.0	0.0014910524408070708	0.00018624056655459057	0.0003318307416917617	0.0	0.004695055196464846	0.0	0.0	0.0
SSBP2	0.0	0.0	0.0	0.008062579817996102	0.0	0.007471948408033142	0.0	0.0	0.0	0.0011497640330640746
GRAMD2B	0.003070342549205178	0.0	0.0006199392308802305	0.0	0.0	0.0	0.0010383340804361206	0.0	0.012041832494529881	0.00343568259746423
C5orf63	0.0	0.0	0.0	0.009095239429941527	0.0	0.004945425381395696	0.003291802527876821	0.0	0.0	0.0
SLC27A6	0.007139237114088877	0.006223430538885275	0.000515247273754433	0.0	0.0	0.0	0.0	0.0	0.0	0.0010437397220353054
HINT1	0.0	0.0	0.0	0.009606406932444148	0.0	0.0004923061101540501	0.0067684409912872005	0.0	0.0	0.004251470110192737
PCDHGC3	0.0	0.0034817964559152076	0.0008513032040231291	0.0029735520050257268	0.0062940860171704395	0.0	0.0	0.00039849566036184156	0.000570060280018425	0.0
PRELID2	0.001182706008692869	0.0	0.002874824420679014	0.0	0.002885240586270156	0.0	0.005179012311057967	0.0	0.009840832771822865	0.0
SH3TC2	0.0007750833650883979	0.002988050505015892	0.006523729067904724	0.0	0.007092188155188757	0.0	0.0007290476323530708	0.0	0.004727179642307585	0.0
PDE6A	0.007419670595028099	0.0001363846802176468	0.0012044307128115505	0.0	0.0	0.0	0.0009885013342246275	0.0	0.005314330965228379	0.0
GABRP	0.0	0.0	0.0	0.007944953799717018	0.0	0.0	0.005637560682649071	0.0	0.0	0.0
FBXW11	0.0	0.0	0.0	0.00010425713869923926	8.984738046132311e-05	0.0	0.0	0.0016068403200269735	0.0	0.0
THOC3	0.008960220857984352	0.00039554253803026284	0.0019464335671329253	0.0	0.0	0.0	0.00014085117697690093	0.0	0.0	0.0
PRELID1	0.00131904847319553	0.0	0.0036112949059734743	0.0	0.010132594527850399	0.0	0.0	0.004014048851013178	0.0	0.0
N4BP3	0.0	0.0	0.0	0.0010887987322660132	0.0025466459725897537	0.0	0.0	0.0057187175701285085	0.0	0.01013383000887248
COL23A1	0.0	0.0	0.0	0.0	0.0	0.009744125159289203	0.0	0.0	0.0	0.0049085230913714405
CNOT6	0.0003314773730659058	0.007258242366323019	0.00022901165382942525	0.0	0.0	0.0	0.0	0.014700769004198894	0.001293460343903134	0.0
CDYL	0.005343855547976517	0.00044271186235263953	0.0006968850908775358	0.0	0.0016035822215228316	0.0	0.0031853276150373344	0.0	0.0	0.006131582994461426
ZSCAN31	0.0019586167146054896	0.007717147150235287	0.0014904819984007224	0.0	0.004049313634768861	0.0	0.0	0.0	0.0038580486108214175	0.0
ZNF311	0.0022396139556036545	0.00438716004081212	0.004304220481565115	0.0	0.0	0.0	0.0	0.0034105414808519073	0.004754264127332264	0.0
VWA7	0.0	0.007545547224855912	0.005235674431091361	0.0	0.0022852110200970617	0.0	0.0	0.005861588147220873	0.0009374859763056106	0.0
DXO	0.0	0.0	0.0050586212546241205	0.0	0.0	0.00139942232031707	0.0	0.003170570689398679	0.0074866164912331225	0.007411732751839125
SLC39A7	0.005129083553099418	0.004757184006476819	0.0012993462243462194	0.0	0.001691492421228544	0.0	0.0	0.0	0.0014029186905135623	0.0
ZBTB22	0.002921058989182663	0.0009902493683509107	0.000752286856697732	0.0	0.0	0.0	0.0	0.0019047319860284837	0.0020798661864450396	0.0
TTBK1	0.0	0.0	0.0	0.004885160301066163	0.002715732548084345	0.0	0.007213747920393512	0.0	0.0	0.0
PLA2G7	0.003454145253423911	0.00038146137682723477	0.004707407288570579	0.0	0.00047448197538618806	0.0	9.454341685309992e-05	0.002384706964933305	6.944390781442933e-05	0.0
HTR1B	0.0020682957999873003	0.00018082411226513336	0.006446795263779783	0.0	0.0	0.0007946647562363522	0.0	0.005170704553945173	0.0001297620776600871	0.00019556011819858284
CEP162	0.0002498095967294837	0.0	0.0	0.006744832708443014	0.006092977517971913	0.0	0.0042636076921828	0.0	0.0	0.0
UBE2J1	0.0015078386755909504	0.003990456815484867	0.0	0.0	0.011183957200539166	0.0	0.0	0.00036424938772696287	0.0002597560586862782	0.0
MICAL1	0.0	0.0	0.0037953523545571494	0.0	0.0	0.0	0.0	0.005933080099876173	0.011053207398343354	0.005501986932314964
KPNA5	0.00047044188588549337	0.0	0.0	0.00353794538816194	0.0	0.0	0.003532340740598249	0.0	7.293690628171286e-05	0.011518201857998645
MAN1A1	0.0	0.004028989914523437	0.0	0.0013431265010026795	0.0	0.0008114143722173201	0.002635110370483548	0.0016733903113159685	0.0028734610393902245	0.0
PERP	0.00023709073520333758	0.0003197254222289995	0.0	0.0	0.0004828031603705766	0.0	0.0	0.013322583595329188	0.0	0.005301446865005663
ULBP3	0.0006195869334892906	0.0	0.004346390690042831	0.0	0.0026184607031462834	0.0	0.003502988453587189	0.0	0.0	0.0074151176999828474
SCAF8	0.00766316635402428	0.0	0.0035196316818843837	0.0	0.0	0.0	1.1874987018188623e-05	0.0	0.0	0.00028902058157949216
WTAP	0.0	0.0	0.0	0.008967834975558702	0.0	0.0022211534089871285	0.0019639959744841523	0.0	0.0	0.0003696453219413608
RAMACL	0.005022689056380261	0.006416398504009206	0.0026127785464763447	0.0	0.0	0.0	0.0011081028007227961	0.0	0.00019326266146204408	0.0
INTS1	0.0010719413421769954	0.0038163641391689928	0.0045666627813265885	0.0	0.0	0.0	0.0	0.0063008412489701454	0.0030192911872571806	0.0
VWDE	0.0	0.0	0.0	0.005320438511096823	0.0015575894726319707	0.0	0.0	0.0020114457358669535	0.0	0.0
C7orf31	0.008519011720208226	0.0009168606006613762	0.0016082956680811037	0.0	0.0	0.0	0.0	0.0012343459821618412	0.0	0.00508355425422137
STARD3NL	0.0	0.00427383647910708	0.003930272772197814	0.0	0.0	0.0	0.0	0.0011031633048775808	0.010416202703592182	0.00030090070082680744
COBL	0.0	0.0	0.0	0.007220104070803536	0.0	0.004812503618743982	0.003107510922006309	0.0015007651406767593	0.0	0.0
EGFR	0.0	0.004370579686191858	0.0	0.0036624948886525184	0.002084197635408578	0.0	0.0012498687557794532	0.0	0.0	0.008055072527365963
CASTOR2	0.0	0.0	0.0	0.008836144228732756	0.0	0.00045578784440162976	0.0018693356923558005	0.0	0.001603976828712785	0.004051810125241744
PHTF2	0.0	0.0	0.0	0.008665672839948579	0.0	0.0054270773690714485	0.0	0.0	0.0	0.007433753010758174
MAGI2	0.0	0.0	0.0	0.0045488464080240005	0.0	0.011060144568074075	0.0	0.0	0.0	0.005871637168940431
ABCB1	0.0	0.003421474854763782	0.0009150931928151929	0.0	0.0	0.005684999222156891	0.003455180064500731	0.0	0.0	0.0
ADAM22	0.0	0.0	0.0	0.0	0.0	0.006453016689563619	0.0	0.0	0.002109001079323522	0.0
ZNF394	0.0	0.0	0.0	0.0033962842320358	0.0	0.0037172420306251525	0.0	0.0	0.0	0.00907969662807432
ZNF655	0.0032914170892295465	0.0	0.005624573202603975	0.0	0.0	0.0	0.0036051428911306397	0.0	0.0	0.003906842459038863
TRIM4	0.0	0.0	0.0002515335655304952	0.0	0.009166493976375856	0.0018816483157643533	0.0	0.01018288388518974	0.0	0.0
CNPY4	0.0	0.0	0.0	0.006532618804536369	0.0	0.008288100373545909	0.0	0.0	0.0	0.0
PILRB	0.0	0.002387463096023075	0.00125389240262193	0.0	0.0039852770551391525	0.0	0.0007019280254535481	0.0013381721223065773	0.00041448335427646336	0.0
MOSPD3	0.0	0.003211510225690463	0.0	0.0	0.0	0.01592006679552194	0.0	0.0	0.0	0.00417942177467848
SLC12A9	0.0006180369561969384	0.0003004181392017232	0.0	0.0	0.0	0.0	0.0	0.015891763026627835	0.0009626820086027429	0.0014851392331364668
GPR22	0.0	0.0	0.0	0.007249629969720802	0.000663808237919316	0.0	0.0040185493604314206	0.0	0.003906312901391914	0.004973949837446711
BCAP29	0.0	0.0	0.0	0.004004878894167461	0.0018330245371962705	0.0003879731374934708	0.0029075666776740656	0.0	0.0	0.0
IRF5	0.0	0.0	0.0	0.0051135062667426595	0.004698622234222215	0.0	0.0033978894712356324	0.0	0.0	0.0
TRPV6	0.006760640129969036	0.004262949652539966	0.0	0.0	0.0018970758128158962	0.0	0.0	0.0	0.0	0.00012841048351634125
TRPV5	0.008560839533563085	0.0016925080493253775	0.001073584061233445	0.0	0.0	0.0	0.0	0.0	0.0	0.0
ZNF783	0.0	0.0	0.0	0.008314947990038409	0.0	0.0007834107478482585	0.0	0.0	0.0	0.0
NOM1	0.0	0.0	0.0	0.0	0.0	0.004334544759861251	0.0	0.015608429440240304	0.0007682224338514225	0.0007244350816564256
MYOM2	0.0	0.0	0.0	0.0025826029940710393	0.005564830507528091	0.0	0.0	0.0	0.009970153793367003	0.0
PEBP4	0.0	0.0038922490941975148	0.00397116292821065	0.0	9.67876389324098e-05	0.0	0.0	0.007474013775923249	0.0	0.0
KIF13B	0.0018209012658796256	0.0006902681530594135	0.005114508356375576	0.0	0.006217468323110996	0.0	0.0	0.006907081616041068	0.0022255452237209634	0.0
GGH	0.005155609943611426	0.0	0.005208502292778078	0.0	0.0	0.0	0.0	0.0027749422102843063	0.0	0.0
VXN	0.003223125236111879	0.0	0.002068968196487579	0.0	0.009746039944193437	0.0	0.0	0.0	0.0	0.003943255583013652
UBE2W	0.00047097773031188554	0.0	0.0	0.008481073087108442	0.006639696687501287	0.0	0.0018749644408368956	0.0	0.0	0.0
ZC2HC1A	0.0	0.0	0.004066893562221061	0.0	0.006843803260341577	0.0	0.0	0.007884913033056822	0.004042640046628938	0.0012105226365988705
RALYL	0.0017393562045660575	0.0	0.005553776647155652	0.0	0.0	0.0020138450912199533	0.005054350526632934	0.0	0.0	0.0
RIDA	0.007361100243865019	0.0	0.0013459631703653452	0.0	0.0	0.0	0.0	0.0	0.0	0.0
ATP6V1C1	0.004266295821888168	0.0	0.0026590163580289847	0.0	0.0038345268645782714	0.0	0.00600924886279242	0.0	0.0	0.0
EIF3E	0.002735279365383067	0.0054340595133402165	0.004524491263191326	0.0	0.0013033243191090213	0.0	0.0	0.0027952457602693397	0.0	0.0
MYC	0.0	0.0	0.0013192930529780367	0.0	0.003617082597248672	0.0	0.0	0.012610056747662456	0.0	0.0
CHRAC1	0.0	0.008820830712931924	0.00444212386625727	0.0	0.0	0.0	0.0	0.004576385038270441	0.00012622455295134086	0.0
THEM6	0.0016474325284218775	0.0	0.0011864303898593974	0.0	0.004597468536428066	0.0	0.0025223869433688892	0.0	0.0018524084583645684	0.0
LY6D	0.001306324453741956	0.004649407803807417	0.0018020718377586662	0.0	0.0	0.0	0.0	0.006483726900128388	0.007469476778309302	0.001627473038028476
FOXD4	0.0	0.004844193734910293	0.0	0.0032515311472883688	0.0	0.0	0.002015534421899438	0.0	0.0	0.0
KIAA2026	0.002836427197991303	0.000336065623478352	0.0032706250879265962	0.0	0.0011333531682749575	0.0	0.0011705887967937401	0.0	0.0	0.00918914610663822
TTC39B	0.0	0.0	0.0	0.0031862660622588874	0.0	0.00345297379107533	0.008104714048128648	0.0	0.0	0.0
CHMP5	0.004857707502969177	0.0	0.0034159667861065864	0.0	0.005537328971987292	0.0	0.0	0.0	0.0	0.0
RPP25L	0.0	0.0035494594666095783	0.006149125955433843	0.0	0.0	0.0	0.0010321335402155801	0.0	0.006825270449395851	0.004359743873592319
PIGO	0.0	0.0	0.0	0.007187930471243546	0.0	0.0007776053733723373	0.006814353657764237	0.0	0.0	0.0
NPR2	0.0	0.0	0.0	0.004090216642700589	0.0	0.0125318222416043	0.0028880492872977058	0.0	0.0015678645771336774	0.0
FBXO10	0.0010458635607002663	0.0	0.00011007029999865458	0.0041970911829750865	0.0	0.0	0.00610601755450444	0.0	0.0017657554714861166	0.0
MAMDC2	0.0	0.0	0.0	0.01162012527956108	0.002759726612998647	0.0	0.0042725740293316486	0.0	0.0	0.0
TRPM6	0.0	0.0	0.0	0.0	0.0	0.015642131179440237	0.0	0.00029522804700534875	0.0	0.0
PCSK5	0.0012327788427149036	0.0	0.001600500661268762	0.0	0.0	0.0	0.0042130467530577575	0.0	0.01053221554841148	0.009401901359161769
DAPK1	0.002010159192678346	0.00038397115348947264	0.0043810610054481345	0.0	0.0	0.0	0.0003829064443268287	0.006180535567243526	0.0020206803957190816	0.0
WNK2	0.0	0.0	0.0016311819576342503	0.0	0.0	0.0	0.0	0.01424299725083711	0.0040844728430480025	0.0
HSD17B3	0.002009341440428628	0.005461280261226344	0.004216320431360783	0.0	0.002515388287227675	0.0	0.0	0.0	0.007505557121935093	0.0
SLC35D2	0.004887290965068174	0.0016286757279262297	0.001824858286183181	0.0	0.0	0.0	0.004174186302107081	0.0	0.003998861965289593	0.006406654239658873
TXN	0.007135573541757127	0.006312877483817356	0.0	0.0	0.0	0.0	0.0	0.0013123913903278378	0.0	0.0
UGCG	0.0	5.463463657451817e-06	0.005094582465141149	0.0	0.0030685015205325497	0.0	0.0	0.006922215961718867	0.0	0.0
SLC31A2	0.0006674456761956828	0.0	0.0	0.0	0.0020620438369140875	0.0	0.0	0.0	0.006119456311349201	0.01131717603586957
TEX53	0.007603196151698086	0.0	0.0014159531509481782	0.0	0.0	0.0	0.0	0.0002075209912492994	0.0017593101684323072	0.0
PAPPA	0.005199173273377759	0.005298843575372196	0.002470464448661782	0.0	0.0	0.0	0.0	0.0	0.0	0.0014171208406337356
SLC25A25	0.002650560435349475	0.0	0.0008027512985397024	0.0	0.004046983138882551	0.0	0.0006514555864940272	0.0033185797129893463	0.0	0.0
PLPP7	0.003813267951247644	0.0023428545295081375	0.004048399288934994	0.0	0.006821685830941808	0.0	0.002728337983042397	0.0	0.0023668714817997867	0.0
UCK1	0.006142295664960953	0.0061950093394323716	0.001232023240918111	0.0	0.0	0.0	0.0	0.0	0.0	0.0
NTNG2	0.0	0.0	0.0	0.0028088358375156636	0.0	0.001242181768843485	0.004445597476083655	0.0	0.0	0.006314657590391289
GRIN1	0.0	0.0	7.323637962126098e-05	0.0	0.0	0.003948506113535021	0.0	0.011020440141444541	0.0026553974934756036	0.010199193749181623
LRRC26	0.005832706728015247	0.006292791243890852	0.0017785216841786332	0.0	0.0	0.0	0.0	0.0	0.0	0.0
ARRDC1	0.0	0.0	0.0	1.5266057739145156e-05	0.008336449360528375	0.0	0.0	0.008854642409704785	0.002376555421203128	0.0
CCDC3	0.0	0.0007553896101315014	0.0037346330803693195	0.0	0.010984477161671558	0.0	0.001861032353860389	0.0	0.0	0.0
DCLRE1C	0.004096901094234681	0.005193113180487275	0.001892923094586327	0.0	0.001716781573993607	0.0	0.0	0.0036367137147045882	0.0	0.005267070064816025
SKIDA1	0.0	0.0	0.0	0.002088262901652308	0.0	0.005576562719336557	0.0040060919228057995	0.0	0.006276092491805419	0.0
ENKUR	0.0039056423790844092	0.0008362254534117008	0.006095353646829699	0.0	0.0	0.0	0.00024061841821321442	0.0	0.0	0.0
ITGB1	0.0	0.0	0.0	0.006293969636350767	0.0	0.010190209444083533	0.0	0.0	0.004330923238699225	0.0005139046546484886
CUL2	0.0017008869975534916	0.007344003988522645	0.0058336797204306115	0.0	0.0	0.0	0.0032373807115775293	0.0	0.0	0.0
FAM13C	0.0	0.0	0.0	0.0	0.0	0.008123862168798218	0.0	0.0015804062636457065	0.0	0.00432346793622023
ANAPC16	0.0	0.0	0.0	0.007852113484536788	0.0009513242385837334	0.004686873517173364	0.00318149781449964	0.0	0.0	0.0
PLAU	0.0	0.008874104610903995	0.004072671026631923	0.0	0.001249824046657523	0.0	0.00040520679431273795	0.0	0.0	0.0
NUTM2D	0.0	0.0005464237779302448	0.0	0.006665158672859023	0.0	0.006728229162918891	0.0	0.0	0.0016122880885974004	0.0
HTR7	0.0035554647150859786	0.0	0.005893237755775212	0.0	0.0	0.0	0.001697934114908273	0.001174370566457903	0.0060523749254004595	0.0
PPP1R3C	0.003021539327408411	0.004396292059682199	0.005095502585395666	0.0	0.005212167998499604	0.0	0.0007284118949804961	0.0	0.0	0.0
CEP55	0.0	0.0	0.0	0.002047893380368768	0.0	0.013726723650467188	0.0024345407718189844	0.0	0.0	0.00519962713261768
CYP2C18	0.0026211549609515663	0.009126596741290455	0.00447289674431311	0.0	0.0	0.0	0.0	0.0017256829501422725	0.0	0.0
ARHGAP19	0.006369193964042525	0.0036042838506173897	0.002447120079275991	0.0	0.0	0.0	0.0	0.0036131520321929333	0.0	0.0
MORN4	0.0	0.0	0.0	0.00034155951279269	0.0017731483416123096	0.0	0.0	0.0	0.0	0.0
DPCD	0.0	0.0	0.0012695395975548026	0.0	0.0	0.004784445152596648	0.003862165803361496	0.0	0.0	0.0
PCGF6	0.0023534456915040316	0.0	0.0043851045775266	0.0	0.007045186000495425	0.0	0.0	0.0	0.006742314553880144	0.0
SH3PXD2A	0.0	0.0	0.0	0.008241782229366994	0.002494869533310212	0.00016138612547299104	0.005158979255771957	0.0	0.0	0.0
SORCS3	0.0	0.0	0.006403699594639683	0.0	0.0014090116808649356	0.0	0.0005354281525263341	0.0010869488047785356	0.005085900268867398	0.0
SORCS1	0.0	0.0	0.0038237264544497807	0.0	0.0062443872673804985	0.0	0.002387326762728285	0.0	0.0	0.0
TDRD1	0.0	0.0	0.0	0.006510187531548142	0.0	0.00844615184362763	0.001307360970901985	0.0	0.0	0.0
VAX1	0.0	0.0	0.0	0.0	0.0	0.011586222089099742	6.074018899142165e-05	0.0	0.0	0.0011469156163462799
EDRF1	0.0	0.006746028820946084	0.004496766744825325	0.0	0.0	0.0	0.0	0.007083677905651049	0.004212248207885743	0.0
ADAM12	0.0017519093348823704	0.007194130929333922	0.0010410828423315737	0.0	0.005898576161315949	0.0	0.0	0.003477763792005081	0.0	0.0
TUBGCP2	0.0	0.0	0.0	0.0	0.0	0.010731158254951391	0.0	0.009478797172433858	0.0	0.005309732326125129
TSPAN32	0.0	0.0	0.0	0.007856734111142344	0.0	0.0	0.00612161199784228	0.0	0.0	0.0
SMPD1	0.00019900833585609343	0.00548656530882987	0.005837363527321871	0.0	0.0	0.0	0.0008644500254718423	0.0042045846825261995	0.003923300842773962	0.0
GALNT18	0.003293056875608016	0.0	0.0	0.0	0.0050968841246413895	0.0	3.749995970422072e-05	0.0	0.013402408477434895	0.0009794859319509038
KCNJ11	0.008684573789582085	0.0	0.0	0.0	0.0027432484616139725	0.0	0.0	0.0	0.0007482676697639431	0.0
GTF2H1	0.0	0.0	0.0029661065182088274	0.0	0.0010612250584284128	0.0004713412679476725	0.0	0.00043698161551767564	0.0	0.0
LDHA	0.0018092099135766475	0.0	0.0	0.0	0.008456809104295089	0.0	0.005063241796029704	0.0	0.0	0.0
LDHAL6A	0.002829903917418682	0.0	0.0035787341543741186	0.0	0.008146864551747103	0.0	0.0015474020204933618	0.0	0.0012013421655972661	0.0
LUZP2	0.004030551469053908	0.0	0.0027631844840688407	0.0	0.0	0.0	0.0030224846383851236	0.0	0.007914518081071555	0.000441993440651895
TRIM44	0.0	0.0	0.0	0.002553110893695479	0.0	0.002598616885592353	0.0	0.0	0.0	0.002969222219318222
PRDM11	0.0	0.0	0.0	0.0	0.0	0.012714209588428555	0.005368673863570871	0.0	0.004351396878184065	0.0
ARHGAP1	0.0	0.0	0.0	0.009077176460200776	0.0	0.0	0.006545542472502971	0.0	0.0	0.007316042550577011
PSMC3	0.008413914317874875	0.0001338037512099678	0.00012741174424856535	0.0	0.0	0.0	0.0	0.0	0.0	0.0
FAM180B	0.003923661122426986	0.005400730633742973	0.0045810181189558695	0.0	0.0003431276898115859	0.0	0.0	0.0	0.0037155833186705484	0.0
MS4A13	0.0	0.011219798100350075	0.0035750227633003563	0.0	0.0	0.0	0.0	0.0	0.0012143338317120796	0.005721741354028179
SDHAF2	0.0018234797017995048	0.0016550094959263254	0.00010122758581895679	0.0	0.0	0.0	0.0	0.01399272455631965	0.003471276202894582	0.0034061589449823283
NAA40	0.0	0.0	0.0	0.0	0.010998625239796727	0.0	0.0	0.0012289523801548763	0.00511878713198355	0.0047739226921684
PPP1R14B	0.004762333176985229	0.0016803731164621756	0.00228335387207038	0.0	0.0	0.0	0.0	0.0028518139143444594	2.5516510516932447e-05	0.0
ESRRA	0.0	0.0	0.00029383904179490776	0.0	0.0	0.011317189604515176	0.0	0.011298074689158229	0.0005791237602415071	0.0018186789976591333
CCDC88B	0.005214082532903981	0.002890635715094228	0.004334637427593839	0.0	0.0	0.0	0.0003064925555071439	0.0029327419001619064	0.0	0.0
VPS51	0.0	0.0	0.0	0.0024923220145974005	0.0	0.0	0.004052488835748915	0.0	0.005885842994047343	0.0
TIGD3	0.0	0.0	0.0	0.004298326910618832	0.0	0.0	0.008690566524669928	0.0	0.0	0.0012827916692783469
SIPA1	0.004780543506812102	0.0	0.0005896883158121335	0.0	0.0	0.0	0.008692926162788625	0.0	0.0034376596439533356	0.0018265170373057405
PACS1	0.0038327026064368815	0.006065969892992745	0.0028611074984126695	0.0	0.0034939532296234884	0.0	0.0	0.0009685255926261606	0.0	0.00013297738068282234
RIN1	0.0	0.004942648105500812	0.001005796606180196	0.0	0.0	0.0023352800633278797	0.0	0.008872959234947273	0.0027665065262476684	0.0
TMEM134	0.0	0.0	0.0	0.0	0.0	0.011435535215412037	0.0	0.001731949458494538	0.0	0.008381251255654957
C11orf24	0.0021298414978964853	0.009804964790808704	0.003945775693220013	0.0	0.0	0.0	0.0	0.0011737689452743507	0.0	0.0
PAK1	0.000919859488123866	0.0	0.0	0.008320163125846242	0.0	0.0017963333246150972	0.0	0.0	0.0	0.0
CLNS1A	0.003727605270302159	0.004716071720751982	0.002970969316715307	0.0	0.0	0.0	0.0	0.0	0.0	0.010784487587992818
FDXACB1	0.0003434062518315775	0.0	0.0	0.0	0.00695919445313565	0.0	0.004654580804860055	0.0	0.006761321294707866	0.003972993789747204
TMPRSS5	0.0	0.0	0.0033474908380386205	0.0	0.0	0.007766992598012017	0.0	0.011991149150859038	0.0	0.0
FXYD6	0.0	0.0	0.0	0.0010635287595695546	0.0	0.010922834472550654	0.005381791674404463	0.0	0.0	0.0
TMPRSS13	0.0	0.0	0.0	0.009206740689979353	0.0	0.0	0.0032666721904760303	0.0	0.0	0.0
NLRX1	0.0032607210516802402	0.00029905796439356927	0.003843491952273262	0.0	0.0014180875341694538	0.0	0.0025606889879644435	0.0	0.0	0.009557125092964263
ARHGAP32	0.0	0.0	0.0010491187114457263	0.0088577366333213	0.0	0.0	0.004398840284984268	0.0	0.0	0.0002550994366404956
RAD51AP1	0.0017703316828607608	0.00022585061854312954	0.0056555917479942	0.0	0.0018846678323045068	0.0	0.0028800110467433705	0.0017978262280087824	0.0019485934366119289	0.0033402977991010157
NTF3	0.0	0.0	0.0	0.004893552028496758	0.0	0.0075991665403729635	0.003958129822908328	0.0	0.0	0.007596093254839697
KLRC3	0.0	0.0	0.0	0.0	0.0064331222421201845	0.007885687823150687	0.0	0.0011130144713696988	0.0	0.004176868156275893
TAS2R30	0.004238155024178591	0.0	0.0013443899652212342	0.0	0.0	0.0	0.0027320933618022645	0.0	0.0012735331548654083	0.011834752682982574
GSG1	0.0	0.0	0.007141583502775059	0.0	0.005774881525207875	0.0	0.002006811423862417	0.0	0.0033913274235154766	0.0
SPX	0.0023692180568398473	0.0	0.0	0.0	0.008232416116959448	0.0	0.0	0.0	0.009616866701658462	0.0
GYS2	0.0030523868022948038	0.0	0.005213109327356348	0.0	0.0	0.0	0.0029348321988456163	0.0	0.0	0.0015313248869077362
REP15	0.0	0.0	0.0	0.0	0.0	0.01768661029639946	0.0	0.0	0.0	0.001137969289710799
GXYLT1	0.0	0.0	0.0	0.0013093154836407513	0.0	0.008711305509917118	0.001614980797658447	0.0	0.0	0.0002442269360619628
TWF1	0.000694913076499796	0.006071641139860078	0.003971784683414625	0.0	0.006226556616127215	0.0	0.001973087855433303	0.0	0.0016232755336019037	0.0015197077673560972
SCAF11	0.0	0.0	0.0	0.006215637967898321	0.0	0.0058908926880024215	0.0	0.00419094780655971	0.0	0.003831837195431836
FAM186A	0.00263388323118131	0.0	0.0	0.0	0.01195101851683997	0.0	0.0037511654764488074	0.0	0.0	0.0
PRR13	0.001090923488735274	0.0024802271611766005	0.004299939399321416	0.0	0.0	0.0	0.0	0.0018362289545359213	0.0	0.0
CALCOCO1	0.004458083576244183	0.003693244889421921	0.0045751979513900835	0.0	0.0	0.0	0.0002587037553365056	0.0035907675672632888	0.00022653125205481908	0.0
STAT6	0.004282914727636239	0.004314585640715038	0.005230762440674186	0.0	0.0	0.0	0.0003583644152011744	0.0	0.00011766491507190848	0.0
NXPH4	0.002027356797990903	0.0023116923606653138	0.006944197020478963	0.0	0.0	0.0	0.001851478125262145	0.0	0.00411129706669886	0.0
INHBE	0.001849377922637089	0.0008274499847912429	0.004463665699770029	0.0	0.00014506515539285426	0.0	0.003679854581923269	0.0	0.004952560651515833	0.008518578457626309
DCTN2	0.0	0.0	0.0	0.002902719716551989	0.0	0.0003775416075199224	0.0013519006792041797	0.0	0.0	0.0
EEF1AKMT3	0.0	0.0	0.0	0.010054125269587925	0.0	0.002457406930759623	0.0023471736312366447	0.0	0.0	0.0
RASSF3	0.0	0.0	0.0	0.0051869898798937416	0.0	0.0	0.0031974453821262266	0.0	0.0	0.010298726553782117
GRIP1	0.0007136244833309895	0.002090845284148599	0.002281851656515624	0.0	0.0004607811799873823	0.003522822098002286	0.0	0.0	0.0022899127246603884	0.005183199212320446
LGR5	0.0	0.0	0.0	0.0018468767371198006	0.0	0.0056789703585381135	0.006724075689598866	0.0	0.0	0.0056750104495614795
E2F7	0.0	0.009005908351958393	0.004964788631279615	0.0	0.0	0.0	0.0	0.0014023097464293437	0.002036827652056149	0.00016874776487331455
NTS	5.4019653707725354e-05	0.0056702096014477656	0.0021276743036219656	0.0	0.004232547034735078	0.0	0.0	0.0	0.002251987519365769	0.009992993995945706
VEZT	0.0	0.0	0.0	0.008522028175929298	0.0	0.0	0.004524524878162015	0.0	0.0	0.0011301610107622908
DRAM1	0.0	0.0	0.0	0.011364052268172553	0.0007365631170877436	0.0	0.0062289250101801585	0.0	0.0	0.0
MYO1H	0.0020542089582001963	0.008055017633803105	0.00466062017418696	0.0	0.0	0.0	0.0017356644724667515	0.0	0.0	0.0
ANKRD13A	0.0	0.003676825586925262	0.004345109000819286	0.0	0.0	0.0	0.0	0.007173637539994568	0.0039078711829618655	0.0
BRAP	0.0	0.0	0.005594578911808171	0.0020667711638562127	0.0022122416343582805	0.0	0.0016262091759019226	0.0	0.0	0.0
ACAD10	0.0003521556373249324	0.0	0.003361886423260258	0.0	0.002898836200179514	0.0	0.00011061111568479252	0.0	0.011723729070953743	0.0034028389249142923
TRIAP1	0.0	0.0	0.0	0.00694234909515179	0.00443306666821784	0.0019816429155914525	0.002291246289915654	0.0	0.0	0.0
OASL	0.0	0.0	0.0	0.009947328721446212	0.005356589874977038	0.0	0.0027788058047301303	0.0	0.0	0.0
AACS	0.0055571727774209635	0.004432359934813474	0.001776415722449813	0.0	0.002306720394416633	0.0	0.0	0.0010198831889018916	0.002424066311015533	5.272120496373589e-05
RAN	0.0	0.0	0.0	0.01061345041556816	0.0026287660502725386	0.0	0.004493698739349604	0.0	0.0	0.0
PSPC1	0.004066540534205211	0.0074973566905320145	0.0010380053435896173	0.0	0.0026332047297353118	0.0	0.0	0.0	0.0	0.0030304585359764527
SKA3	0.008909486617076764	0.0	0.0	0.0	0.00042161175605298965	0.0	0.0	0.0035614243339394665	0.0	0.0
FGF9	0.0061382138238276086	0.0	0.00026721610543773544	0.0	0.0005602800285817005	0.0	0.0	0.0061813525594839325	0.0	0.0
C1QTNF9	0.00030359317901638673	0.005492232237684636	0.004974075820115799	0.0	0.0	0.0	0.0	0.005895259923176637	0.005641641124723309	0.0
CENPJ	0.0013420288244411413	0.010185554212206651	0.0009401464844990041	0.0	0.0033273462563932392	0.0	0.0	0.0024861493239490802	0.002711090876737612	0.0
MTMR6	0.0	0.0029813548545599288	0.0020889184261755284	0.0	0.0	0.0	0.0	0.0	0.012937621371461094	0.004652591772030392
PDS5B	0.0026247976509273423	0.0	0.003485094451173229	0.0	0.0036549719740279155	0.0	0.006561686257014063	0.0	0.0	0.0
FBXL3	0.0	0.0	0.0	0.01085524660376982	0.0	0.002059478881317233	0.00043180213766751043	0.0	0.0	0.0
SLAIN1	0.0	0.0	0.0	0.003848321819666945	0.0014140499188399324	0.0	0.0	0.0	0.0	0.009547574968991038
SLC15A1	0.0009150751906041685	0.002599442851925589	0.0066136156480518585	0.0	0.0	0.0	0.0032317727227366482	0.0	0.0015244836071372412	0.0
UBAC2	0.006244006077306013	0.0	0.0	0.0	0.0	0.0	0.0	0.0	0.004057402024047861	0.0002131736792341475
ZIC5	0.0	0.0	0.0	0.00579189445451508	0.0	0.002097739702616345	0.004066002080714087	0.0	0.0	0.002159540846422016
POGLUT2	0.0	0.0	0.0009432673932974159	0.00348957789647325	0.0015162912918659757	0.0	0.004144841213963724	0.0	0.0	0.0
LIG4	0.003917688819584941	0.0	0.000710713483825526	0.0	0.0	0.0	0.0016430993080129186	0.0	0.008157455724852106	0.0
ING1	0.0011825193527018219	0.0060552487923655396	0.0061037217572972305	0.0	0.001988010669675086	0.0	0.001127285804064433	0.0	0.0	0.0
PARP2	0.0	0.0	0.0	0.010817870337093274	0.0	0.0	0.0014839624539634624	0.0	0.0	0.0
NDRG2	0.004023737961132515	0.0	0.0016215066124814095	0.0	0.008287452955471562	0.0	0.003530891326610796	0.0	0.0023490098549927728	0.0
ARHGEF40	0.0	0.004257999523608828	0.0	0.0	0.006647713008550701	0.0	0.0	0.005108845038167656	0.0022371123664684978	0.0028604935374166936
METTL3	0.002494059568583165	0.007304337986098491	0.003252111768043411	0.0	0.0	0.0	0.0	0.0033419993451724423	0.0	0.005819964347437444
OXA1L	0.0	0.003716469817120581	0.005287953175374345	0.0	0.0	0.0	0.008548259426767109	0.0	0.0	0.0
REM2	0.0	0.004565517049263789	0.0038404206045234307	0.0	0.0015003812767677323	0.0	0.0	0.001379864125470048	0.010202788919674846	0.0
MYH7	0.0	0.0	0.0	0.005094998255709134	0.0	0.0035741268601932647	0.0030463697646927047	0.0	0.0	0.0
NGDN	0.001451319503930724	0.0	0.005817262439652864	0.0	0.004719258887257571	0.0	0.0	0.0	0.005627583828547814	0.0
PCK2	0.0	0.0032671351354130692	0.002829919749698407	0.0	0.005735099088952977	0.0	0.0	1.0841461225574834e-05	0.004362572572197743	0.0
FAM177A1	0.005165283385450458	0.008045744829664338	0.0	0.0	0.0004696617259391825	0.0	0.0	0.0016429330410766745	0.0	0.0
NFKBIA	0.007758501280994451	0.0	0.002823419738058098	0.0	0.0	0.0	0.0	0.0	0.0	0.0
MIPOL1	0.0	0.0	0.0	0.001215870299709389	0.0012063221004512414	0.006308641956189052	0.00025426688093824836	0.0	0.0	0.00012696388386925663
GEMIN2	0.0	0.0	0.0	0.0	0.0	0.008999014185850227	0.006554964522690726	0.0035849940946284663	0.0	0.0
LIN52	0.0009916967846390144	0.0	0.0	0.003809074442240283	0.003623662662803902	0.00012198461097677363	0.005107644540951931	0.0	0.0	0.0
GTF2A1	0.0050955536900151865	0.004379411763346715	0.0	0.0	0.0	0.0	0.0	0.004520970848415195	0.005632756280983421	0.0
KCNK13	0.006016543154853523	0.005923821073648861	0.0009172831515314652	0.0	0.0	0.0	2.584397924101246e-05	0.0026237390504722908	0.0	0.0
RPS6KA5	0.005797928804499861	0.0	0.00027276414194402716	0.0	0.0037208582584232677	0.0	0.004968091773813834	0.0	0.0	0.003942440277815927
CATSPERB	0.007626574453723929	0.0	0.0009964309960494217	0.0	0.0004941500471156526	0.0	0.004694853421563713	0.0	0.0	0.0
FAM181A	0.0	0.0	0.0	0.00017223847043943224	0.004068772778194267	0.0	0.00503499087043187	0.0	0.0	0.0005714333466791902
COA8	0.006422578792111873	0.004279638707558118	0.0	0.0	0.0030593288275165254	0.0	0.0	0.0	0.0	0.0
TMEM121	0.00540344815742744	0.008377777470351842	0.00047563560764151867	0.0	0.0	0.0	0.0	0.0	0.0	0.0
RYR3	0.004125437833713594	0.006132194644834051	0.0018585688264858974	0.0	0.004522557647114179	0.0	0.00028186072787208193	0.0	0.0	0.0
JMJD7	0.0	0.004389289918401432	0.004157059180580445	0.0	0.0035602891645952575	0.0	0.0	0.007106762414526609	0.0	0.0
STARD9	0.0029419155190988705	0.008304672466293917	0.0023763759206242565	0.0	0.0	0.0	0.0	0.0	0.004782780723325582	0.002421315703509804
TTBK2	0.006298679116953172	0.00098298751012766	0.0014260434302834524	0.0	0.0013606406263342228	0.0	0.005080139019336957	0.0	0.0027496888106293897	0.0
CCNDBP1	0.002134008964348712	0.0	0.005581561838738853	0.0	0.0020425434523634245	0.0	0.004265128466844264	0.0	0.0032819053307486506	0.0
CKMT1A	0.0	0.0051207230595227814	0.006409686063296736	0.0	0.0	0.0	0.00019197863872802117	0.0	0.005250868084251226	0.0
WDR76	0.007084278776754132	0.0014543914515152748	0.0021906497668384532	0.0	0.0	0.0	0.0	0.0	0.0	0.009691850019003053
SECISBP2L	0.001428517946093156	0.0019131412233106709	0.003778296101006318	0.0	0.0	0.0	0.0	0.005254570100310489	0.001582145942174095	0.007401547590710553
CYP19A1	0.0	0.0	0.0	0.0070994262193182864	0.0	0.0	0.0068533536142185375	0.0	0.0002462535532361586	0.0
GCNT3	0.004312794164866761	0.004646961286761465	0.002372692861359425	0.0	0.0	0.0	0.0001182048305361897	0.0	0.0	0.004756133594921668
RORA	0.0	0.0	0.0	0.003416174864392351	0.00515937836351597	0.0005529135543976058	0.00401424558862523	0.0	0.0018018516092086203	0.0
SMAD3	0.0	0.001908626820649353	0.004784029646827928	0.0	0.0035541339045290026	0.0	0.00033483626506613335	0.0	0.0027745677564615886	0.006837099775167973
PARP6	0.00034254746248613295	0.008054078224678267	0.004807691928723916	0.0	0.0	0.0	0.002293080772053127	0.0	0.0028107383574855174	0.0007573963075314593
FAM219B	0.004167174010923926	0.0009997517549896618	0.0	0.0	0.0038528235469811245	0.0	0.00222993529346692	0.0	0.004364484919093067	0.011168828112046355
PTPN9	0.0	0.0	0.0	0.004438303962123371	0.0	0.0022615649279003665	0.0	0.0	0.0	0.004026325738845553
TLNRD1	0.0038604999149897527	0.004329772203695418	0.0008235664875056889	0.0	0.0	0.0	0.0	0.006654384322074264	0.00576216777417901	0.0005341487127739506
RAMAC	0.0	0.0	0.0036609225324668354	0.000540529887150492	0.0	0.0	0.002706801553818521	0.0	0.004988477252467172	0.002620651638886289
BNC1	0.0011125966262943232	0.003279789364955463	0.004276633159829472	0.0	0.0	0.0	0.0	0.0	0.012655317905755718	0.0
SLC28A1	0.0006842918490386924	0.00840377246138336	0.0042289105864946105	0.0	0.0	0.0	0.002045441353128344	0.0	0.0	0.0038458811172190958
UNC45A	0.0	0.0	0.0	0.004886583979253604	0.002708025147557416	0.0	0.0029908512576138726	0.0	0.0	0.0
SELENOS	0.002420508263533972	0.0	0.0	0.0	0.0015755535446728105	0.0001527947435531208	0.0	0.0019967359239305977	0.0033453370432097824	0.0037370933462056756
MPG	0.0	0.0	0.0	0.00874256710621936	0.008093571753347172	0.0	0.0029166138953657587	0.0	0.0	0.0
AXIN1	0.0	0.0	0.0	0.0027452641814406735	0.0	0.0	0.005394940959989477	0.0	0.0	0.010060281836561344
TSR3	0.0	0.0	0.0	0.009887569839220903	0.0	0.011077109527604493	0.0	0.0	0.0	0.0006899584144267799
UNKL	0.0	0.0	0.0	0.0030548700752285707	0.0	0.010270430051678502	0.0	0.0	0.00401477775137947	0.00901596909840191
ABCA3	0.0	0.0	0.0	0.004765689651934553	0.0	0.0	0.008060964231258306	0.0	0.0	0.001884505598177663
SOCS1	0.0	0.0018776122410069395	0.00032278574927792467	0.0017920157262863584	0.0	0.008578794092946852	0.0	7.991481699629044e-05	0.0002966216043579249	0.0
ITPRIPL2	0.0	0.0	0.0	0.005271367203175856	0.0	0.0	0.006365074562445402	0.0	0.0	0.005404435007800713
NPIPB7	0.005876653414222304	0.0	0.0024413981687559008	0.0	0.005330382070742532	0.0	0.0	0.0	0.004102381030792323	0.0
SLX1B	0.003326181469767102	0.0	0.004537441142442028	0.0	0.004910918982342542	0.0	0.0038563813037770824	0.0	0.003115625519666644	0.0
ZNF423	0.003075505444369356	0.0006719018683038224	0.0057826727920687665	0.0	0.0	0.0	0.0060453842991796715	0.0	0.0	0.0
TENT4B	0.0	0.0	0.0	0.007944008439216306	0.0007663425550462601	0.0026199951048600126	0.0	0.0	0.0	0.0
CES1	0.0	0.0	0.0	0.001515550334065078	0.0	0.009480696191010071	0.007850636171252557	0.0	0.0	0.0
CX3CL1	0.0	0.0	0.001809745909191251	0.0	0.006850913348094796	0.0	0.004137429043232469	0.0	0.0	0.0
CCL17	0.0038973768754131605	0.0	0.006060900261976191	0.0	0.004051255303272417	0.0	0.0	0.0020023282975662276	0.0019477727180854721	0.0
DOK4	0.0	0.0	0.0	0.0	0.0	0.023219060833503846	0.0	0.0	0.0	0.0022532131488576675
KIFC3	0.0038511041453935784	0.0009097791794262593	0.0035284849445434705	0.0	0.0035812075355840544	0.0	0.002723788669864859	0.0	0.00398365667103302	0.00029433197757246183
ELMO3	0.0	0.0	0.0	0.0021726513989685377	0.0	0.0024699565321302146	0.007566339542881186	0.0	0.0	0.0
CTRL	0.0003036251215526068	0.0025504929053513387	0.004704162828558204	0.0	0.0	0.0	0.00561011044794946	0.0	0.004991671476774913	0.0034704121468558807
PSMB10	0.0	0.0	0.0	0.008653355438739284	4.3794958256179316e-05	0.0	0.005891809262433133	0.0	0.0	0.0
NQO1	0.0003830356571897296	0.00114866023772786	0.0	0.0	0.0	0.0	0.0	0.01343564276829847	0.0012775883515183527	0.0006854668143762554
TXNL4B	0.0	0.0	0.0	0.0	0.0010024707271016394	0.0016248442495292105	0.0	0.019325650603141828	0.000954010979114488	0.0
CDYL2	0.0	0.0	0.0	0.0	0.0	0.01681064791832804	0.0	0.003200490220895852	0.0	0.0
MEAK7	0.0	0.0	0.0	0.0019895512911818737	0.0	0.002682061745003483	0.0006190291634639013	0.0	0.004962427573626593	0.007611206984788978
COTL1	0.001329806277918478	0.004016293276280889	0.003895535171345233	0.0	0.0	0.0	0.0	0.005658096629752863	0.002739668540789903	0.0
ZDHHC7	0.0	0.0	0.0	0.0	0.00198818725222061	0.004027368328574361	0.0	0.003001626507167659	0.0	0.0013697298294648383
C16orf95	0.0	1.4785815595993867e-05	0.0	0.0009222544055682896	0.0	0.0028004416988724294	0.0	0.0	0.0	0.00740347773192595
SPATA33	0.0016810749582332328	0.0	0.0	0.0	0.0	0.0	0.0	0.008306393465199914	0.0	0.0
GLOD4	0.0	0.004608177616691622	0.002843226623446354	0.0	0.0	0.0	0.0	0.006247804819068617	0.00601972876439889	0.0
OR1A1	0.007168386202397828	0.002521286445842924	0.0022689327686292214	0.0	0.0	0.0	0.0	0.00020941210205413957	0.0005303854620904839	0.0
RNF167	0.0	0.0	0.0	0.005856720676615235	0.0	0.0007693163006435868	0.0	0.0	0.0	0.005852282136792719
ELAC2	0.0	0.0	0.0	0.005977598466203864	0.0	0.0028755595988431194	0.0014446285082506105	0.0	0.0	0.0060130126251297196
COX10	0.0	0.0	0.0	0.00414728359019429	0.0	0.0008275262639854909	0.0	0.0	0.0	0.00585402823275291
ZSWIM7	0.0	0.0	0.0012305222110815784	0.008362020691202406	0.0	0.0	6.947377777474198e-05	0.0	0.0	0.003601426044317414
ZNF287	0.0	0.0	0.0	0.0	0.009636105422606778	0.0	0.0	0.0011604459102300172	0.0	0.0
ALKBH5	0.004812486791456658	0.0	0.0029539217366170464	0.0	0.004310392343260276	0.0	0.0	0.0037093589877024544	0.002557562399942496	0.0
GIT1	0.004916530737307515	0.0020890723776630406	0.0016145528585647872	0.0	0.0	0.0	0.0	0.0005330561947252048	0.0	0.008259512520915169
GAS2L2	0.0	0.0	0.006626928834210069	0.0	0.003726282700958159	0.0	0.003514266070677852	0.0	4.609294740747272e-07	0.0
MMP28	0.0	0.0	0.0010532313220710178	0.0	0.002915644177280342	0.0	0.0	0.004203072867089674	0.009548439451859441	0.0
CCL4L2	0.0	0.0	0.006081829779704849	0.0	0.0	0.005240416336414798	0.0	0.010359442095080197	0.0	0.0038123907603805234
EPOP	0.0	0.0	0.0	0.0036347836529422796	0.0	0.006520069199477471	0.0064538223568600716	0.0	0.0	0.0031319195261161675
LASP1	0.0037388147544822623	0.0026889459728911104	0.0023680037093438645	0.0	0.006258367819249363	0.0	0.0	0.001609024558944297	0.0019098780224203317	0.0
MIEN1	0.005935192394146368	0.0	0.0030289936455783102	0.0	0.0	0.0	0.002583395966698601	0.0	0.007053591730920085	0.0
CSF3	0.0	0.004738439117400067	0.0046282160118314335	0.0	0.0	0.0	0.003837496597552525	0.0	0.0	0.002539159717819225
CCR7	0.0	0.005903713386798991	0.004797311683743436	0.0	0.0	0.0017769498381517577	0.0	0.011461287658785785	0.0	0.0
KAT2A	0.0	0.0	0.0	0.0034972154811669636	0.001888913087978806	0.00037397611994965577	0.0	0.0005250763811170165	0.0	0.0
PSME3	0.0	0.0	0.005602099230056829	0.0	0.0029187757927571253	0.005321476029712549	0.0	0.0	0.0	0.00026844549592425524
IFI35	0.0	0.0	0.0003919044036241605	0.0	0.007057535448861997	0.0	0.0015393735402732974	0.0004758869415316237	0.0	0.0
ARL4D	0.0	0.003710617852879264	0.0008496989405318742	0.0	0.012613896777306543	0.0	0.001767677019502269	0.0	0.0	0.00628286464422015
DHX8	0.0	0.0	0.0	0.002698825474190988	0.0010880400904908032	0.0	0.0	0.012283711005871594	0.0	0.0
TMUB2	0.008773991038581777	0.0	0.0004201510632022135	0.0	0.0005044107719592834	0.0	0.0	0.0033968362085542037	0.002109219100390625	0.0
MAP3K14	0.0	0.0037746625143150166	0.005217592126549854	0.0	0.0	0.0	0.004575907257404767	0.0	0.0037622244810994036	0.004237069666671659
PLEKHM1	0.0	0.0019817860896304876	0.003770380726125582	0.0	0.0	0.0	0.0004444436172742212	0.0	0.011487348899382962	0.002378047561049461
CA10	0.0	0.0038190592613187454	0.0010624787317439482	0.0	0.00033475262583204115	0.0	0.006679841108580419	0.0	0.0008693535121302353	0.005445587718508051
LPO	0.0025926117513449215	0.0	0.0052615897954362435	0.0	0.00946570377067802	0.0	0.00114774847748251	0.0	0.0	0.0
PRR11	0.0	0.0	0.0	0.004363968428159089	0.0	0.008341527136003056	0.0	0.0035261741689577245	0.0009230153669755141	0.0
SMG8	0.0	0.0	0.0	0.007888468051780317	0.006364929626647449	0.0	0.0017494568417848327	0.0	0.0	0.0
INTS2	0.0	0.0	0.0003883684918498817	0.0	0.0	0.013690543501854243	0.0	0.0014595044140071408	0.0009599183651220286	0.0003874002245783099
FTSJ3	0.0	0.0028946076410692797	0.002563691509926199	0.0	0.0077911339395894735	0.0	0.0029931425351384083	0.0	0.0	0.001879060607813579
PSMC5	0.0038111369018809078	0.010171593292494315	0.0	0.0	0.00032789676130573877	0.0	0.0	0.0043940868713989644	0.0	0.0
ARSG	0.003870176116608745	0.001823172751670206	0.0037902639365539415	0.0	0.0002518017390272056	0.0	0.001142334602232475	0.0	0.0	0.0
WIPI1	0.0	0.0	0.0	0.0	0.00813387091382433	0.0	0.0028134380468872594	0.0	0.010285560918655571	0.008159199602384934
SLC25A19	0.004168096810219608	0.0	0.006019713651843115	0.0	0.0	0.0	0.003877753673669882	3.0819846108421415e-06	0.0031960893789233875	0.0
ITGB4	0.0	0.0	0.0	0.01310228293804655	0.0	0.0	0.0031710458464000346	0.0	0.0	0.0
GALK1	0.0	0.003733168737508268	0.007141896396253256	0.0	0.0	0.0	0.0	0.0044493276807214596	0.0	0.002083060538899068
WBP2	0.0	0.0	0.0	0.0017826247879281613	0.0	0.007113440066404835	0.0	0.0	0.0013419456243761686	0.0
SRP68	0.0	0.0	0.005591271950215403	0.0	0.0014274669342309563	0.0	0.0	0.0	0.0	0.0036906344228155095
ZACN	0.0052940340045878765	0.0	0.00018674305000292065	0.0	0.0030828997969873507	0.0	0.0	0.0	0.005303354331054375	0.0
FOXJ1	0.0002688636058572229	0.002939313897017817	0.0005397287778898336	0.0	0.0008554581086294598	0.0	0.0	0.00354671550186619	0.0	0.0
LGALS3BP	0.0042838502529643436	0.0	0.0007394880601612152	0.0	0.003499394371668665	0.0	0.0024678137062187242	0.0	0.004375102792906804	0.0017928023093336097
RAB12	0.0029185867310118586	0.0	0.005140612072896656	0.0	0.0007677186761213194	0.0	0.0	0.0020691349425886922	0.0	0.0
ANKRD12	0.0013840276882019229	0.0	0.0	0.0005305142644801233	0.0015171335245331478	0.0	0.0	0.0	0.0	0.0019193711251879585
CIDEA	0.0	0.0006572270144341357	0.0	0.0	0.0	0.014630354569956263	0.0024678749077136977	0.0	0.0	0.0075435669617514465
PTPN2	0.0005558562817015842	0.0014108353712582351	0.003992943504412242	0.0	0.0035732268253529215	0.0	0.0001560740567534937	0.005872446405987421	0.0	0.0
OSBPL1A	0.0	0.0	0.0007277452675685608	0.0029266202065079774	0.0	0.005851913358293325	0.007893946204049094	0.0	0.0	0.0
SLC14A2	0.003967705332929415	0.0	0.00449639391432965	0.0	0.003708784910198306	0.0	0.0	0.0010424993086996146	0.007617305479842378	0.0
PIAS2	0.0	0.002877388016879172	0.006159590732215608	0.0	0.009347900559122591	0.0	0.003612136782512311	0.0	0.0	0.0
C18orf32	0.0	0.0	0.0	0.001474838560389393	0.0	0.015436323398771115	0.0	0.0	0.0	0.0
CCDC68	0.0031132831996597797	0.0	0.0013068729555485046	0.0	0.0	0.0	0.008163218386470054	0.0	0.0	0.007097570768521489
TCF4	0.004292537043018521	0.0	0.005612216404239613	0.0	0.004516937041244096	0.0	0.00239637966091001	0.0	0.0011977391913037011	0.0
CCDC102B	0.0	0.0	0.003941276720334634	0.0	0.0	0.0	0.0	0.014199103324184609	0.0	0.0
RTTN	0.005913530830825615	0.0	0.0013234637942078722	0.0	0.0028879772718888967	0.0	0.00308946753507957	0.0	0.0009464558650514976	0.0
WDR18	0.0026673522593242843	0.006033077259048049	0.0005265919590179589	0.0	0.0	0.0	0.0019381345269460937	0.0007590787139045872	0.0	0.0
GRIN3B	0.0062085801334360174	0.0012586262649351488	0.0034551222463125074	0.0	0.0	0.0	0.0	0.0	0.005054177332481626	0.0
CNN2	0.0036179013515484524	0.004093406376364728	0.0	0.0	0.008915059864474053	0.0	0.0	0.0	0.004219106600160864	0.0
AMH	0.00789497240006812	4.586751664149032e-07	0.0019007668774467035	0.0	0.0	0.0	0.001773480200313135	0.0	0.0035436979974847226	0.0
LINGO3	0.0	0.0	0.0	0.0	0.0	0.008605235426189389	0.0013124037262103737	0.008625880890578372	0.0	0.0012877644902762853
LMNB2	0.0	0.0	0.0	0.0	0.0	0.013727766223767876	0.0	0.004212054144898188	0.0	0.003823518576206755
MFSD12	0.005079111000384702	0.00208540147473049	0.004698417887490268	0.0	0.0013351718675323914	0.0	0.0	0.0	0.0	0.0008987595964195978
HMG20B	0.0	0.0	0.0	0.006063232913356815	0.0	0.007223964235676386	0.0	0.0	0.0	0.006143447887600911
PLIN3	0.0053748695459218294	0.003414825858979177	0.0028027913230293184	0.0	0.0	0.0	0.0	0.006717899852779792	0.0	0.0
ARRDC5	0.0	0.0010352681493908064	0.0	0.0008831695781818287	0.0	0.0016054243977670084	0.0018863587667409308	0.0	0.0	0.0
UHRF1	0.0	0.0	0.0	0.0	0.0	0.022169903590682157	0.0	0.0	0.0	2.9735387510006497e-05
MICOS13	0.0	0.0	0.0	0.000308869073115789	0.0031075422119545564	0.0030432899057094625	0.0	0.005602891243864715	0.0	0.002799548380289396
ALKBH7	0.002581451698585556	0.007420515476832834	0.0046263367339117	0.0	0.0	0.0	0.0	0.005503382753050614	0.0	0.0
SLC25A23	0.0	0.0	0.0	0.0	0.0	0.011570369153900643	0.004813774695017943	0.0	0.0	0.00210380207763561
FBN3	0.00869609010045517	0.0	0.0019014822227288004	0.0	0.0	0.0	0.0	0.0	0.0	0.0
CD320	0.0045370278658717475	0.0	0.0	0.0	0.0026028082501260586	0.0	0.001501200002455804	0.0	0.002638842423121164	0.0
MYO1F	0.004617600388135804	0.005620963221634009	0.0017981793857310359	0.0	0.0	0.0	0.0012654239819293593	0.0	0.0	0.010438936617509179
PRKCSH	0.005244096872769733	0.005949381564603529	0.004834075424195258	0.0	0.0	0.0	2.5103046370553688e-05	6.186374231054062e-05	0.0	0.0
ZNF491	0.00018836197136096292	0.0	0.0	0.0066185602179760035	0.0	0.0	0.003992112490881055	0.0	0.0	0.0012996187867889003
RTBDN	0.0	0.0	0.002046228432561243	0.0	0.0	0.00036493217527630264	0.0	0.00346882927286521	0.0013791023869301605	0.0015331286710134314
ZSWIM4	0.004309256707070688	0.005636430115109037	0.003080237741603391	0.0	0.00012048652580302215	0.0	0.0	0.0	0.0	0.005292139789349823
ADGRE2	0.004123659026947688	0.003611550395870111	0.00031550024666900865	0.0	0.0013714159516705407	0.0	0.0	0.0	0.0023055750294569107	0.008734454483075414
RASAL3	0.0	0.004623019715726081	0.0	0.0	0.0	0.001407412209889207	0.0	0.010875658045639957	0.005241065215971936	6.844210309631011e-05
OR10H5	0.00756172614306896	0.0	0.0005369666367364637	0.0	0.0008555776630253581	0.0	0.003197766190200185	0.0	0.0015568603539437692	0.0
KLF2	0.0020223269749738266	0.0	0.0037156387737343776	0.0	0.008180013285821467	0.0	0.0013538325840884448	0.0	0.0	0.005575667275573373
MRPL34	0.007755101509516708	0.0	0.0001500448594268183	0.0	0.0	0.0	0.0004257074238446926	0.0	0.0021234734110011752	0.0
DDA1	0.0062602423695938235	0.0	0.0014280056036499239	0.0	0.0002397630837963506	0.0	0.00495470172834633	0.0	0.0	0.0
GMIP	0.0	0.0	0.004597597629459579	0.0	0.0	0.0	0.0006815876456112485	0.00035068395892442166	0.0032519759179384443	0.006825311672227766
ZNF431	0.0	0.0012509200455155423	0.007477782230044952	0.0	0.0036948301500299343	0.0	0.0021734813201691955	0.0	0.0	0.0
GPATCH1	0.0	0.0	0.0	0.003359926289527624	0.0	0.005942073360276066	0.002894022417972042	0.0	0.0	0.0
ZFP82	0.0	0.0	0.0	0.007654981868406335	0.0	0.004023587881875687	0.007305602722284643	0.0	0.0	0.0
SIRT2	0.0	0.0005996194757681761	0.0	0.0	0.0	0.0	0.007745243290397328	0.0	0.0029842972724793476	0.0
GMFG	0.0037741589774969364	0.0	0.0025741804235777477	0.0	0.0	0.0	0.008333626603226759	0.0	0.0	0.003498989777814164
PAF1	0.0	0.0	0.0009591318766515217	0.0	0.00202223067856194	0.0006237377976834811	0.0	0.019109978045825145	0.0	0.003029874866144725
C19orf47	0.0	0.0	0.0	0.0016387687979376076	0.0	0.014687871688467994	0.0011586963422013648	0.0	0.0	0.0
CEACAM4	0.0035528719109510012	0.0	0.0	0.0	0.009155547156856462	0.0	0.002048330183294284	0.0	0.0	0.0008050069612399009
PLAUR	0.0015071705454167846	0.005310451071341394	0.003683140922056037	0.0	0.000269769566648383	0.0	0.0	0.008177967401537978	0.0011168401420366275	0.0
GEMIN7	0.0	0.0	0.0	0.0027880013156175456	0.0	0.0	0.004476565218684872	0.002032656181472788	0.0	0.0
SIX5	0.0	0.0	0.003982598868720246	0.0	0.0	0.005548273625457069	0.0	0.0057650569739155074	0.006191073396515137	0.0
TPRX1	0.0	0.0	0.0	0.006049718998994654	0.0	0.0	0.002320028649506573	0.0	0.005454281941116354	0.0
BSPH1	0.0	0.0	0.0	0.00875459571141019	0.002898545030781258	0.0	0.0035452960065433733	0.0	0.0	0.0
EMP3	0.002027910564829643	0.0	0.003366130655219647	0.0	0.0	0.0	0.0	0.0013005329601172668	0.010975690722081221	0.001788305492915836
KLK7	0.0	0.0	0.0	0.0	0.0029613903748077685	0.0	0.0022720784758663098	0.013513628396706018	0.0	0.0
SIGLEC8	0.003238736848519029	0.003815697183267378	0.003470060241987751	0.0	0.0018115560884444364	0.0	0.005064763762338411	0.0	0.0007206036094488134	0.003219841636613527
TFPT	0.0	0.0	0.0	0.0	0.0	0.0	0.0	0.015271761578314603	0.0017752561377854174	0.0
LILRB2	0.006664752914585837	0.0004784968103653079	0.0	0.0	0.002983632869782634	0.0	0.0	0.002526486532383005	0.0	0.0
SYT5	0.0	0.0	0.0	0.006939872902708349	0.0	0.0	0.002499299684079557	0.0	0.0	0.0016387323313429198
ZNF544	0.0012428513938369198	0.00497585329971471	0.0010961051082301445	0.0	0.011478870412306882	0.0	0.0	0.0	0.0	0.0
TRIB3	0.0	0.004756820958204004	0.0	0.0006031159677514997	0.0	0.0	0.005701270704476487	0.0	0.00014646160601316946	0.0
TMX4	0.005257225096144979	0.0040907067306320865	0.0031846671697906828	0.0	0.0004144520857683536	0.0	0.0	0.006242559602745539	0.0	0.0
ISM1	0.007325642837236525	0.0	0.0016909148018707638	0.0	0.0	0.0	0.0	0.0022575927346144323	0.0	0.0
DTD1	0.0	0.0	0.0	0.002039727682437737	0.0	0.006751933525461802	0.006770887633775404	0.0	0.0	0.002341067663084366
PXMP4	0.0010810525707621859	0.0004965647459079903	0.0034959871979073705	0.0	0.004523238521128622	0.0	0.0027573446351276142	0.0	0.011787338431385455	0.00011427843394127482
GDF5	0.0	0.0	0.0	0.001267227726993832	0.0	0.007022787915034642	0.007008631122885353	0.0	0.0	0.0
NDRG3	0.0019958343419705545	0.003027537098073597	3.534170149493089e-05	0.0	0.003626259391466544	0.0	0.002070043100405919	0.0	0.007549368590353307	0.0061069775512525406
ACOT8	0.0	0.0	0.0	0.0045010084864708965	0.0	0.008923064593824479	0.0007170040575796947	0.0	0.0	0.007114409532199009
RTF2	0.00531064442459947	0.007443659985587957	0.0024394392759051315	0.0	0.0	0.0	0.0	0.000593168013933273	0.0	0.002160093167709772
COL9A3	0.0009102045438705632	0.0	0.0035313950228323863	0.0	0.0017726099469935158	0.0	0.0043083405329015865	0.0	0.011029044657614444	0.008480461571389255
URB1	0.0	0.004699126060024657	0.0017785444707996308	0.0	0.0	0.0	0.0	0.006790108774047496	0.004867787322412505	0.0
SYNJ1	0.0	0.0	0.0	0.0	0.0	0.018769015007612175	0.0	0.0	0.0	0.005957092990218674
DONSON	0.0037103282708702773	0.0024791532694531265	0.001593183629442679	0.0	0.0	0.0	0.00300428124195342	0.0	0.006304402058069259	0.0
ITSN1	0.0	0.0	0.0	0.0	0.0	0.015489138794202066	0.0	0.0	0.0	0.003987821820607003
SETD4	0.0008870928653630434	0.0037932455580425126	0.0024955906323185654	0.0	0.006189971527438956	0.0	0.0027416039323286167	0.0	0.00957650262502454	0.0005785635756862809
IL17RA	0.0	0.0	0.0	0.0	0.0005625679062648396	0.0	0.0010082311669184067	0.0	0.0	0.0
ESS2	0.0011770690358549828	0.0	0.002683686322745126	0.0	0.011915445933150243	0.0	0.0035885296588867425	0.0	0.005622056021260497	0.0
SEPTIN5	0.0	0.0	0.0	0.005937714041393894	0.005262745257507948	0.0	0.004496954284671923	0.0	0.0	0.0
ZDHHC8	0.0	0.0	0.0	0.0	0.011151257645253574	0.0	0.003917534865776888	0.0	0.008069743789938048	0.0
LZTR1	0.0	0.001246588298337807	0.0	0.0035689637521103875	0.003561645735190676	0.0008782765949761405	0.0	0.0	0.0	0.001560596998449567
PPIL2	0.0	0.0	0.0	0.0	0.004713469869661232	0.0	0.0	0.005313844253965711	0.0008945589420637789	0.0
MMP11	0.005344737368620562	0.0031254264132431478	0.003530974296112569	0.0	0.0	0.0	0.0006064404555072761	0.0	0.004122850881103254	0.0
DERL3	0.005716122110353085	0.0004399534693714683	0.0	0.0	0.0008844346178760714	0.0	0.0	0.0003055188011179196	0.0028141640715362492	0.0029873128752190554
EMID1	0.0	0.0	0.0010392608525746168	0.0	0.0	0.007134482878225075	0.0034307175959882486	0.0	0.0	0.0006203583695907719
TCN2	0.00484946007460232	0.0	0.004717542262290717	0.0	0.0	0.0	0.002380215674015931	0.0	0.0007943002168247222	0.0022140119699838676
PISD	0.0	0.0	0.0	0.007760058598624782	0.0	0.0006198078282023887	0.005029505853071561	0.0	0.0	0.002857256449781528
LGALS1	0.0	0.0	0.0	0.001045559539388692	0.0	0.00842486637170691	0.0028295099242843474	0.0012633432018307315	0.0	0.0022163662504075853
DMC1	0.0	0.009914566489254983	0.0	0.0	0.0	0.0	0.0014384117020612615	0.0	0.0010978171374474723	0.002641649859459796
SUN2	0.004506732717266794	0.004139525502016871	0.004836986359923043	0.0	0.0	0.0	0.0	0.0	0.000957995971299081	0.003909673832490015
ENTHD1	0.0	0.0	0.0	0.008317643566939903	0.0	0.0005812639692861211	0.004787897251345887	0.0	0.0	0.0
XPNPEP3	0.0	0.0	0.0009481543250007086	0.0015554472204469655	0.0	0.005290979903087664	0.0	0.0	0.0009685921812598134	0.0
PRR5	0.0	0.0	0.0	0.010418255885380751	0.0039585887549970005	0.0	0.004097519625409696	0.0	0.0	0.0
PHF21B	0.0	0.0033876034319717655	0.0	0.0	0.0027712637213113435	0.0	0.0	0.008121907655918211	0.0013398614446321591	0.0
CLDN34	0.00036319916623149003	0.0	0.0047907003038870025	0.0	0.0	0.0	0.002026154065174153	0.0004805127947745556	0.007103963995416402	0.0
RS1	0.0	0.0057432916589991055	0.002447674052880074	0.0	0.0	0.0	0.0	0.0	0.0018918109229694418	0.005512085920480244
MAP7D2	0.0	0.0	0.0	0.0018503049427484582	0.0	0.001073491307131669	0.0056042640356089605	0.0	0.0012176415385940422	0.0
PTCHD1	0.003159964011253789	0.0052690445186462515	0.00234219059648611	0.0	0.002501752108434308	0.0	0.0026454401533439207	0.0	0.0	0.009379863452491099
TSPAN7	0.007969696447928729	0.001585370889563889	0.0005524154635887592	0.0	0.0	0.0	0.0	0.003020658517136244	0.0004227956025304079	0.0
NDP	0.0	0.0	0.0006774972628318946	0.003415134493809107	0.009868327711790012	0.0	0.0020768541622992005	0.0	0.0	0.0
ZNF81	0.00016350109256825604	0.004547157351189502	0.006035684149472701	0.0	0.0	0.0	0.0032788238513343925	0.0	0.004995453322105885	0.007447690050968492
ZNF630	0.002181665610256359	0.008237652586225488	0.003721096854284935	0.0	0.0	0.0	0.004203403131539304	0.0	0.0	0.0
FAM156A	0.0	0.0	0.0	0.009298548204868666	0.0	0.0	0.0	0.0	0.0	0.0
TRO	0.0	0.0	0.0	0.0	0.0	0.0	0.0	0.01411620669725977	0.0	0.011123984703738644
MAGEE1	0.0	0.0038035812324564338	0.0	0.0021656528138087935	0.002257649144503978	0.0	0.0	0.0	0.0	0.0
PGK1	0.0	0.0	0.0	0.004947822689133558	0.004937437533690627	0.0	0.0025946237556247584	0.0	0.0	0.0
RPL36A	0.0	0.0	0.0	0.009485826358840833	0.0	0.001166213640975209	0.0	0.0	0.001186561446647632	0.0
ARMCX3	0.0	0.0	0.0	0.005301350769616449	0.0	0.004237296273379616	0.0044226193310960065	0.0	0.0	0.001592444219939742
ACSL4	0.0	0.0	0.0036430251050113423	0.0	0.0	0.0	0.0	0.01517465818841864	0.0	0.0
DOCK11	0.0014231280484240283	0.0042396783545490275	0.0	0.005373177167949015	0.0	0.0	0.00026314251759372294	0.0	0.0003713931845175526	0.0
RNF113A	0.0	0.0	0.0018140372331555885	0.0	0.0	0.006116503881038257	0.0	0.005990304567372644	0.0	0.0
MAGEC3	0.0	0.0	0.0	0.0036579805225231987	0.0	0.0	0.004839622387799532	0.0	0.0	0.0
GABRA3	0.0023622317949717215	0.0	0.0030148259479089523	0.0	0.0	0.0	0.0	0.006949944963855191	0.004883811485655503	0.0
PDZD4	0.0	0.0	0.0	0.008561459399983875	0.003174845423789512	0.0	0.0038746446816113785	0.0	0.0020286945714153696	0.0
MECP2	0.0	0.0	0.0	0.005071522347060637	0.000971741996193269	0.0042061324922233675	0.004638961906623664	0.0	0.0	0.0
CMC4	0.006557049251349889	0.006425202860371484	0.0	0.0	0.0	0.0	0.0	0.003863727038030576	0.0	0.0
