	S1	S2	S3	S4	S5	S6	S7	S8	S9
LRRC47	0.0033048548928448483	0.0020598161713555603	0.0	0.0	0.004183379490383535	0.0052920992057016655	0.010405787703596134	0.006763905520268176	0.001005855165724629
FBXO2	0.004982036796990268	0.0	0.0011141878576000914	0.00395424817352082	0.0022534740515646034	0.0032520411476914526	0.007177930888061447	0.0012505238340555977	0.008081712422591328
SPATA21	0.0015793210706359297	0.007454254959661991	0.0064396386582570775	0.004809643493709979	0.0	0.004862235487044787	0.0	0.0022588137260836838	0.003052016940186108
AKR7A3	0.003500812896875237	0.005993928075955119	0.0007942635284526081	0.00926341182999762	0.0035288643646048386	0.0013342916867009084	0.00022684561454544956	0.005080853010711664	0.0
USP48	0.005557108812660439	0.0	0.0032847888640674936	0.007439112212214239	0.0031801429562279193	0.004504435921404816	0.0	0.0022602097658251216	0.0041134255747398325
LDLRAD2	0.0008947807113102365	0.007133311691101533	0.0048999980371290325	0.002528243523491433	0.005969408654889822	0.00014270861782165757	0.003476925970888989	0.002641039536766906	0.003324275663364119
TEX46	0.0038927375734624965	0.006929056241756543	0.005230394714148701	0.0012275703447431649	0.0008845286633915953	0.00439385109995346	0.0032329618290305876	0.0036437742686844738	0.0
FABP3	0.006849692820651235	0.0001312488048829956	0.00200545172010644	0.002291559843659176	0.002660459379803395	0.004176598030372437	0.004723601517187715	0.0005361334380528378	0.007413861383187399
SF3A3	0.0023196601530293373	0.0021622695171975032	0.004821316122714623	0.003526979603066885	0.0027813642702197235	0.004344761293557045	0.00840552338409121	0.0	0.0034573016433162374
NFIA	0.0009223235563156814	0.00306722571601836	0.0015190326091526003	0.0016729344122340692	0.006478981621256592	0.005312782598975623	0.00248949568400197	0.007263105471523323	0.00500412185365663
ROR1	0.0	0.0032371501586616917	0.007957651762091279	0.00011345368631972121	0.004947448333057676	0.005007817180044867	0.004447151708426765	0.0012324112810880568	0.006013247336022962
SERBP1	0.005773450758668949	0.0	0.005133088082328416	0.0029806834523410397	0.0006583101718771447	0.004106191878340777	0.004232708657551	0.0015772710285134515	0.00659356775608643
LRRC8D	0.0	0.0034632954776359806	0.0	0.008591379311831663	0.0024609639655183385	0.007979121780658637	0.0017892699970174402	0.003353916935298396	0.005876030245058198
FRRS1	0.0019812115079613653	0.007670760246957241	0.003820338656776724	0.003318073681729912	0.00696348605699033	0.002854563706324271	0.0029211405019199973	0.00029719069825595075	0.0
AMPD2	0.0033281405205118787	0.0008787262687659348	0.007948299740883595	0.0020841325590326503	0.003086816364972133	0.003897862866307881	0.0018944450453192894	0.005004849546158132	0.0033591772694826424
SLC16A1	0.007705657369269339	0.00552627292780673	0.0004446810831560591	0.0009186494772543022	0.0	0.004164766173296791	0.004391651351463568	0.0010467594779299608	0.004779079059331412
NBPF11	0.008406005265598452	0.004798057189229405	0.002201146849298221	0.0048041023998522435	0.0011793143704780138	0.0006105001872482048	0.0017236738478802894	0.00021471095089494762	0.0035985379834381037
CIART	0.004159299224815756	0.0011336795263551093	0.006113010358582406	0.003299740503635002	0.0	0.002076279605536852	0.009113713597334212	0.0009725915843112518	0.004278850118503529
PI4KB	0.00728506762872033	0.00019952667732340608	0.00045976252089600526	0.004162584346725418	0.007529178586060097	0.003033709465677132	0.00398382792202034	0.0	0.0032136181128663106
TDRD10	0.002909943870953915	0.0036783255794144735	0.0006973678383350313	0.006869757819506744	0.007684373847467082	0.003654895976574833	0.0021496867992576814	0.0012883689191082331	0.0019244630826715805
ZBTB7B	0.0	0.003510909049894615	0.0050164781613109685	0.0037472383600705757	0.0046164281023451555	0.0037897265291289227	0.0	0.006612828434180331	0.005971736968444997
IQGAP3	0.004200586489014819	0.000774477979709348	0.00516340753413297	0.0006638790453743357	0.0004245024856089414	0.0027991192820652146	0.008023660850085703	9.60934410479361e-06	0.010061521636177267
TMCO1	0.006021152129727071	0.004168892294587082	0.0015600650444859837	0.0038469231808690185	0.003521199039941508	0.004457227864425382	0.003256730991591997	0.0021073132183525374	0.0001338754589737229
PTGS2	0.0053965717521074815	0.0017863450246973045	0.003995586397907916	0.006216489869915322	0.0	0.0022451703887248955	0.003646059531809669	0.001567277816092619	0.005314502705141845
UCHL5	0.0003430686529212755	0.005106072881304065	0.0026725404228734213	0.0	0.0030699683294053187	0.00736960215384963	0.004880519916637222	0.003314235836559217	0.006859243672113946
CFH	0.004069468054437997	0.003513479182675628	0.002813651957402278	0.0015705656010379394	0.0	0.004325564547970738	0.0028531482028702113	0.009854873918090257	0.0027509933550902066
KDM5B	0.0	0.00440699186292638	0.0049818054043606645	0.0016075515912415887	0.00482421535308435	0.004041714121001834	0.004567143807182168	0.004007724446385732	0.004948901681439976
NUCKS1	0.003153251979447274	0.000345123228480661	0.004997989875535768	0.0009890214950298121	0.010899142845132504	0.0	0.007400482398078576	0.00418064835816144	0.0
TRAF5	0.00639339154552995	0.00402172144736604	0.004636332070318983	0.0033508343782915036	0.0002258635298550699	0.0029387466574893823	0.003992618132421741	0.0	0.0032305910997566163
SLC30A10	0.001588374073518795	0.0025724746549941	0.005518263557147211	0.0036058096226421277	0.00028175837835024177	0.002919540833925597	0.005190102492519717	0.004477768852028402	0.006465087644838984
RBM34	0.0024250696721380394	0.003091311600386528	0.005843707882049552	0.00256702266083374	0.002767003827620558	0.0027312927835898173	0.004883818879565191	0.005619390781446549	0.0016622877851657106
WDR64	0.0	0.006969330944435546	0.006711308143928716	0.0019508962293692087	0.003419456846752678	0.002304904620695811	0.0031323591065739943	0.004300134500823138	0.002936244252602656
KRTCAP3	0.0024084343939011574	0.00510280210343569	0.008188846050184564	0.0009828104087083568	0.004492138548150333	0.0016565286000252448	0.0020803439191568233	0.004475235620144192	0.001037078414244067
CRIM1	0.0035991269489910336	0.002947229467834842	0.0031907154379035747	0.0008820205831066396	0.0033956066974536172	0.0032496894176098764	0.004252725981421482	0.0061852364226375346	0.0042055390767868515
SLC3A1	0.004334227496921966	0.006109477616811524	0.0	0.008278851629416165	0.004900007051090835	0.0006377900257111923	9.648029869967706e-05	0.0012900533119148373	0.0037374706599765653
CFAP36	0.006954087306045153	0.0007237446157081278	0.002980227344902771	0.004765343129417363	7.449446248812795e-05	0.0028274321273236867	0.004096717633721014	0.0029756680940100284	0.004612345370642958
RNF103	0.007134217109274583	0.0	0.00230250548309981	0.002529952616854532	0.0008572419768668404	0.0057181447398924005	0.003330676759531215	0.003322601695178357	0.005625069831407787
MAL	0.0027283094209372065	0.0038170881939553346	0.0062764328582823325	0.0012456856824338875	0.0034382238202615113	0.0024421616724785186	0.0029853631509215123	0.0059450535385061724	0.002472991195106546
ANKRD36C	0.0	0.00506419479182974	0.003335442540001825	0.0021896921962555617	0.0035595916139253775	0.006839971145344072	0.005840961136954199	0.005239663031265504	0.0009302719350791023
LIPT1	0.004225599620599352	0.005641575118373491	0.007862741912002183	0.004970707547401568	0.0	0.0024961737452776477	0.0009280281511364004	0.0	0.002467509828076732
CD8B2	0.00031086408841926605	0.006162332257205538	0.004979563737644582	0.004101021564721416	0.002455603653277173	0.0016534973376918045	0.007050537659524625	0.004869998270666442	1.2019678638593302e-05
IL1B	0.005430616114158762	0.004545186515635191	0.0034016577055487134	0.005950464629954283	0.0	0.004402778152704289	0.0034913438767203995	0.0006234132609047901	0.0010017656303356675
RAB6D	0.0009847735831251308	0.00545544132341272	0.005861000993571181	0.005928641212964528	0.0002959424939004311	0.0013194901635721304	0.0034457007783392623	0.006855099101507867	0.0011111893646666643
PKP4	0.00750128881805122	0.0	0.002253581583030148	0.0029083606604006387	0.001924270476494149	0.003038226387728865	0.005719808032275511	0.001848687460397352	0.004990917103389532
TTC30A	0.004185838676312099	0.003506190844339477	0.003062493413067153	0.0019025640159666003	0.007618251837214111	0.001728948774260893	0.00418328687256231	0.004494613775248674	0.0
ITGA4	0.00253670592611901	0.0	0.00442864119255613	0.0	0.004903513105414633	0.009935909234000222	0.0029181888553310056	0.005047621686064063	0.0034918557486833444
MOB4	0.005413146327706003	0.008232099661249784	0.0013587256390323393	0.0024755356108659963	0.0005077466934857094	0.005913664760170981	0.003703698651017156	0.0009609099284018801	0.0
FZD7	0.005687444588625687	0.00036287471054565135	0.0025100124807960165	0.00113184942196958	0.0023570615388226047	0.0063755895360409175	0.0059654142384250085	0.0	0.007119102551185563
PECR	0.0033199655358955027	0.005571088938975922	0.003420918004476197	0.0	0.004734071920079192	0.004608145827675868	0.003708577701465509	0.005484190260608794	0.0
RPL37A	0.0053119005605062825	0.0012423589438312014	0.00023003956878914355	0.006222154242631756	0.0020422618336292937	0.0070275714337387765	0.0026093420224260464	0.0020160873713302887	0.004165955800519244
TRPM8	0.0025637120138433875	0.005932701045523202	0.0031774370353012736	0.0022131432005384273	0.0012371896300536935	0.006383680899132964	0.001518313091585767	0.005447998643538371	0.002919721498557241
DUSP28	0.006352629573409313	0.0	0.001983527882141981	0.007525692800787003	0.002256052275712863	0.0018483765215197014	0.0037563356902228433	0.003505740606263106	0.0028876326353720772
TBC1D5	0.0011718776893949073	0.00568384442936914	0.001614862711263847	0.002571417445852354	0.0012358719241276211	0.0008335306417215457	0.010919194635985065	0.0025896589968784104	0.005949906668264082
KAT2B	0.007971628430737543	0.003188489838930007	0.0007498924498617677	0.005289098747880317	0.0042620479486411575	0.0007342575523701946	0.0014284539015621133	0.000394008254282374	0.00448024303909185
ACAA1	0.006203241204677217	0.0	0.002996467284009303	0.005919413732131788	0.0018238818965754645	0.004762753187585726	0.001903255320257734	0.0013577055798360662	0.005478212261926304
CX3CR1	0.007246975312355813	0.002705779621329588	0.002338285860644298	0.003097465976242591	0.0009372082590566321	0.0019173061713147908	0.002863022354678973	0.0034572928105395715	0.0049346265511676785
TOPAZ1	4.495795295368367e-05	0.007405763164351209	0.0029534089837771394	0.001965718106658171	0.007307491382094682	0.0006853112586190174	0.0021631273015336734	0.0044426384007892235	0.0052895256068406
NCKIPSD	0.00542840822334944	0.0018364232048774735	0.004014907876774812	0.004288398693439688	0.0	0.003942601265166873	0.006702786696525875	0.0	0.003945685327134574
PARP3	0.0007700172340888935	0.005051607165550175	0.005611865846313984	0.0009628677005693415	0.0037704123436970074	0.0027280330302969576	0.003307888834931047	0.004874435308765725	0.005267858346932074
BAP1	0.006142192586415852	0.0	0.0020978529898326285	0.006812137266100088	0.0020210334010299525	0.0028927937223937475	0.0022527860948273544	0.0034493426433547247	0.004959813449934805
FOXP1	0.006318179754050076	0.0	0.0015792183180869772	0.005206955559534153	0.0	0.003176971902561541	0.0056263593507553025	0.002899213079919543	0.006215388145583674
NIT2	0.002778979936373638	0.005482415207324294	0.005311989317208432	0.003568526327822372	0.00434232412095163	0.0	0.0	0.005300705425517439	0.0038080646888592404
IMPG2	0.006036706348104054	0.003376410281368171	0.003595442414156152	0.0051125290683535956	0.004942292137340877	0.002544929675766304	0.0028527108830886383	0.00019876609654289248	0.0
SIDT1	0.00043052314555273825	0.0024928472183291398	0.0	0.010225305466041393	0.002413420230353405	0.006419432265611064	0.0007094320675443517	0.004311272096265174	0.006337657820122128
GRAMD1C	0.0015678329228288295	0.0029110179245143393	0.005657144074251113	0.0	0.004571072234077411	0.004999840841559243	0.00399370570967171	0.007051429435513976	0.0019597385930714777
EPHB1	0.00855592502623685	0.004540275007468479	0.0	0.0025035668718987915	0.0028351196806781862	0.0032858010891029395	0.0005623193309397472	0.0009764272930502635	0.005353816457942852
SLC33A1	0.0005457025173830904	0.0024297412481892365	0.004932853825040891	0.0	0.004162366499561027	0.002116486151221669	0.01087058630119627	0.0055022470930717994	0.0030540660145826288
B3GALNT1	0.004584483277618679	0.0025500842117813266	0.0	0.0053979608481418894	0.001731351863844359	0.005275035749333841	0.00380183531760108	0.0041484843679318595	0.003826304771059759
SLITRK3	0.0027305070217349425	0.003287159222073996	0.006553471463838031	0.001762161878383632	0.004182989725832853	0.004760109335178147	0.001243549467166209	0.0066542592061691885	0.0
PLD1	0.002431857652227264	0.0019149205364833123	0.002885405939274821	0.00395828729172934	0.0022996916649317433	0.006702051737711072	0.00847311899335957	0.0	0.0035577980104282464
KNG1	0.0030067970497385708	0.002927781794658582	0.0005847424249669695	0.002048505427878192	0.004487943003598614	0.004119859629093933	0.0029726898826699065	0.011494533677956224	0.0010957357763219282
EIF4A2	0.00720973933654397	0.002724424440034208	0.0020313213879145286	0.0039618649977198475	0.00519750021105234	0.0	0.0037209177118369885	0.0	0.00417370261893949
SPON2	0.00526275840236264	0.0014016433677878067	0.0018146044137055395	0.007595327702281828	0.008482370107170754	0.001462946738132817	0.001797152326656606	0.0	0.0018960322650067325
MSX1	0.0015928798739529132	0.0028212788261740215	0.006571893258238714	0.0014699374299065543	0.004335654881474321	0.0032494321276819987	0.00048622442558504187	0.006977478716316141	0.0048758773177792454
WFS1	0.0016807599782026597	0.004477574121478398	0.007271342003569691	0.0005584037224075988	0.0028166789668950865	0.00522544192098854	0.0009455646296686514	0.006658286969008366	0.0020401020088180797
WDR1	0.004078658633296201	0.007327108995219812	0.004018739311974362	0.004894087511481539	0.0022885545897525354	0.0040600248569633785	0.0018736570321105895	0.0	0.0
C1QTNF7	0.0006177054617391817	0.002016713143693879	0.006227336339419858	0.0	0.004120637022835107	0.006251604273855638	0.004826569606673387	0.00559976040953145	0.003790684425435278
GABRB1	0.0031348145570115355	0.0036817790477152736	0.006501332947455838	0.0020034805912334383	0.009127593873451847	0.000622737032322739	0.0	0.004563721006556666	0.000787097928063392
RASL11B	0.00048631472480621435	0.0028400747679363275	0.006611511535430297	0.002069129968377708	0.0043514445415338545	0.004759365475054996	0.0037001987266986245	0.007359294188119114	0.000516520222686902
THEGL	0.002160866743985027	0.002560765276233281	0.0004948034431707408	0.007046005695791071	0.0016279255757252144	0.009032661350358318	0.0	0.00543849147286486	0.004292526455570683
COQ2	0.002844225237099562	0.002654932052873491	0.006055147597854569	0.0021336749040453493	0.00231720140787686	0.003935875314007954	0.002061232319380075	0.006558504763401686	0.0031599975547472003
ABCG2	0.0018666768188946952	0.006873355683807641	0.006706220755189768	0.003580047703831431	0.0017518749107910548	0.0028960553950596246	0.0011465952622853723	0.0034222974957721433	0.0019995168029704603
METAP1	0.0030895947120093263	0.0008691495960507327	0.00954549585321915	0.0	0.0024660692533439352	0.0022168375483724422	0.004170287510684918	0.0032834199129740476	0.006248452159135963
DAPP1	0.007428734212776129	0.00615438787845856	0.00014648089993579255	0.004954046765579414	0.004629456161178323	0.0036102590966222456	0.0	0.0	0.0009103120381297858
MAD2L1	0.003963152666987278	0.007311177002466304	0.0028181613451826485	0.006658304514949872	0.003446431352871338	5.499353101749948e-05	0.0	0.0022021269503347063	0.0025616373731844836
TMEM154	0.0	0.005701987799684691	0.00027786927264728456	0.0023673540085620936	0.008193159625974427	0.004002673178489603	0.0026790845778564753	0.0037650476732926166	0.006392176439278359
PLRG1	0.005021677529270023	0.003240321917251689	0.0	0.004163474526973967	0.0008491237904335539	0.0032714984601233937	0.005110656697504737	0.0018492113097033098	0.00786250050464752
TDO2	0.004329297725617209	0.0	0.00486499171118621	0.005667792112464669	0.000385781749857477	0.0032280319100534407	0.008024422676340974	0.0020382435192305396	0.002527277948363594
GPBP1	0.006808563557525728	0.0	0.0019525252506740669	0.003828034822942201	0.003123356905407982	0.006053711038671875	0.0032631101188666783	0.0001104059539363775	0.005335749912066513
TRAPPC13	0.0	0.0034708295264195455	0.003040069398801034	0.0035178411207306866	0.0020550348082460698	0.006512184104356599	0.004462512299154782	0.008049299557751795	0.0024891911179491686
VCAN	0.0004603615864163631	0.0007921869690548878	0.006086564798967522	0.0003558554753033186	0.004614064996423539	0.006583604261601243	0.004095123271038506	0.0024567599192526885	0.008545604192345424
LMNB1	0.005543480777057648	1.4041429426524628e-05	0.0010537054924366772	0.0034078895541263757	0.0014343510898227065	0.005979099579215736	0.007424182883519646	0.001216070495858848	0.005504585028897269
FAM13B	0.006222054015599589	0.007595529426236233	0.0032846096784480286	0.005928434848187507	0.0	0.004182136095776414	0.0	0.00010185911610284622	0.0
MZB1	0.00036309583798187163	0.004424801308516418	0.005010150988767046	0.005503615365944317	0.005611118425851424	0.0	0.0016602466870190445	0.006339337152891853	0.0032239748935445254
PCDHGA12	0.003411012879031718	0.001840467629126339	0.0	0.006930621464737703	0.000805994977322578	0.0029773537901972213	0.0068854539579042565	0.0025060523141291844	0.006898344745757485
PCDHGC3	0.006595847430811229	0.0012455428639491257	0.0006434159530861543	0.006569630549197407	0.00047513756804062326	0.0054277090452632465	0.002900565497789161	0.0030390130997503075	0.003185910730174198
YIPF5	0.004492284272511793	0.00563860349983559	0.0	0.006961756534760217	0.006773396551439946	0.0001550373003068331	0.0	0.00046543307279411743	0.005318370084364259
DPYSL3	0.0003460214281138724	0.0031374078489626923	0.004325647505532407	0.0015906286813406692	0.0035741012954914847	0.004058568311422335	0.005785380055383073	0.0079970792648382	0.0027545350068904203
RPL26L1	0.00301017556209889	0.008009875880840874	0.005688744546701405	0.0020042242165616447	0.002010963609833671	0.00226561484038408	0.0026646606652965424	0.0038550483571548446	0.0
SYCP2L	0.004545142177148248	0.0002700529807574638	0.0019409395013603435	0.0066181029257004875	0.0018111877609804032	0.006144726060279217	0.0008291349472651402	0.003221033080847069	0.0061871153566851345
PPP1R10	0.0016023789516434706	0.004405743023106294	0.004945660228107189	0.0008899203999167449	0.004872930465729976	0.001212667220675406	0.005621810842035158	0.0031057562626749086	0.005544033301643347
PSORS1C1	0.0012423648592105902	0.0034654347391356154	0.004991982079263339	0.0018246042485463433	0.0035275152301862726	0.0037791726667313163	0.0037150113940559813	0.006287008296741088	0.003793872424411722
LTA	0.0022020621456480586	0.0009650064327562502	0.006169178268732858	0.0	0.0031822546710295802	0.0032370773228734364	0.00718626736954539	0.005682655609657312	0.004376037810500057
ANKS1A	0.0003845640292953793	0.0003125510634800414	0.006878093425087242	0.0026377761663209797	0.003936775702715306	0.006483320373107544	0.004316006786314545	0.006693893146630294	0.001855439262403846
PPP2R5D	0.0028669328896610193	0.0034860785363630457	0.008203857082927606	0.0019040149942107624	0.004325977957403978	0.0	0.004055102082262453	0.0028860224357348248	0.002859270217160838
MEA1	0.0011938520037556182	0.005044693120626723	0.0075886567581602855	0.0008322583926374997	0.003499408489751432	0.0032936094790967365	0.0027054995441694123	0.003287612091982023	0.004032047882345242
TRAM2	0.0053240101378660126	0.00032894119321341366	0.0	0.006820041411689873	0.0020486432439182157	0.0050724081066805095	0.0018904940059652935	0.004763654600440023	0.005330986571774422
ELOVL5	0.006029746664970203	0.0005787641619329966	0.0006207805084780284	0.007701455877927927	0.002704770692039765	0.005412121955940226	0.00034445310433100417	0.0048488778495071605	0.0022075485299276982
KHDRBS2	0.00495459671568081	0.006842508864713356	0.0	0.003010580787458795	0.0005565808698260459	0.008132185764178894	0.0	0.000597245948864196	0.006217232293770962
KHDC1L	0.0018260625348775334	0.0021647950198700103	0.0065163637877018	0.002719651593997735	0.004408055108631972	0.0019465723765615857	0.0031928379924953515	0.002080850504497533	0.00726847369003345
SENP6	0.001723019224611356	0.006000431671219922	0.0005125611074635294	0.010115904875619216	0.0	0.0048652853094175086	0.0	0.004842363206508427	0.0031787409170385534
RAB32	0.0031506200690845122	0.004248998724679837	0.0036579885821416947	0.0	0.005804536093034091	0.004699105821545125	0.002411782763661705	0.001816948542629133	0.0057417386808574925
PRKN	0.0002939612973025045	0.004954785024344745	0.006133574637752354	0.0006197662617598513	0.005744047677352627	0.0029522318528353055	0.0027485072420859046	0.005085145189723957	0.0038618254044444147
PDE10A	0.0025638844627705742	0.005787461312015455	0.00486068348061595	0.002291564309215254	0.0035966578955207605	0.0	0.0007595648501621946	0.006403798954241533	0.005148597336736086
SMOC2	0.006915854573951548	0.0	0.003178507653874672	0.0032657035650360783	0.006484295160101961	0.0009912254820499688	0.005055204596646705	0.0	0.004154379123117595
SCIN	0.002494847304192647	0.001733583973650033	0.00024801493645103733	0.007386368053467325	0.004019319154739286	0.003958778335822168	0.0029844293896149894	0.0073236759534255355	0.0022894004713967563
TWIST1	0.005686608178869245	0.0014320634027010417	0.0	0.006280662634092302	0.002461579907647713	0.006514852265610384	0.0008860462561333383	0.004817019998082244	0.002616647918978825
NPSR1	0.006225004408173672	0.006403693824649038	0.002965792009986044	0.0037251818294081612	0.0	0.003973613984441244	0.003560005226614794	0.0	0.0014910181329887825
EEPD1	0.0	0.0014326466174207125	0.00598083440989935	0.00014228426298678505	0.0035251764438367023	0.005834558648883648	0.008646181320855392	0.0014724374701221342	0.007053193647500978
PPIA	0.0	0.005892910036540991	0.00526980215955455	0.0020826197221727283	0.002532582915042756	0.00592598369618437	0.004089988366022243	0.004218602855891978	0.0022363758731900195
IGFBP1	0.0028808181003872326	0.004651804856925229	0.007431317939944595	0.0021084858297931905	0.003508590133488596	0.001992332859902773	0.0022607414729557537	0.004870145464528671	0.0005111613574412851
LANCL2	0.0017611300170932375	0.0051746051553316135	0.005018345080596045	0.0042503186052912706	0.004782327578728129	0.0016149746305794243	0.003514464230226339	0.004710755045353061	0.0
MAGI2	0.001806024287520064	0.009341397746533364	0.005309481525936284	0.00046661713080024933	0.005317770544063222	0.0	0.0018024895464757366	0.004053304595367362	0.001962618837550916
MTERF1	0.003028143783775127	0.0034213395883389876	0.0006746284303846968	0.002311022035140631	0.003819331424170136	0.006343787819868739	0.0016406409469754972	0.011129109426494616	0.0
PON3	0.008422104487825068	0.0004292697895304658	0.0039593846048073264	0.0018723421253306711	0.00207065734016991	0.0008226915693067618	0.004287861925167217	0.003732323075187022	0.003757100279127261
RNF148	0.005847499524546314	0.0040610234728216815	0.0031389531459472993	0.005719455456131181	0.0	0.0014677885678562094	0.003320146209267132	0.0020004925564713993	0.0037198079256361496
GRM8	0.003951730798389045	0.0038530572170803346	0.00424911384215662	0.001219225016991616	0.00347062145116389	0.0	0.002720078034561044	0.004973791928915066	0.006964576592787017
MKRN1	0.004126513378919229	0.006317487453514621	0.002101401857476247	0.008292212338123956	0.00010333468440893699	0.00627585810041722	0.0	0.0018684469916688347	0.0
PTPRN2	0.005471704985546748	0.004158798230882469	0.00020544584419112774	0.006346094961743511	0.0053782403207666505	0.003845246965496528	0.0016268847321343496	0.0020925951769224043	0.0001495071463292329
FBXO25	0.0016122710007491312	0.005267330716263068	0.0042417163578859236	0.0031467965926148056	0.00837586887606858	0.001260775881313557	0.001062212450635768	0.002020761160817013	0.00413233807500883
PPP1R3B	0.0	0.005687860557001587	0.006815358087020515	0.0025045424773711958	0.0030851246116543503	0.0030664061350620295	0.001138820091807236	0.004920354754252602	0.005114730565635235
CNOT7	0.006644098283376715	0.0001725057916725779	0.0010743377514530793	0.006016950527710692	0.0024411380827317327	0.006985613652537479	0.00036246559151732787	0.003724918384178424	0.0028975732072047027
ASH2L	0.0	0.0018154064491686802	0.00538081212358922	0.0021237065897296006	0.008834983534799284	0.005320918819777744	0.0019619921081056573	0.0034307607393261807	0.004604022978719768
OPRK1	0.0016043736665137954	0.004513665547744741	0.005620348550328291	0.0009933080223339086	0.0021105043264143955	0.0032334769349473924	0.003418498435467497	0.000534716689160432	0.010166086266301205
COPS5	0.00015265256343693283	0.0036099031462782237	0.006303478290617485	0.0	0.005330959942916262	0.006681100459292924	0.002431341809010189	0.0016645101986670055	0.006875187921195095
PREX2	0.006810312647065129	0.0036488417407254067	0.000535496641803077	0.006630527303745828	0.003029036726027517	0.0027734627848473373	0.004768028104064892	0.00035805422713793515	0.0
CPQ	0.0010794712281066026	0.004505822254730453	0.006634592675366109	0.0023023012116547797	0.00248566964772867	0.006051144313726424	0.0	0.005613764537871154	0.0032213429622630534
CHRAC1	0.006547784569043207	0.0	0.0020787773030326597	0.0015500577425641062	0.004452708184017829	0.001758390106518096	0.006737246300467951	0.0	0.008033040084801985
ARC	0.0034283343224697296	0.008735461178434129	0.003667460073800935	0.0035637543419128315	0.0024555546218140425	0.0019444007221074019	0.0	0.0039262220295029175	0.0015356457964884353
MAFA	0.0028666891415740836	0.0032586873793224733	0.001939869176246795	0.005522756552633514	0.0037444467890744636	0.0034687680282056432	0.004875701575332031	0.0011306587900611856	0.004561587005052386
SPAG8	0.007136786609436031	0.0015662257953000943	0.0024726105994963992	0.002737037572631201	0.0003051319424282143	0.0027431920984610793	0.0077637970903062445	0.000904203316700093	0.004211894022533001
ZNF169	0.004732162183928346	0.004891777879620382	0.0033030887866326935	0.003476043144473734	0.0024913987625538475	0.0007090934363431562	0.009827772784806007	0.0	0.0
ERCC6L2	0.004679657259618475	0.004063617731445794	0.0	0.004143429882444272	0.0088555769036613	0.003033590637935257	0.0	0.0	0.005799415561591535
TRMO	0.0033674803798767862	0.00835976857262481	0.004416300001921209	0.004769648685590599	0.0007338558398447113	0.004229624766215422	0.00010450604083229275	0.000649922374074482	0.002519730241738988
ATP6V1G1	0.0014891160289180008	0.003754887373008407	0.00457607093460016	0.0012935348235994795	0.0078091714540672545	0.003787847113341367	0.0020714720844326995	0.003193084040628084	0.004065636760116345
TTLL11	0.0036512903980245336	0.0009695382723682127	0.0019526242855584307	0.008322387310605979	0.0022913796587213753	0.00754827953352125	0.0008935049173891189	0.0027697714923269607	0.0028858752481512252
NAIF1	0.005452710555350614	0.004130039298603852	0.00345163435649578	0.004460054625145488	0.0007833018019485405	0.005311104672750183	0.0	0.004088399430162375	0.0019786673919941636
SPACA9	0.0017374637343624685	0.002408208261322711	0.0016992328242477156	0.0036118608875480595	0.011115924283615899	0.0	0.004009283830458827	0.006343551003757448	0.0016253862718038279
IDI2	0.003951356412672213	0.008393936146905886	0.0	0.005000448323146549	0.0	0.004487876163314502	0.004249127781086753	0.0015381866468537591	0.002277172719361393
NMT2	0.0	0.001994380443989303	0.0	0.0024015059056369695	0.007032793977412675	0.00532143024494893	0.006740126269637719	0.006887665215196894	0.004591016163640168
HK1	0.004362730593496427	0.0065102506381273986	0.001611250435390265	0.005498254338098634	0.0035627129407558135	0.0	0.0021780997676708377	0.004338048809125275	0.0016700469669238094
NRG3	0.0027017535707334617	0.0037234418211664054	0.003267608343323394	0.0017486691485328202	0.005752877779206976	0.006075700036942029	0.0011546463212817714	0.006032480068571823	0.0011282440699669526
CRTAC1	0.0007205444762044081	0.0027825163459764607	0.0011614920597604098	0.005175192543761176	0.0038988392051010606	0.0041825191399724425	0.00887363254765914	0.0012449149585207697	0.005097787887110706
CNNM1	0.0007895179863217875	0.006363142915128486	0.005295550685623794	0.0016336231790673864	0.003935135346507074	0.0018854214706750594	0.005877739743934723	0.005643893929903156	0.00011041462547493071
CHUK	0.00013345605575618814	0.004417651710680152	0.004428933050511693	0.0	0.0028307364197898647	0.003430828145362261	0.0074241799130621774	0.0034657814922738842	0.007380702578283102
ELOVL3	0.003725038510642369	0.0031283727124018987	0.003101656864708708	0.0	0.007883369563004004	0.0	0.002465857484743662	0.005062796908266504	0.006639310963156228
C10orf95	0.002519172586992047	0.006386707974021045	0.003355056688152826	0.0022950288860433166	0.000952474237712833	0.00108628587801038	0.003581205227304652	0.0063945433069511155	0.004781203368735165
MRGPRE	0.0031785084129481297	0.002460958495915632	0.0020364552351287797	0.005655239699745504	0.0	0.005452120000701513	0.005185570258871282	0.0020252506110653655	0.005809944636488486
SMPD1	0.0037882436807100835	0.001597415946883894	0.005391982500654246	0.003255260989986983	0.0008917036868296157	0.002765676735953869	0.004977380003561905	0.0	0.008958242457551157
TUB	0.004669428115400855	0.004769047942115249	0.008831783970231094	0.0005930972396282541	0.0029396570111572488	0.0014977592702669332	0.0006873032546219299	0.0007314838117986075	0.00427417119720512
PDHX	0.006792536939614143	0.001809140339785369	0.001445316801983615	0.0034300998133649035	0.005593131960707133	0.000408784979369073	0.007558334883621792	0.0	0.002587325488518072
FLRT1	0.0	0.005010813448612161	0.0065742436165588175	0.0005854093574054664	0.006294363135441124	0.003797973691905601	0.00423406857174261	0.0	0.005753801172527488
MAP4K2	0.003166448210483072	0.003665116920663574	0.004154223353282429	0.0060086267838864805	0.0	0.007587906520658135	0.0	0.001075652131976311	0.005203296575865617
ZNHIT2	0.0016518856162523216	0.008358835590194198	0.0014388263164509909	0.0039049331880680427	0.006094525293212259	0.0	3.7393200127705426e-06	0.005659073079361198	0.0040422872098574425
CATSPER1	0.0021338756366599382	0.0014680323004827276	0.0010186106070283016	0.004123928005748718	0.008732566219655964	0.005272470204449792	0.0015610270015522034	0.007783002399579567	0.0007146599001213415
PAK1	0.0010547889805254172	0.0010133807025559589	0.005257578604994506	0.005749403046792671	0.006487320206346644	0.0003357245835918	0.002714474229675687	0.008345157929535186	0.0017394981463520274
MED17	0.006520265988140598	0.0031461408506896155	0.001094146867126379	0.006126530378353005	0.0011326082152072307	0.0018384948849312452	0.0050496539817063	0.003270470613252432	0.0012069432050676133
PDGFD	0.0027882907685832566	0.0023156204570240107	0.005080702637852766	0.002108216611935523	0.0036947309551809454	0.0036628960118500866	0.0020550116313663236	0.010214440768153804	0.0
SIK2	0.006117521429944238	0.006779728058691941	0.0011394801624625948	0.00462355115187032	0.004726433589920407	0.0016701688843479233	0.0014620948191599154	0.0011102575689709167	0.0005636518197029093
TMPRSS5	0.005639839468056479	0.002278792766843891	0.000592421298663871	0.00766168160816015	0.0031435243543781024	0.001868209241817222	0.0030181409626681695	0.002751860388948954	0.003096168767614107
THY1	0.002561809566511112	0.003153890673686618	0.004893705015497795	0.0044303433127324396	0.004849063273944402	0.004659963071782809	0.0	0.004111396864776207	0.002712568065823286
TBRG1	0.002159867214121171	0.0060060717611993	0.002314787741361737	0.0031448349996608025	0.003095803523661064	0.0	0.005208419844513716	0.00892893719006983	0.0006815386183693606
GSG1	0.00039859161792459285	0.003094591518659397	0.0032127739198813364	0.0015888044125632874	0.005626712415127759	0.004695584674188751	0.0052140626495924495	0.003507382901410876	0.006257800389331705
ITPR2	0.006632613259728908	0.0035032158303700536	0.0023596347393263417	0.0044491638292721266	0.00038275966459497046	0.0008717114266708939	0.007363811116258188	0.0012444232884967785	0.002198900014443471
ATP5MC2	0.0065748522562216515	0.004726429085927132	0.0032914180538124475	0.003470900702136038	0.0027902816099736904	0.0015666903519089106	0.004651207252982182	0.0	0.0013792698383910292
INHBE	0.005084512729167371	0.0	0.003483057687232304	0.0031475714148373342	0.002112131375642742	0.00644119439829392	0.0038272762527954006	0.0	0.007507301978312728
CPM	0.0006604664189844246	0.003252465481979671	0.00282467026984631	0.0015160689724567516	0.004964686318024524	0.008694660048961411	0.0	0.005107771250018594	0.006657263366913369
TPH2	0.00348302512058246	0.001713342921942512	0.0019407505131063233	0.0030436878969690097	0.005391373545526311	0.00519331084643176	0.009018005683541695	0.0017434123021693691	0.0
E2F7	0.0072896709124248	0.0	0.0053326838170390375	0.0032364023610971467	0.0016121525744054877	0.002787979393182558	0.004020322814788438	0.0001315349245064926	0.005079576512351127
CDK17	0.0072690800852952655	0.0019862694495404805	0.0016442961955115331	0.0014650863690538528	0.0005661891945099568	0.004620827320266828	0.005856690831388892	0.0	0.00676001781084842
NUAK1	0.0056336406340284995	0.004992124076206148	0.0	0.005979707597984353	0.007232685194601741	0.0	0.0011523189010157662	0.0	0.004636527244880911
ALKBH2	0.003984388229400187	0.002818626461237105	0.005101144354186595	0.0	0.0037204997809398453	0.003486684188882366	0.0033530154816585104	0.006718410468855031	0.002183509367053271
TMEM116	0.007174907041904379	0.002333754196080984	0.00042383576975830984	0.0004352468518558838	0.0038476742249804506	0.004030437630140407	0.004866097335755937	0.0	0.007322184343460936
P2RX4	0.0029270814423753176	0.006287087687519138	0.00017625348950032834	0.0017063609508025759	0.0033672438805697636	0.0049884568709259855	0.005060222866715649	0.005268156120830345	0.0017727277578216871
RHOF	0.00030121978183737287	0.0033477354765861183	0.0039432789714647625	0.0014909887770492348	0.004031873708083475	0.0069667468326497775	0.0018819757025980266	0.007684285032162682	0.0038710828011022714
LRCOL1	0.0034129048526718117	0.0006441555406520279	0.0044802402136048265	0.0018210230901024211	0.005872387787560826	0.0	0.0038307510313265675	0.01007298498313163	0.0024123912442457892
MIPEP	0.0049160714230844045	0.0027903780225543287	0.0004264755715895266	0.0046882263670693985	0.0	0.005414395144901533	0.005739979288469526	0.0007478919618033254	0.00643157800423139
RFXAP	0.002235817564562144	0.0025506748486151163	0.00977616665245873	0.0010699758455441147	0.002978300992644306	0.001814651913639115	0.003226796661140973	0.0033192422104371664	0.004253444146984106
KCNRG	0.00023785740485058097	0.0011373377699839462	0.005760747208606072	0.0	0.004834308856749496	0.006248219740139159	0.005902183163166335	0.005244995525396432	0.004717507541693865
KLHL1	0.0	0.004613932261320291	0.0012504631042462193	0.00163834077406987	0.005406902601362384	0.008020651517056667	0.003617954082966675	0.007113573966744588	0.0019817300456244336
PNP	0.002742171729694974	0.0016472156476471434	0.0027407971427041576	0.0032014085001952483	0.00026461436166781775	0.001510718558750094	0.011386303301755819	0.0010930398616572298	0.008132272183259327
NDRG2	0.0	0.004613844829681131	0.004926747905542257	0.0	0.00417500829375648	0.00419141696836986	0.0066750249061248755	0.003635863834848559	0.005230990093500618
BCL2L2	0.0015139145719256799	0.006362996159553389	0.005491565800338805	0.003701487318061639	0.0008826574861792972	0.005473943519603689	0.0017721073577014513	0.005694399745443427	0.0
MDP1	0.0049406330822077465	0.008301794713380167	0.0033797409791833754	0.005474026822519432	0.0013718350329435629	0.0018414951893149128	0.002673879633323273	0.0	0.0
SDR39U1	0.0	0.004319344414172146	0.006633748248443754	0.001573428586372786	0.0036652544995910297	0.0025475484649364667	0.006718992017974759	0.005329523288234141	0.0018143631880134013
BATF	0.002587600057548681	0.0050317453004422585	0.0025898028966293445	0.0011379469128021324	0.009332416346426932	0.0	0.0005815104741150755	0.007183657093358179	0.0032256790514510734
DDX24	0.006326453334542385	0.00015907204863868662	0.0026175724108696233	0.0028224312590214417	0.004657853117915318	0.004101945120477003	0.004217729858630404	0.0013262334618953887	0.004211839860230732
SETD3	0.0007713649073085893	0.003835659177852075	0.002225349820734845	0.002966820861106178	0.004168679404154276	0.0026423123602963214	0.007345236707111867	0.00779485482469656	0.0013519230107546625
ZNF839	0.0075546704285658055	0.00167180453721649	0.0	0.004457257997029954	0.004780638157729928	0.0011637466440530368	0.0028426951714061854	0.001806925883172101	0.005657985790591922
IVD	0.005175184761799792	0.0009552349686697857	0.0009869529700250504	0.002537122106501588	0.0036396969884962375	0.0033388372340046137	0.006561151375523294	0.0008942739646406537	0.007566905417038624
SLC30A4	0.002988024507363497	0.006008386005307452	0.0037786932904365885	0.0037786979058185215	0.002631121636976693	0.0030587649693248624	0.0	0.006286915184511448	0.002312635464026403
FBN1	0.001777593320816437	0.0008032802394025686	0.0002253442130936933	0.006960459897574863	0.006241499809004099	0.005221555381151481	0.008392007967434065	0.002136266458026384	0.000852714294231025
CIAO2A	0.0013728764347456708	0.0035538156752271655	0.007167496156822296	0.0014510871734755833	0.002393266158369085	0.0047798418194570525	0.001730207425269213	0.001788214586168362	0.007958685251232831
MYO9A	0.00010731192455402632	0.0017173056613418941	0.007272183487685989	0.0017656864511028964	0.0052381180226804885	0.005349215395042539	0.0036491296758047625	0.004097789178405127	0.003965534810390982
ANKRD34C	0.0006318589258462105	0.0058769786284790125	0.005987968516565518	0.0042753886358693595	0.002113786751975956	0.004143856838336588	0.0015026824334307008	0.0056034429923676275	0.0012304404678123416
BNC1	0.004160805813303285	0.0	0.003073883124197726	0.000856991493026003	0.0024519125829971186	0.007450279628285893	0.00564609633931208	0.0	0.009083298223034567
LINS1	0.006123471700540119	0.004740924829457569	0.0011944680781758661	0.002848663282490502	0.005529323616430258	0.0	0.0027556409875018756	0.0	0.006432406060439539
MYH11	0.002413301296122439	0.0034989329384350165	0.005789744963996856	0.002095910883561034	0.001233175099632883	0.004942628187172869	0.0018228747450269509	0.005930849798600603	0.004069192165204138
NUPR1	0.003903468123844231	0.0038082380731387505	0.003526990612666449	0.0041973321908610715	0.0025139257133192667	0.004364740700653211	0.0015078843381811332	0.0039498741385922695	0.0028955800210122046
TAOK2	0.0014463748566091274	0.00809534611992613	0.004001627435901766	0.00133641209476604	0.005151583216264806	0.0	0.002264826416970914	0.0035276905418988856	0.005461355723768645
ALDOA	0.005507722009338149	0.006201528803775375	0.00045630775014736554	0.00309929073883966	0.004955828686495192	0.004757421484426105	0.0016248056144577885	0.0008579146818472119	0.0018621527583821227
TMEM265	0.00016987620333950705	0.0023527610152440123	0.003985772871558809	0.001939430130059715	0.008872750458478974	0.006764849384686513	0.0017900010649812938	0.005873855322676045	0.0015697205827507955
CNGB1	0.004626829576398097	0.0064745844266206505	0.003532693181627691	0.006454498000634988	0.0015998507172160644	0.0029460471626166383	0.002879057117682116	0.0	0.0
TEPP	0.005165722741529942	0.003428562775568116	0.002330229992211117	0.0033571387044893817	0.004429566995750402	0.00014588652482087872	0.0	0.008602032076665727	0.0032046401013633443
RRAD	0.006724119343858381	0.005198586187616081	0.0015528159744138343	0.005007986179336846	0.0020511604301695764	0.002769249095544018	0.004129483118449515	0.0	0.0008279304680780469
ENKD1	0.0006713907709724015	0.004655792148016022	0.00322403475908943	0.001449451257508578	0.005277991091731912	0.0072977271724801035	0.0006580151983208303	0.005490303781633459	0.004166953048287958
FCSK	0.0	0.004894594179052754	0.004219237091342473	0.0017108194874672048	0.008507381605914455	0.004380887107450601	0.0024589007804106397	0.005406999463852398	0.0010867579210581246
DHODH	0.0027314707037875536	0.0018032345778796104	0.007199046587341158	0.00020592921211410074	0.007307440685921062	0.0034863831932372795	0.0011911325064333682	0.0016137089775584014	0.006106206455850937
CFDP1	0.00042201302679567164	0.005821226004820151	0.0019481921880109055	0.0014129647514996924	0.00928803436293169	2.0664797370672843e-05	0.004195490193088678	0.0049838989691239404	0.004593197086200368
ADAT1	0.006884910812513878	0.0021199748613172763	0.0	0.005388412015308023	0.0037208336488203414	0.0	0.005469903451345433	0.0021847710882344083	0.004349290852668653
MBTPS1	0.006836194399362257	0.0041288445844624684	0.0035303608009456693	0.0026628806757750556	0.0029708650855576036	0.0019081313661723723	0.00222843707579198	0.0	0.004670893443761792
SPATA2L	0.0021091666072236156	0.0038391045960884745	0.003375368156913187	0.004198147403025693	0.0029379357407759835	0.0025360541499039406	0.0050879626187749685	0.007685983498751991	0.0
CRK	0.001666797831815163	0.005480254934021474	0.003833174092472944	0.004080835008783074	0.009130857133869547	0.0014155226412876454	0.0003383093763824356	0.0035809942868486387	0.0013516439443760743
SERPINF1	0.00508948015043883	0.0020667245256144424	0.004010119091964426	0.007253767245251053	0.0015734233756574706	0.0	0.005730493944330058	0.004170015048916538	0.0
RABEP1	0.0	0.003941666438198404	0.004140307862137645	0.0042033595912623675	0.0035913210199071365	0.0049143136990929285	0.002707191094948084	0.00813495609395496	0.0013365954572665316
EIF5A	0.007175216155227858	0.002379285180111182	0.00027467868760182453	0.0040553178172513	0.0065488914059493334	0.0003324445239020281	0.002247807496544319	0.004793000355465237	0.0017657426198702051
POLR2A	0.0018928481513475846	0.004772765422602037	0.002680026276574771	0.00610445905193308	0.0025896987079100132	0.0037810852540215343	0.0010890875496343644	0.002441772495023446	0.006179201924867277
HS3ST3B1	0.005793478093794284	0.0012960977270631887	0.002223418054534339	0.0064769533332845975	0.00282077742897016	0.00614810077693769	0.00038279474422174526	0.001900972705332991	0.0029073129488159633
AKAP10	0.003952559248795859	0.0054628865234449915	0.003701738126306171	0.006506500340665777	0.002502548319987975	0.0037197154788197223	0.0	0.0021905218858808318	0.001273540502481194
MAP2K3	0.0032696449907962783	0.004419677358308577	0.00683450563950949	0.0006754847887434081	0.004362190545220543	0.0016477428080841341	0.001811998482417292	0.00761093440363146	0.0
SUZ12	0.0031918969571248664	0.0046061808321267005	0.0019415407473653743	0.0	0.008197897981336476	0.001670468002884026	0.001673365707306663	0.007025255249137927	0.0036605652022538193
CCL3	0.007523791528447205	0.0064925232033210155	0.002452323697874338	0.0	0.00179303530153028	0.005488141201679348	0.0016691118195197193	0.0	0.0026933929729233176
CCL4L2	0.008455382734200758	0.0018402463012600959	0.00010815971973823697	0.0045724753883035945	0.004174239638426519	0.002476186180222004	0.0019453329578854827	0.000590682350030374	0.004724684210896368
ACACA	0.006488012714241219	0.0	0.0024069553787823723	0.005648688580356472	0.0005764403036340638	0.005580943628546921	0.0032516704334549103	0.0037698539619364048	0.002885727711633949
LASP1	0.004922290620263012	0.0	0.0	0.0038718887098308677	0.0013014254891501095	0.004646650314158399	0.008944327402477852	0.001010667774557185	0.007638434778236853
NR1D1	0.004511516885241991	0.0038916810240560928	0.003392624663941373	0.006599331281281789	0.00600575473929262	0.00094395599429449	0.0003173227110248219	0.0020590829011351607	0.001712620268214077
GJD3	0.0022841075610699224	0.0	0.0023354911172403553	0.008307073198756194	0.0029601923513666297	0.008037496995876454	0.00013597095303001869	0.005488779463908828	0.003116177240028349
KLHL11	0.006484184591412462	0.001691107981607553	0.004816661828100429	0.005815464044154997	0.0008847951955906924	0.001944409291992703	0.00150438620137337	0.0013794528952768342	0.0047098116576999504
KAT2A	0.0045292999916081815	0.002164672012814366	0.0010972068309244836	0.007367833770286038	0.0028896082689364336	0.0011944167335474257	0.008394522771396129	0.0028658181873047845	0.0
PLEKHM1	0.004610405992424196	0.004177071160705847	0.004432984563398915	0.005043684738464835	0.002658565563077354	0.005842646312783471	0.0	0.0	0.002768872116677089
SNF8	0.003763398947659533	0.003821989151708782	0.003027826308436099	0.0013835175071898135	0.005743317012729145	0.00421047097383981	0.00118924757776183	0.0060777491861229585	0.001941783520193613
SMG8	0.001657609555675594	0.0011928246045591272	0.005014227608688314	0.0019980235297030824	0.005574163509504989	0.005333414429458262	0.0061405493548728225	0.005762586660256933	0.0
JMJD6	0.0039444008474795005	0.0	0.002943578819305262	0.007251332484878417	0.0013937269314095912	0.006339383671023044	0.0033991957202197587	0.003130947630367867	0.00321927761757662
LGALS3BP	0.0038979309477967733	0.0033458826408512016	0.010099045332927811	0.0013963039775229625	0.0011365511845707202	0.0013254409179065715	0.000514492118401763	0.004127400074395056	0.004180634689007364
GPS1	0.0049749306802405885	0.0	0.0025486455034134025	0.0032797022897317228	0.0009326792401708778	0.004533498218509843	0.005818144580643858	0.0	0.010098642343127835
CHMP1B	0.0022836203036129825	0.0026144884615168958	0.006618940980466487	0.003587967149484971	0.003434819679536832	0.0	0.004366508162430742	0.007592748302677162	0.0011150259106446987
AQP4	0.005393089713300588	0.0027348227559692486	0.000610708508028857	0.0057061308404333985	0.004929224547374518	0.003163805443090468	0.0005907788982190288	0.006067922065269764	0.0011128290199586138
IZUMO4	0.006606758358849484	0.0012479532025702691	0.0	0.005628188240864743	0.007235906727718597	0.0	0.005437250918599865	0.0026718794450977363	0.001257342513722287
HMG20B	0.0027201358782612504	0.005763459372359247	0.0023068138153263702	0.004731744278531188	0.003361700541888158	0.004492333994838176	0.0024617012905219305	0.00263172025622703	0.002148653012800518
UHRF1	0.002366341208809309	0.0062224198677828645	0.0	0.0036717365442548635	0.009421590190101083	0.0	0.0017664171018742648	0.004222206689311272	0.003703636401489964
KANK3	0.0021456755800701266	0.005025043979494206	0.0060073450303327735	0.0021410003431916267	0.004759955690385118	0.0053558662819948024	0.0	0.004294038978196327	0.0011029956915928237
MYO1F	0.005382381096519331	0.001834983730083624	0.0013511353473782896	0.0020812151158606813	0.0	0.008019237408744145	0.006580487349593916	0.0	0.006087917622106958
CNN1	0.0059907481062707	0.0015167823375801753	0.004375040733204358	0.00351817699775298	0.00260284857069459	0.00036949947474084925	0.003179838371051927	0.0017911471683604674	0.0068883211051131875
PKN1	0.00033132058338263947	0.00497670969399485	0.007804143867109711	0.005248335552751022	0.0038763802291027203	0.0	0.002896301446557068	0.0033082699545519197	0.0028534743057667695
OR10H5	0.0009468544020585604	0.0012846413215615053	0.008563469731511555	0.0	0.0037643252054173648	0.004557234136721066	0.004552791310820759	0.0031646677691016412	0.006162164224715888
TMEM38A	0.001419125759708491	0.003232400692354294	0.002067720300507214	0.0024344034072647912	0.004464505792072881	0.006167018064003822	0.004162022895491979	0.003320461654334744	0.005734327915978774
FCHO1	0.0008657417177381539	0.0017567268973777616	0.004670502339067612	0.00023495798122988857	0.0058872822525900025	0.0020337867564172206	0.006896427167548845	0.006109193344113349	0.0052849445039439
SLC25A42	0.0	0.005943076196548184	0.007611060486620778	0.0021064232954676795	0.0037256518570920887	0.0034239403912972046	0.002531307506098108	0.004402553952298761	0.0020136840799155733
ZNF599	0.0027419589461408858	0.005391604854532287	0.0045312174391573526	0.007103510321923106	0.0006227166409578565	0.002603564956812007	0.004628644284255277	0.0	0.0022457918756015097
PRX	0.004667100176329474	0.0011374477877897045	0.0038699578512535558	0.0014298807634435164	0.00247624866902286	0.00601474097677456	0.004716687115725514	0.005756757403377139	0.001296165944346166
SHANK1	0.003098237487380265	0.005688396637600567	0.004420814592711351	0.00621512269841809	0.0005249647262716959	0.0	0.006590818858856781	0.0018844464994694588	0.0013573100805888232
ZNF600	0.0012651951925680275	0.004520141280688777	0.005459090356391397	0.003989039342275423	0.004503668504976763	0.004949438429113482	0.0	0.004525366625399532	0.002260174223653221
LENG1	0.006672845973273191	0.0	0.003839599430049428	0.0041925965389719875	0.002678191766418021	0.0017344886533610672	0.0046476420652431715	0.0014058264841695768	0.0048935445745732446
NLRP7	0.0	0.004469660027572624	0.0040209187866882936	0.0035111705431954488	0.005859369521503952	0.004481903675374765	0.0014488854845467478	0.007526708642947102	0.0019602045627098185
RPL28	0.0009691526561781995	0.005220935128996668	0.004244199373060536	0.0003249864116780123	0.006691351836918117	0.00507130712142982	0.0017127619367502858	0.00550656083988107	0.002461046374317457
ZNF550	0.002990098735466496	0.0018670736020355433	0.0065520612436942615	0.0031879725032535086	0.0	0.005173584514725983	0.0028649199716651746	0.007222438341403214	0.0018538122762658947
FASTKD5	0.0072062772712055455	0.0032143730380314855	7.5580025042759e-05	0.006213090746369858	0.003174726656277379	0.0014765360872162053	0.003427711817093809	0.003497385228777183	0.0006468355425736709
PLCB4	0.006773723635140874	0.0019133581774776625	0.0021398832703034953	0.005037828615941917	0.0005363291552995984	0.002678380384635703	0.002622148526971966	0.002780934101913158	0.00545017985751266
ACSS1	0.005680395341351508	0.0018103037241798123	0.0003290317591591678	0.005189294933127884	0.004184873843614016	0.005773577625583437	0.004515360615390195	0.002782064235647364	0.0
GINS1	0.004538784492470078	0.003073304967409787	0.003583409141384974	0.009786552987859866	0.00198798488471199	0.0005595089505034394	0.0	0.002319829828238594	0.0036749877993489314
FAM217B	0.0009884959954442375	0.0006086200122931185	0.0034478185180039003	0.0018672795459131857	0.006877304272084586	0.005465503346228303	0.005501564687631386	0.0062659318297268235	0.0027741582241140295
GID8	0.0006907300421504471	0.002341213721331993	0.00478762915190397	0.00310009869815118	0.005112788355090365	0.005329534641469744	0.005423029682726424	0.005983342972182461	0.0
OPRL1	0.002162282110542135	0.004778514867043712	0.005423837305113686	0.0008222848776004691	0.0015639558655646934	0.0032388891315831936	0.00511023603938283	0.004990267056683679	0.003684251758890561
RCAN1	0.006690154569082489	0.0016846984063574036	0.001143195176595297	0.004412325107602753	0.0	0.0030483741173666134	0.00487711233171509	0.0015814111329306736	0.006933630699519268
CBR1	0.006235834160572018	0.005858025367430324	0.00467700395787445	0.00446997653523768	0.0013569287399864119	0.0018390257754400743	0.0012876843740808237	0.0004992603230904094	0.0015135946641855079
ICOSLG	0.005237822839736468	0.003820993676694693	0.0	0.00602023541399739	0.005929782369061678	0.0	0.0011019966807288672	0.004056333521270769	0.004357112047254751
UBE2L3	0.0054643470458045395	0.0031328036496203423	0.004161830535555995	0.00502481752329467	0.0011944657942072666	0.0	0.007362128979705725	0.0032187877602583527	0.0
GGT1	0.0025559040600702794	0.0	0.0012510103120450633	0.0019434905127047764	0.007995944616466742	0.0014872929008632198	0.0077608002670870695	0.009021424227218185	0.0016952046133638132
YWHAH	0.004709070269617778	0.000866246397494108	0.007460632702438422	0.006983565728459516	0.0007333402184134156	0.0024407653478071005	0.00018246446467841634	0.0029300575678132858	0.0035793558151600634
IL2RB	0.0053674488256987085	0.0024057851226362845	0.0	0.004046612171446938	0.00407140017337514	0.0028227756151081628	0.0059249613754744765	0.0026790633763860657	0.0037030571967251982
PRR5	0.0004565475638522004	0.004825213604399927	0.006996985380418465	0.002749568648683895	0.0024661187502021792	0.0031228705637226196	0.003574416198032012	0.007761292931095886	0.0
KIAA0930	0.0002451310003661211	0.004733772113784501	0.005818431570555372	0.0002996024383786254	0.0023121373725214153	0.004969527580544687	0.006979866794541806	0.005419577839129738	0.0018748952783265585
RS1	0.007279277638347059	0.0030944332773882224	0.0012908959840170577	0.0	0.0026972441496449407	0.005516628770698939	0.0046664971121861895	0.00012203880905790482	0.005225825874971694
OGT	0.0007449532433832685	0.006180742683592689	0.00456327535495529	0.003782831753112507	0.0013193077300850515	0.00453126880424359	0.004276995118922003	0.0046160770012202736	0.001830396191152799
CHIC1	0.0036087370673962772	0.006382315443326322	0.007459944085740236	0.000603215671494039	0.00011806250118457653	0.0016724438901447077	0.0023476893194109135	0.005073871384977475	0.0026328630540726128
BEX3	0.0021932967142258325	0.004810734012498178	0.0	0.007426271792286406	0.0054807719733041575	0.0041216471136290185	0.0039035384224253753	0.0005167567790474028	0.0029042259302020923
MORC4	0.005178769809678289	0.00317768865403686	0.001963784197241299	0.00468978506807586	0.0	0.002945042267406436	0.0070939137235613405	0.0	0.005360889407226652
GRIA3	0.001899060587520769	0.006667602077053192	0.002016213825785643	0.00019296364979943338	0.0030263922259032338	0.003942687238152345	0.006024662885477408	0.0044959374358712195	0.0035641944148220245
CD79A	0.0	0.004550313347980623	0.005255471290863045	0.004963109212021273	0.001133091339847207	0.001913138332156785	0.007972300034574026	0.0001533658417870721	0.006547368035791331
