gene	S0	S1	S2	S3	S4	S5	S6
TTLL10	2.1002238348356252	7.338107399467219	3.707277833016561	9.24958355841046	2.220446049250313e-16	4.422858001171871	8.572109056950655
MIB2	1.9002776006033215	4.5285330329232245	6.0925500998512785	3.4846802892616746	8.296281106277293	3.922965508989081	6.863663492373531
MMEL1	0.9088038366441635	8.053838399372625	4.035328075050272	8.327660737233732	2.524138825298893	9.874946674534272	1.0298684163294025
PER3	5.003192083046944	2.273874255400818	6.583826280792636	4.535876817904128	2.220446049250313e-16	10.098860232989466	5.224259499392046
CASZ1	3.198674739699785	9.696479214739261	4.9656341549250484	5.0037771706520155	5.356824711008542	3.8710396755819234	2.2894261212672338
PRDM2	1.6180846427195728	5.309959934400673	4.143931531399839	4.821507917301435	8.976477471364234	6.611830682648111	3.82267492397754
IFFO2	1.1670998060176714	8.379814814824094	5.012232195063737	8.876615316927463	4.050927521031827	3.927976180283678	3.62761174220902
ALPL	5.728412833494844	5.210275721631573	2.220446049250313e-16	3.306928578252743	16.240041233422286	5.228181316353812	2.220446049250313e-16
WNT4	6.280999138622444	2.220446049250313e-16	7.711673636841683	2.497820333487904	7.221235167290457	4.720579333460966	5.714123069890266
C1QB	3.820945164180929	1.2846838774272733	1.610067384817976	2.427953634811935	10.914389895166629	3.921801127317262	12.224857681519273
KDF1	8.210398701749904	8.265086721582193	3.712025969579058	3.982547012933238	2.220446049250313e-16	6.736180502105496	2.6428289933347866
HDAC1	5.2758581063397125	2.4397375233601473	8.041123852698789	9.23979412571428	2.0190593149655105	6.696335837278166	2.220446049250313e-16
GJA9	2.6163791102226477	6.970527366337677	7.7962235250023655	4.087856301940017	1.026509419998491	4.270899676863101	7.327989089812601
HEYL	3.7153166880347683	6.82204951011712	2.220446049250313e-16	4.614453580089334	16.850887939512944	3.427349434519126	0.6383153757884683
PPIH	1.5394223938554576	0.823781329258388	3.4081899177592443	5.491528239954214	10.52902150479636	1.9338035860958342	12.798697092042847
ERMAP	6.915149700234889	0.8255564345081314	1.1000824900935795	6.203871142306044	11.370583053413522	1.0622298608187357	8.532885524732023
CFAP57	5.072500904376944	2.220446049250313e-16	9.022470384623675	2.220446049250313e-16	6.404442893524997	2.372224209825247	11.552622525748907
SLC6A9	2.220446049250313e-16	1.1192789528354432	14.233433088759863	3.441107696534517	5.591990615165258	4.471497735131426	4.859932387696013
HPDL	4.151717474710675	1.3197936500062344	0.9371497129644091	7.875718782877144	4.169888854352388	7.844850184705866	9.465218125910269
NASP	4.295542753122818	8.385301183132027	4.619465994679962	9.903249647692114	2.7145644058015233	4.5637204186475016	2.220446049250313e-16
DMRTA2	3.366707547891308	3.7088680327405275	6.2358286896782165	4.357379683201938	10.100612448681318	6.192017983173982	0.5847464977900283
TTC39A	5.9516639603192125	6.695067786558475	6.729833893944502	1.568702656106204	1.8651055355421873	9.614599037005545	0.5635784970393232
SSBP3	2.043007539392841	2.220446049250313e-16	1.61425463966577	10.25473409563682	3.6372446334879878	4.566862758848937	14.647855292517526
DHCR24	2.989179516287252	1.4299235285694394	0.7190084381992481	5.123357918639627	9.005058009781	6.527707169320332	10.539114591634151
TMEM61	5.213770576941324	2.220446049250313e-16	2.106579753994218	6.540429573777811	5.387930648778677	0.6822726827104	16.42956628458516
PCSK9	4.389098278160785	6.763094499639671	4.3766929151536775	7.684928057309536	2.8160236718705636	6.887587519011456	1.401300793987371
DAB1	5.160054705150707	6.655493582880817	5.288442683025934	9.038903607661483	2.220446049250313e-16	5.441805427849285	2.643296285547293
PTGER3	1.6936022973542728	6.701093168222844	3.5507574567517906	8.876923139723646	0.342884021950125	6.011248650223163	8.143558569647434
NEGR1	2.9360308434364653	7.6828928094563675	6.570959727349084	3.283133706587951	2.220446049250313e-16	10.204158256180591	2.9048484138456816
LRRC53	3.9949546186992593	4.740633967612885	7.1225940844676146	5.364085519720243	0.5289577589299475	11.66019508914857	2.220446049250313e-16
SYDE2	6.259392161452069	8.458861963983793	7.193306566772378	2.220446049250313e-16	3.677518109999534	6.2337523695328585	1.4142582674194557
C1orf52	2.4223908602342	6.871251739694099	4.276373415921828	5.892624131728838	4.0806523130417425	8.270381750706855	2.879922410029345
DIPK1A	3.6484966571192197	9.47949079789889	2.220446049250313e-16	5.6794638081334785	0.9244358935129204	5.468793069560631	10.330892300844503
FNBP1L	2.6179331379108093	8.16314969615474	3.6283134109315345	7.9990116899728205	2.220446049250313e-16	10.37054842995444	1.8356364175279412
SLC25A24	3.3405852021607165	5.948907802302369	3.9279990893413377	5.03002320421459	3.4176254259142063	7.541451955590959	5.582269292484029
STRIP1	4.422095308548698	2.220446049250313e-16	8.2916243448351	4.2653648344175785	5.9679222403633	2.220446049250313e-16	12.143874664442162
CAPZA1	2.220446049250313e-16	2.2014074688849155	13.663803343792734	3.740320890191727	9.671282989887473	1.1631197594961584	3.605288450989412
LRIG2	4.539050448283476	3.590785270746112	7.345437843124618	1.5739167412557724	0.13586224618602127	8.485636559938232	7.990919417393409
OLFML3	3.157879000199091	7.181285305705524	3.4973689990787253	9.56733795190387	0.8275863442311007	3.6686508506433255	7.264318436885547
TRIM33	2.220446049250313e-16	7.4201657120231115	2.220446049250313e-16	3.440475544665153	17.58617832131079	5.071847790067936	3.2630680679598925
RNF115	7.909625192042912	0.24015803474178377	3.476294325048107	2.220446049250313e-16	14.7648151312846	6.207985119219426	2.004534648572958
CHD1L	2.796683955920828	3.0933388802647688	5.262228550639556	5.798745147813653	9.585690324530278	5.831794608696395	2.6248001853185174
CIART	2.804644841576663	2.220446049250313e-16	9.539815212424324	4.382976955793405	12.590293875396338	5.012114661833414	2.220446049250313e-16
GOLPH3L	0.7725085445997631	7.9068898591989	10.180344053551526	5.005466710955265	2.220446049250313e-16	9.331358984997562	0.07588482444814382
RFX5	1.981207076513557	9.388062166088316	2.220446049250313e-16	8.460331875213761	4.7589147653505055	10.270716025165758	0.5960474222664889
OAZ3	0.9000954324594468	5.245083514355198	10.532649673571218	6.129726565294526	2.220446049250313e-16	9.002296225931053	1.6526389101989043
LMNA	5.183100947841692	9.730365021452023	3.8560690216332434	3.5924761074210485	2.314614464752349	9.091592736887891	2.220446049250313e-16
NES	1.2607272678683685	2.412155803741241	3.99793119962839	8.179451710297187	3.804394160728747	8.885481193404024	7.0438558852540964
TMCO1	2.261581800456709	1.37932402861059	8.11906983110671	2.5065780269672135	9.838380550506047	1.6475890578391144	9.341043318442543
RCSD1	9.314457605040195	1.2274038493338235	2.52691409276146	2.692858492973917	14.441491058183292	3.333255719859129	1.2010968244014975
SCYL3	4.095672806339768	7.4612637299381195	4.181779269386568	7.9573601916949555	2.220446049250313e-16	7.539336913002576	3.089842376759436
ANGPTL1	1.1008121335741339	7.044078789249111	6.946714869127311	6.265734971095653	1.1344081647201723	2.5404699801062893	9.786092485495775
PTGS2	8.768057380636154	2.220446049250313e-16	4.139417552317868	2.220446049250313e-16	9.235856384557058	7.450358828735611	4.557134160571932
KDM5B	6.09935532174722	3.6151499644621605	10.646831331910459	5.226260634544195	2.220446049250313e-16	7.25493910087253	2.220446049250313e-16
MRPL55	0.6654704279974267	3.8989666013108053	0.5770348847635534	4.202025598296907	11.017754127786645	7.279693579878524	8.93275257566497
KCNK1	4.95212336389642	9.15717224166483	6.578152796634659	10.639641597338326	1.3333903378489564	0.7834463200931694	0.4647301209880368
WDR64	2.4334158660086196	4.694230440548743	10.659026734107481	5.455007834452033	2.220446049250313e-16	10.063574034382107	2.220446049250313e-16
SNTG2	7.540878486733996	4.405242353715767	6.751246685011181	4.791603860776744	2.220446049250313e-16	2.220446049250313e-16	10.604030323966235
KLF11	2.220446049250313e-16	4.893202620202289	5.866775486112568	10.75539981277648	2.251690988149039	7.41301119955628	4.03871828364731
GREB1	2.220446049250313e-16	0.8758579223530327	2.3952759641493326	6.076102396834092	7.363630461759138	5.84973286895132	14.283062373348603
NTSR2	6.826960909559732	3.552152305480206	1.7139639373566196	7.926262288859673	5.545414359767617	2.220446049250313e-16	10.068504581906804
CENPO	1.3760685310495304	6.26390789687083	8.11244175819167	2.220446049250313e-16	0.9428381984066441	8.639152188350524	8.650705968857814
ADGRF3	2.171136844627531	5.381375034648922	2.99849408288728	8.120631452052397	2.817775515641791	7.06762821083789	6.9261438911947275
FAM166C	2.220446049250313e-16	4.742309707931188	9.02612138470928	1.0154591857937634	5.899551499564739	4.670455360363908	9.470942031294314
KRTCAP3	6.1317776160722675	5.166055768092127	6.60523560268347	5.178064582888692	2.220446049250313e-16	10.08094708968325	0.0888841435118417
TOGARAM2	4.9402864406726925	3.2911490256364786	4.4321224112868265	2.220446049250313e-16	5.7895575117576605	3.293344594059053	13.266883337393539
PKDCC	1.7113148688013051	8.313235040197059	3.651257656934906	5.379248783961885	0.3432499341758879	5.133719478684937	10.605214454420912
HAAO	3.4865618397210105	8.158792196873375	5.847935396471755	4.0908726304537515	2.220446049250313e-16	6.0978247129074745	6.621614412244848
DYNC2LI1	2.1939564485448537	5.419063661513183	12.408476801870005	7.67381485089191	1.7787070577204287	3.8519175228772458	2.220446049250313e-16
ABCG5	4.845962934233867	1.7173500776291064	6.755712027261705	2.713729793838832	7.654326019122772	5.514848282310879	5.1659004072438
CFAP36	2.7953367001206297	2.220446049250313e-16	3.2277455389763023	2.220446049250313e-16	11.847242098647087	11.257577934714831	6.447695754137629
NFU1	0.29800471920256555	9.780071979688254	3.33395431223349	10.591318802046853	5.307605894906778	4.194508358343847	1.8913385542676782
TLX2	3.583894152340494	1.9713672934627855	7.47161617643048	0.42819541955462626	8.663971253181415	2.220446049250313e-16	13.23411720588911
AUP1	1.7772270371835162	9.565099928437322	2.220446049250313e-16	10.54806438773957	4.6826901228813815	3.6199582248150843	6.036369879117156
TACR1	5.738187309989806	2.220446049250313e-16	7.84374064346399	1.950088047758613	10.825809109589208	7.530007550744108	0.322738844345297
RNF181	1.1632990659693443	5.241837614082311	13.289273007287246	3.9033064251517673	3.10870253808356	3.336093560602785	3.136566120456726
PTCD3	4.2128760970877615	2.220446049250313e-16	7.677516382885676	3.5125942507494976	13.241733782849584	0.14688056541190253	6.299299165430687
INPP4A	4.392513907129666	7.254608606044918	5.071593944146363	4.576526198092538	2.220446049250313e-16	7.074853548804089	5.930897298882686
IL1R2	3.7718656607521748	5.68143501215466	13.301006760039458	6.522209352547691	2.220446049250313e-16	3.3242368405243923	2.220446049250313e-16
NPHP1	5.6180524891182415	6.702249374767057	8.447880536411905	0.6950189088822105	2.220446049250313e-16	6.540229164429123	5.010764749890871
IL1A	3.2376674208530494	7.812832841674398	8.633030340869228	2.220446049250313e-16	3.424163398794821	3.38395984713925	7.229810032061256
TMEM185B	1.6514627308721614	0.8070465648560976	0.9634620016860467	2.220446049250313e-16	8.005567426218999	11.33941209896614	13.444914033157586
CYTIP	1.9288568962285606	1.492554740068444	0.40207381612857773	10.303290409031527	6.221702606091817	6.000644477122496	10.267710749944918
SLC4A10	9.458420780577997	5.684604863194346	3.1771637606145617	1.1857592064512121	13.78545446225078	0.9773574891441026	2.220446049250313e-16
DLX1	1.4650666207667054	7.641221996680722	7.923569943413856	8.692137043909046	2.2776561636380652	6.25534285293336	2.220446049250313e-16
FKBP7	2.176652478874531	8.126147412797948	5.485011738512744	7.779591552281359	1.9978041104871491	4.001142890831998	5.072292360114225
SF3B1	2.572468617628777	1.9332139987956296	10.088436422689302	2.991825160201454	11.510366772873844	2.220446049250313e-16	5.495448674890447
PLCL1	0.7433571405998624	2.1379573360145727	2.9576437803455975	10.265076631126833	5.4185445491641495	3.661632725072997	11.271584368358507
CASP10	6.4745963129296875	0.5724362878512519	0.06958290873192352	4.4031334295674736	8.005079521953297	1.6037197995305497	15.15811621583093
ABI2	2.4434053604575627	2.330886193357996	1.0036266900840785	6.440366735165059	4.916413420357353	6.3757070459332414	12.804032341677432
PECR	4.248960366312375	6.579354206271269	3.2179693999718477	7.509774352730121	2.220446049250313e-16	6.947151527402936	6.339570999856047
FARSB	1.3739034499346308	1.8065996640109354	0.439241713242458	9.737852425554694	4.213446964176251	6.179997348305338	13.040646830610678
FBXO36	1.8863300729027785	5.622635529157925	11.349555839469879	3.660551442287492	2.220446049250313e-16	9.94540464422866	0.5099991394943784
CAB39	2.271385903268685	4.79363569221157	7.447750829537958	5.6847742246411865	0.21359663697078002	12.075464645914199	1.1726875446001577
ARL4C	2.2043237860734872	3.8788333336414116	5.959923185530813	3.5705886579960078	5.232763833857216	7.8900343029369875	5.837146423571529
ASB18	9.653429688903383	1.2357376093774022	2.7729000575352116	3.401134636924396	6.9454668750717214	5.456821522436368	4.849605708384221
HES6	6.523066282360895	7.2025855445049825	3.3400648414122935	2.220446049250313e-16	2.462668774519775	6.434296190324389	8.518575838879471
DUSP28	3.284340984520777	2.220446049250313e-16	5.236407635453137	2.220446049250313e-16	9.213024324165438	4.145567726856763	13.887201035120489
IL5RA	5.608067317179658	7.048780776909917	5.18480552352743	4.588179548315132	1.2915118594843076	7.022513151202834	3.041620082908633
KAT2B	2.220446049250313e-16	0.48290726530617084	1.9626881936096705	7.7128492437058505	11.828647642505397	4.861034434758837	10.335574006261204
SLC6A20	3.4960274280110646	3.7032725790032046	5.5440956763172515	2.220446049250313e-16	4.33049809812868	7.944703122859737	9.489965544822194
LRRC2	0.3950080686600102	6.508516392051261	9.229124439020499	1.9907668975063118	5.928109156580315	9.696634747514455	2.220446049250313e-16
APEH	1.9819821546916265	4.6949684535888565	5.958100139194679	9.83033058914754	11.626475166635469	0.6756724911694683	0.614988126134846
SLC38A3	5.327904949408637	0.28553249256380653	4.304915516155642	1.3602649104928164	9.54076585159832	4.814025687718291	9.508136325225509
RBM15B	2.220446049250313e-16	1.212829384324982	11.882585009190837	3.184059724193661	3.3548644417232967	6.758885023275036	7.9201635233122225
ABHD14B	2.220446049250313e-16	6.4401128255562	12.827367375650402	4.596291546500928	2.7932729492756994	3.8934414916285602	3.032404874714742
HESX1	7.664532618684571	5.431673500920308	4.277174167447599	1.1982260181097173	0.4256578064701313	10.236368935944949	4.141258159530567
C3orf49	10.298497549184404	2.220446049250313e-16	2.220446049250313e-16	4.9595594165844314	5.749337786115083	5.31766578191141	8.99568501437712
PROS1	1.4527288820839914	6.505929333467565	5.329443012953859	6.702922309534523	5.335794033604975	1.7002052119301885	8.319126732104795
DCBLD2	3.54416566303397	1.2875973433186871	4.849116329636414	3.1392650913862097	12.869413545861017	2.4843690212348637	7.407420425300301
FILIP1L	5.4687444928543885	2.220446049250313e-16	2.096604581444174	3.231357009375736	12.69459902573227	8.490085663297048	3.43262479417489
ABI3BP	1.3115852561178136	4.100934543965042	1.7045246296905905	9.832403566128118	7.316588296953899	4.734458254006063	7.400731371037875
C3orf52	1.5722966945638137	7.480167075443141	7.310593980529511	10.917594975627441	3.656436576343812	2.369059781723731	1.3004383338845305
FSTL1	6.2626792150203725	2.220446049250313e-16	0.23740054369800134	2.5618271495010276	7.392635560604255	5.309770525784807	14.436559152527959
PARP9	4.574868017725689	1.8008229895547725	7.732368302655813	2.220446049250313e-16	6.067943395184846	2.7151645762344465	11.760907671338934
PCCB	5.919571172451281	2.220446049250313e-16	3.508467537972484	6.9094791002512865	5.148142460079648	4.4253024286733424	9.645731026792216
STAG1	2.8327092071415385	0.7610946266307064	11.925624915728667	8.846237717830542	5.081064475345883	0.18136430924438818	4.459950082688248
GK5	6.211317795066732	6.173389756294386	5.462720448864594	2.490205642832214	1.0985593244070797	8.985119347924122	2.987925561427184
IQCJ-SCHIP1	3.927655228954022	5.959744763557284	8.515663362613633	3.783756550947383	4.288398936751473	6.930700589231352	2.220446049250313e-16
PLD1	6.152946483449555	2.763814645949642	2.220446049250313e-16	0.9010416860730723	15.118586997031167	10.367942607081247	2.220446049250313e-16
EHHADH	7.533585115562412	3.0685956561120094	0.022392009640694432	0.6601558518058881	9.513368054169089	5.301678365205891	9.278218221605865
DNAJB11	4.560687017873989	9.14344201084428	6.745868010569662	2.7747091941420043	4.178626947651044	4.746768659404641	1.3634254831163934
CLDN16	3.35937999766921	4.654846539144582	8.26676283663925	4.555512788162867	0.784020231964139	8.26351275781068	3.7886668890817248
UTS2B	2.220446049250313e-16	8.713704321187441	0.784548539803243	4.112622550795306	11.717295964360114	2.3012838157020226	9.28444352187603
ATP13A3	3.6557507315240207	4.6982852754760245	6.039900507203736	7.379615962410302	1.279319288116803	4.220156291476106	7.3186135087784585
LYAR	0.7610889337222487	5.715135856021311	6.6262826954198975	1.8372893233546148	14.214503897236684	1.9353875498010078	4.194481908840285
ZNF518B	2.4220778903571722	1.8076147422173499	2.220446049250313e-16	7.249130602199684	10.055884252415863	4.086751136197632	11.362243654211266
RAB28	1.1235317069358337	2.220446049250313e-16	14.52109159538614	3.4763878965428843	6.9275677594866245	2.6935714199294942	4.834827824346404
QDPR	6.158628003493399	0.3332947730534297	1.952521358690011	0.7263862559268688	11.015848168445336	5.252578593253178	10.068822929913562
SMIM14	2.3865321309571343	7.610992506210714	4.886875802347665	5.925606757367211	2.220446049250313e-16	7.27405419217129	6.532588266528992
RHOH	8.519508860761654	5.181709500971488	2.311428438106967	4.124990068920124	0.37584031378924054	7.150515528893222	6.405916720877622
RASL11B	2.5125919261031746	5.5204130222142105	11.165568299873753	4.47439932087659	2.220446049250313e-16	9.407581447857151	2.220446049250313e-16
SRD5A3	1.582270716925935	10.195319744877112	4.62214667862604	5.317057195118917	5.894521015831716	3.976686101762824	3.1746129298691166
UBA6	2.2265175301979387	7.3113015232620455	5.633024902517017	3.574207793173173	5.110606944684795	2.220446049250313e-16	11.486145795151476
NPFFR2	7.295000774682912	5.204623677919441	2.220446049250313e-16	1.1534670448464142	16.371881182496526	2.5775801240839	2.98019118653483
COQ2	7.238793863487746	8.087599037949083	7.893523270879417	3.9706305585983364	0.01843593681004929	3.391728350335786	2.2819122108736067
ABCG2	3.8229341397051693	4.7514638398073945	9.272908312448541	3.4359340393234894	0.8133540252534175	8.533334140672935	2.550336300596599
DAPP1	0.29526601823624044	2.9780468492224266	4.535577344599408	2.478502046943917	6.932130006129919	3.7697651939396755	15.10294033658236
EMCN	4.847357416869855	5.853801009433388	3.954302194520402	5.5530436968943375	2.220446049250313e-16	4.273818895512035	10.460011383111038
PPP3CA	2.6845909793936094	1.7437861975147495	7.06545568146459	0.7489443470540689	14.13529135814428	7.015703178170348	1.2216494825310251
TMEM184C	6.016224777508003	2.220446049250313e-16	11.200402987412945	1.01678223995855	5.598023225351472	1.8671877343485512	7.888034700398638
PRMT9	5.38895165875039	2.220446049250313e-16	6.601777432519855	0.3763721699117939	9.724305854532737	8.498963633868353	3.7465396958120296
KLHL2	4.31902920350808	7.794794102163696	2.1119920792094558	7.195794885352816	9.422423676821056	4.362214610685652	2.220446049250313e-16
CPE	3.9182847856422724	10.983795580369248	6.254703296827221	1.5695872635627657	1.9437022873524956	2.3311722926775618	6.8960037234357365
GALNT7	11.369818564013304	5.738919266752347	3.368162086251498	7.385125751509021	1.0862995425882511	4.468947564995575	2.220446049250313e-16
GLRA3	0.5307844149657891	6.878833129370992	7.339311154434119	3.797662608667438	4.614643372611779	4.744848716796337	6.71741654938819
ADAM29	10.344637709694679	7.947499666177604	2.4918006494369846	4.50989859657532	2.220446049250313e-16	3.1224185000903724	5.243690881471873
TERT	12.34579435648748	7.052957356975886	6.1293721815890265	1.5754419485381286	2.746928389308121	0.9481993838810823	1.7145016551662264
OTULINL	2.8337875381802085	8.24829017342535	2.220446049250313e-16	8.394439533822224	5.91486197132674	3.038101731801369	7.8054956247700105
AMACR	5.514138496167463	6.54813873455605	5.0915893047066	10.304122726813254	4.481225601185039	2.4722772874074552	2.220446049250313e-16
DNAJC21	6.534122646969154	2.220446049250313e-16	1.0891937535563248	7.926532497413135	11.901525603420765	1.2637201088338226	7.4515815034158255
CARD6	9.148407452284191	3.048896936205839	5.679950140162939	2.220446049250313e-16	10.551217048262314	3.8501135346030093	1.6575777972118564
MTREX	2.5835640575994634	4.743157956468872	7.177685407280888	6.732914529099769	2.8595671985307325	8.284205732043388	1.7225190524003553
HMGCR	3.201953812779262	2.035458321857204	3.8033582316187857	2.220446049250313e-16	7.442475351174631	9.781577783814644	8.829508163291237
CETN3	2.220446049250313e-16	13.42310719890827	2.9045210593196753	4.408291789567386	8.404994210607585	4.098038870390551	2.011117082305198
POLR3G	4.141543471659698	5.703311528469609	3.49959155316598	4.654970889461787	7.954564165300171	5.905788065746424	2.9752619457617984
IL5	6.367291809017462	3.5990428957074023	1.9790563708028759	2.220446049250313e-16	13.785267466345672	3.701502223375449	6.154026885026428
MYOT	2.2445565862881183	5.732562668447631	5.184081330652088	10.365386363753043	2.220446049250313e-16	4.126703696375486	7.413575186183146
APBB3	2.220446049250313e-16	5.992804995680851	3.370966681235778	1.3527994422308938	10.129088871980425	7.254135760615911	7.731065291012429
PCDHB6	4.02659117760354	2.4236650305812333	7.238714382130318	0.399312347874091	6.40900609043789	1.5685147782034825	12.715357544695086
PCDHGC3	0.924340622413129	2.443673877851868	5.745721217092303	2.220446049250313e-16	12.78363955188125	5.213938350155079	8.550790375427987
PDE6A	7.526692377313441	2.220446049250313e-16	8.678934867676642	3.3195818827799055	11.744916111759139	2.220446049250313e-16	3.1850482351361964
DCTN4	3.089285001598016	2.220446049250313e-16	3.606327832324304	0.6257221751569206	7.662745546206378	4.021277646609926	17.017722619388305
FAT2	1.6265719988223766	2.124621283329148	1.3690459717792995	0.9512016636641465	11.582621057578823	6.562760175129528	12.214271234495655
ADAM19	5.006420197364576	3.0830091719531367	2.220446049250313e-16	8.626786579786094	17.16191281022694	0.8851410411140099	1.7356152011109254
INSYN2B	3.6416624694657327	2.220446049250313e-16	2.220446049250313e-16	13.060498853863592	12.417839635369106	3.088929614524165	4.9169228117837465
KCNMB1	10.409486159853545	0.07981726143023415	2.009065974550069	0.28696677822069816	13.168168614285435	5.346620158482841	3.229200513960858
STK10	5.729638736717095	10.096659862329945	2.220446049250313e-16	7.948395916948066	5.807698429299374	5.774705001439642	2.220446049250313e-16
NSG2	0.867150010181452	2.220446049250313e-16	1.9335087093467607	11.263755968326706	5.500119175219955	5.360348547168711	11.950449865335424
RAB24	3.1210433117558605	7.2836694045009605	9.504522926487912	4.5081234486035235	2.220446049250313e-16	8.921299856670975	2.220446049250313e-16
TMED9	2.4502109131494034	2.220446049250313e-16	1.4108538605531127	11.49753325592025	5.2286817330607995	8.840376955622858	6.776151070187021
SERPINB6	2.220446049250313e-16	2.220446049250313e-16	4.884655831469895	9.761289168352924	7.679321155685601	6.502152530891795	7.213052663815549
FAM50B	4.606228871211023	6.705664736214214	6.0618288457363745	5.020460350437997	2.5211987289835087	1.5899430970950528	7.82627528937433
NEDD9	1.6699485209036458	7.958491379335641	2.5733437643763732	3.7365403424727477	6.158590054102476	6.908091785002066	6.40801620348953
PRRC2A	9.932956909676628	2.220446049250313e-16	1.7456687289391972	3.6322800551997565	8.508676824859668	1.3510153378496437	10.090153083263115
LY6G5B	4.546756716485632	2.220446049250313e-16	3.0158014886259483	3.158236830857126	10.56914032454632	1.2847405707270556	13.556216293399675
SYNGAP1	0.4770447649530891	0.712895918114171	2.220446049250313e-16	4.372915553833379	10.864287575239645	8.796042883956346	12.05805158076202
TAF11	5.756238159950862	2.220446049250313e-16	7.8290061826551725	3.7380728488794697	3.2366366835321543	2.220446049250313e-16	14.538218112783643
RPL10A	5.392565463787557	1.2408278894306992	2.606784935329531	8.15045974331576	3.1087098021689963	2.220446049250313e-16	15.509180929748759
OARD1	0.5699312531103072	2.220446049250313e-16	2.9383663268488824	5.722740898382176	10.144390282170587	5.053262831082253	12.198559001654832
UBR2	4.951636497773474	6.37283453976975	1.2231998305153438	7.928059780800572	1.0844058956382914	8.936469496374805	4.311161298702459
LRRC73	2.4292468470801643	0.30047539065382267	1.4488504980762684	9.541390572353745	1.867365416092572	6.128748887024925	14.633166034066985
MRPL14	6.36647058732981	6.916906231269827	1.8333658985661652	8.527521485328123	7.384628517733894	3.7568126248484033	2.220446049250313e-16
C6orf141	5.273736203333753	4.591194095273405	4.094507954292644	5.102926262657792	3.0760758504535843	7.547075774947123	4.720469266080604
COL9A1	7.827834140708598	3.928095616929088	9.782713677181365	1.1501865806437763	1.5581673750102745	5.8810824719610935	2.377145218768933
B3GAT2	3.403645018610418	2.220446049250313e-16	9.624075714754394	2.220446049250313e-16	6.166003515262741	3.120164327345707	12.129364610225974
KHDC1L	4.505026980005738	4.776966291610043	5.714155645779275	7.2407292111098975	5.339479018200407	5.470846355231809	1.2607052468111104
OOEP	0.46661261450821057	7.532312941899143	3.5578100528965972	8.24696939194612	8.116799745418433	2.220446049250313e-16	8.36959701258727
TUBE1	2.220446049250313e-16	4.243039626166642	9.264009307233614	2.1237807856253825	3.6090466488845894	6.065660484645356	9.289941430640045
KPNA5	4.796469134933727	11.432738705203166	0.23947205940375227	8.329454803344147	3.5595300510690606	6.69130981870434	2.220446049250313e-16
DCBLD1	1.859751476515777	0.6320167973232405	6.880592672703299	1.348581855867757	9.541020459206052	2.994759317180776	12.140872656074484
LAMA2	5.261478158782374	3.787307768184469	1.5394656833268918	2.220446049250313e-16	4.988998694479422	10.086822689014383	9.318078140641331
MOXD1	4.569048494904664	7.093729505737345	2.8351366415811636	7.0073994086940115	1.011482034753851	6.420237480462967	5.798821204025918
STX7	0.2654417047038509	5.364362891628513	2.220446049250313e-16	8.022068669177687	13.073622162285744	4.54062785352493	5.8902845333207505
HECA	0.47574306792097065	0.8539595744083535	11.930212123720079	3.4132532363106773	8.43679290742823	7.712630522481694	1.0179934958478372
KATNA1	6.75229987215634	2.220446049250313e-16	8.369401573446334	2.220446049250313e-16	3.8171687057462806	3.0840010868297405	11.994713746378359
SLC22A2	0.17564659330825266	1.746000343776867	10.413745177116574	2.796936558018674	8.167124111720787	6.968963654440593	4.004903392987696
PLG	7.5549184395174755	9.303807046769657	4.74123549680601	4.904961432638365	4.201166207309573	0.6848819248982272	2.3668392743000797
PRR18	2.967465181789169	5.432528189661175	6.6805322154751865	5.384618843324521	2.220446049250313e-16	11.91971079136525	1.3330850720761873
PHF10	2.922691513299364	4.386781372507508	4.637503416298047	6.771025684530093	5.785475164784334	0.7888235459894162	10.243086500542681
GPER1	3.577117392195051	7.365495604902469	9.164009784966634	3.2261451297527177	4.046289734547841	2.220446049250313e-16	6.741957880746906
ANKMY2	3.606887757509047	3.338632530332351	3.800276649361083	2.9354234497627925	9.507148233232467	2.4040498899041722	9.996579890192692
GTF2IRD2	2.220446049250313e-16	11.79216293148048	2.220446049250313e-16	6.829434226383821	8.130980068144565	4.179101416159556	5.431904608166892
STYXL1	0.6094026394563751	8.545549175612157	2.220446049250313e-16	3.6830087141641927	19.69163958703827	2.931964806828967	1.3012093934847115
FGL2	2.716469555769604	5.508679875913922	2.220446049250313e-16	6.977756210256084	3.6148612288767707	11.713823635999344	5.05549862578747
PHTF2	2.1187091427262046	9.200076458452747	8.750199211440718	8.361563149838716	2.220446049250313e-16	4.649132445056429	0.5412492029004641
MAGI2	3.3731795000432165	8.290867668756603	2.214546281813364	10.156459757379785	2.220446049250313e-16	8.12539231981323	2.7805857162337824
CDK14	6.537938617742276	2.0922676835205216	2.220446049250313e-16	5.428726262273764	11.210334985776253	0.6567311440940475	10.307297359591423
PTCD1	3.664121304232048	6.683302591423031	1.3626992930169601	0.7181759604473248	10.44013917446732	5.690229626644476	6.917041793070899
CYP3A5	3.6620782321709933	5.466315348433419	7.495188760244454	4.488346810389251	3.097570130130991	5.532368716130534	4.187245805101833
PPP1R35	4.886875607736292	1.28899438058618	3.835638430760378	8.268267158442931	2.5849879228793653	1.6679995580860592	12.977386599176146
SLC12A9	6.501282803134103	2.220446049250313e-16	0.011701639495134586	5.630505770125012	8.32696424763746	2.374106286826138	13.60483512275377
TRIM56	4.240262813408448	2.5726277977452767	1.4721240451124196	2.7716871985774323	6.22281473438908	4.121759498572377	14.603166612975667
ZNF277	3.058587789052077	5.727359066535069	11.845647812013617	7.749777661870466	2.220446049250313e-16	4.165745601054109	0.550771008658387
PPP1R3A	2.883288552757164	7.447140102905561	3.171486924254701	2.95562439492989	1.892292933381023	12.899636710288103	3.044818048016798
CADPS2	2.669185520121854	5.097417207187755	9.308933253476475	8.731387953985132	0.06743845816040928	5.757181649484043	2.0104827065810493
CHRM2	2.333829425010068	3.4516404350919068	8.347229942965885	0.9926101203063369	8.463530694147437	0.9543591841491592	10.291210241695296
CUL1	3.6252965192466347	10.666568981237315	3.891471901332852	8.170208195946714	4.50858176032877	3.8431880628438653	2.220446049250313e-16
GALNT11	2.220446049250313e-16	3.9965739402571248	6.464283769937966	5.11549012174574	10.307086684056843	1.164154923191007	8.969604379813884
LMBR1	2.7342412782737244	3.7196331563330123	5.318103961597296	2.154777138651017	6.2389437102195515	2.5122288416455123	12.663756775206053
UBE3C	2.220446049250313e-16	1.3126229987469378	1.439634492581133	7.562754628073476	8.400169029618109	4.624210464845142	13.805740934829494
LONRF1	0.4324076986841167	6.833682208613119	3.452472316120846	0.34824180627873513	14.53791559438966	4.646899028352653	5.591931384795541
MSR1	6.986083165919065	2.220446049250313e-16	11.027544632018735	2.220446049250313e-16	5.816467074888235	4.402180953995504	5.037723743042742
GFRA2	7.797486607168551	0.5646601858888438	2.220446049250313e-16	1.1974441821898218	9.698111184034095	5.13701047664313	11.332758173512289
ENTPD4	6.50507917815619	5.970463910543398	6.098175396409928	6.552436533959952	2.220446049250313e-16	2.220446049250313e-16	9.314485633077132
SCARA3	2.5874578125239958	4.6192207310764175	8.501976576195233	9.243602312359274	2.220446049250313e-16	5.976660231488036	3.2813164783487765
PPP2CB	1.1126862511202482	7.380611684556472	8.179193752009244	3.1889677868592075	0.10465800368553513	7.281090488216564	6.769247699056123
EIF4EBP1	8.932693736851618	2.220446049250313e-16	3.552162951730942	1.3028629119430883	6.257437618027584	3.1573119300435217	11.79941221721452
ASH2L	3.805911867489927	6.181061866183793	3.168635093221817	3.3177647069093723	2.220446049250313e-16	10.999455841684536	6.931236878999959
BAG4	6.338747870672612	2.7637836757120464	3.133078072798494	2.220446049250313e-16	10.636767237741992	8.080576263858918	3.693687083261985
SLC20A2	2.220446049250313e-16	0.44922117416184243	0.5657469722965107	9.625055631509163	7.338360526049101	7.139278575320123	12.137557946601467
XKR4	2.220446049250313e-16	3.9264767083738237	1.985495343077158	4.807101553524326	10.296211110592793	7.471560793076039	7.80545910271091
CRH	6.619856183716085	1.5353191407220894	1.353266165624647	0.6774338331084238	5.120549005104693	5.816078738817699	14.298628496678592
SLCO5A1	7.243966266758472	2.220446049250313e-16	2.5004506554196784	4.284511595277181	6.764737449955311	2.220446049250313e-16	15.241073931378635
XKR9	8.8510446441626	2.220446049250313e-16	5.832170232673567	3.7695354121487528	4.519492801889949	1.9507036134775229	9.280382292208134
PKIA	4.0400938281931795	2.0451993205420056	4.109550922870081	2.220446049250313e-16	7.964579421564991	7.682765018484836	9.289565885239655
IL7	2.276111356895135	0.15653989937058022	2.220446049250313e-16	11.575054023998181	4.902976815444203	7.109817519300568	10.689989527045693
SDC2	8.757639768720376	1.6472485952376363	2.220446049250313e-16	5.872404506546755	4.025849827201959	0.9382781279729233	14.572302944150481
EIF3E	9.096241236780061	1.1043981048866112	4.91944811181209	1.2749727392050172	11.459607735193252	2.220446049250313e-16	6.948841005020077
ENY2	5.4512998440661	4.441938722057001	7.785867058285174	2.220446049250313e-16	11.78791096848665	4.097803835784722	0.4362856405721871
COL14A1	1.8146604779864635	2.220446049250313e-16	2.3187695902121934	8.123275265721826	10.034065497434964	11.454224217398544	2.083103138070777
CCN4	4.102249771490334	6.801506497748651	0.9076374640871867	3.1253577270078186	14.643355100562777	1.4859981700201974	4.855294417257612
EXOSC4	5.467802757574903	6.633866524983972	7.804750031781208	0.6132959175967301	3.1938067624560853	6.885432774688994	2.528691614409958
FOXD4	7.375224028471724	5.665011629671044	6.541626443270431	3.732238258761969	2.220446049250313e-16	5.333756229464785	4.776182804829855
TTC39B	3.023765397882908	11.394067200149715	5.592703327201211	5.903934177255255	3.100349140488315	3.554943999494422	1.4650468110168013
NDUFB6	8.888539920843524	2.5890988552527645	0.8542900867087404	2.220446049250313e-16	14.848288953302362	0.6504438001914106	7.6006534769278264
FBXO10	9.019583301644555	9.074286838263669	2.8735115072922612	2.220446049250313e-16	0.8570123878222313	4.985119221426835	6.750606273184445
TRMT10B	3.3441442332003164	7.213341996178714	6.975367478923689	2.9930565130556412	0.3434910824047108	4.182592579053011	9.014232212452818
MAMDC2	1.0872238460238228	5.318289574399401	14.445458165016941	2.784116745483111	1.0983381398324394	6.756845169627713	1.0910044228143425
OSTF1	7.093131201406661	7.853455815313456	2.220446049250313e-16	4.598602691493895	1.4092801326950566	7.60814164991069	6.15405610924066
RFK	2.220446049250313e-16	7.93234828282412	2.220446049250313e-16	7.63386273042137	4.472177205774139	7.2923262330878735	9.214173294960386
PHF2	8.576085320913295	3.4860562297141957	0.6831531578739574	0.8147641583733938	9.188862704313236	3.297107564127407	9.101527505547576
KLF4	1.1314911194002104	0.6593841607758666	2.830560378875018	8.349262802138137	4.561985997407701	4.3538977535236265	14.607649933066066
INIP	0.49841577675966353	0.21610509426648328	2.026237486503056	12.011371727520864	5.515484317313621	6.489513951374355	9.931332475821431
ZNF883	0.5418325219161179	8.861823568175511	7.1740823557234705	8.568232001647779	4.77471605214731	3.0281217455773137	1.6424995843139012
SLC31A2	3.055698016631181	4.395496633503516	2.8498689412710725	7.405758877767951	13.05172246224462	3.284360184423063	1.65354479291371
TEX53	1.0737124262346398	2.220446049250313e-16	11.042614797262702	9.014144525890352	5.53566066024489	3.6647357804888046	4.140423673154292
TRUB2	5.247049750061408	4.008864223784153	2.090909000695547	0.8609549163677253	8.352083480031265	6.936901416397275	7.579526360638917
SET	2.898487790834793	3.6403222580216816	0.16743016464479687	8.257867774904676	6.36902586749506	2.2956101892407608	13.09798831614425
DOLK	4.392830221647493	4.4535638753481255	3.7281100206139857	1.2323760210364219	11.46930605643982	3.7335283744907306	6.1506226617672475
MIGA2	3.888869466579738	0.41040570995510883	9.846002237517993	5.8398747035067595	11.172836249397205	2.220446049250313e-16	3.769088428677448
TMEM250	2.220446049250313e-16	9.746899380446623	7.141634268515977	7.726923286531717	3.173531855590417	6.269156007383868	0.4530739750134032
ABCA2	4.2150902137681285	7.761198073386062	3.831853720874791	1.316779513560773	7.515976422870699	9.490330555179133	2.220446049250313e-16
FUT7	7.568509169637564	2.220446049250313e-16	2.5162606444621662	2.220446049250313e-16	12.095050954909546	4.747994826280031	8.37569963444141
TUBB8	2.220446049250313e-16	10.295781715195773	7.209222299286338	1.2328128311000581	3.136866575312182	5.507647404134623	6.967616115339943
ZMYND11	1.5912784152418389	8.74938171895716	10.963030275639191	3.690355737221662	0.47073334626841223	3.938111095865173	3.8760537691846197
PITRM1	6.286812371469145	2.220446049250313e-16	2.539347566764066	3.3468550231241627	14.42399113077524	0.973314329557804	8.33003267459344
ACBD7	7.0529023233097465	5.179914380162529	3.16162659817235	3.9288923817029446	4.228453406727703	10.353654074642586	2.220446049250313e-16
ARMC3	1.943462209527707	4.036734240474706	3.2899031538694183	2.607298964432441	3.223738435147465	2.565527207726131	18.35065566367024
MAP3K8	10.192702754350357	8.416256012504723	7.371815811414441	3.336810898936187	2.220446049250313e-16	1.8929242712619172	1.2189917781392916
GDF10	2.220446049250313e-16	7.833493620179163	4.068080932909666	4.575158372923246	3.5839276223500347	9.933373352002654	5.140738488267357
ANXA8	7.322413951555402	2.316774491161919	2.220446049250313e-16	2.220446049250313e-16	12.224260559317653	8.594869091249965	5.09660370241014
EGR2	0.05901039656705367	5.467249586491647	5.291551101343544	2.4692118671845495	2.803259954736254	13.444870113266273	5.047860325053538
NRBF2	4.344590960316947	6.9256233289962985	5.918091808741839	3.0970290735978887	6.6056082267564165	3.982945161555901	3.285873761303689
LRRTM3	2.8091978976136653	6.733223238752771	10.676130360038794	1.4692804812009825	0.34511616744971985	8.50948496680456	2.3196830610047576
SLC25A16	3.9763455202739433	6.495148246243309	7.758219088154469	9.50842751018904	3.578704719769501	2.837752480521943	2.220446049250313e-16
DDX50	8.88981076515934	2.220446049250313e-16	9.220381685797037	5.45680324372147	2.712291251251228	4.0773334470527	2.739093928322178
DDX21	5.443413473392733	2.220446049250313e-16	6.827698045434483	7.114043996651172	0.3782642153906588	2.897849557613986	12.00735218016571
TMEM254	2.917578406356377	2.220446049250313e-16	5.737943796095941	6.887382662907366	9.607440252580357	0.59124096397756	10.156509507450114
PANK1	2.220446049250313e-16	2.5749393867485053	0.2962059553951484	10.045594800594714	5.0167668317997585	5.810356189994343	13.430682152710755
CYP26A1	1.6563430104335866	0.33257385130208483	11.333152049661173	4.519452216623154	8.877068626264169	1.1466511915422108	6.579432919613502
SFXN3	9.047562474334924	7.764752521990589	1.6237787868577636	3.0453886056454547	4.599738103308026	4.543113290847356	3.4118429803985073
LDB1	3.4835909900030777	7.744035189357307	0.42892328963688886	7.929388284756495	6.3877945784382275	8.351371846923179	1.0234620595378967
PSD	11.714269285901908	0.7109621266707222	1.5598176485188242	2.220446049250313e-16	8.883695425529087	3.333066129664604	8.246752517460788
C10orf95	10.023510142189624	6.853677865697591	3.9818182889704947	0.4280629805267262	2.220446049250313e-16	6.490273190595925	5.407683892773695
SMNDC1	3.567644585943979	2.4882154788930944	2.220446049250313e-16	2.011672853379636	11.001035091140345	3.6672472101572007	13.954927519828342
BTBD16	0.9160173921749112	7.870678051467042	8.280699137002483	3.739203695941132	5.398044929993779	2.33707234386621	5.855972195054505
EDRF1	7.234610759886289	1.0834076238875952	2.017413636637984	2.220446049250313e-16	10.67762320643189	1.2674600597477537	13.436866140352452
ZNF511	9.475674850065655	1.9389246614177633	6.66646056114489	0.6240503391746732	10.610483861609866	0.5169452256202098	3.907445284835955
PANO1	6.82667798588196	8.299286283850758	2.220446049250313e-16	4.387317976404587	3.2497005158317833	3.923416594482522	8.604591546691989
TNNI2	2.220446049250313e-16	1.7031135433972913	8.364054079932838	2.220446049250313e-16	5.569662012830492	6.353303288696371	13.366358029630412
STIM1	3.455199717256137	7.539268286652618	9.644097931659921	4.302157966701285	1.815210123384054	6.560553611911158	2.220446049250313e-16
C11orf42	5.992599727181245	1.6127197003491887	3.9183560804173783	2.220446049250313e-16	12.426810102339587	4.182865686972089	7.179529064596324
LMO1	6.703764751228864	2.220446049250313e-16	1.1447956871775062	0.6186420462101938	8.352937420351747	11.488445053556287	6.770678802491833
AMPD3	0.9776340932001572	5.95352667436387	7.9722217479735855	5.067930472040618	2.220446049250313e-16	10.680049944427829	3.318688481230277
FAR1	1.7507719536991055	8.690457743531276	4.681679284234624	4.680608546769934	3.4494454926434024	7.871005687565279	3.404743191810612
KIF18A	2.648484426154092	4.541480449718907	2.220446049250313e-16	1.736346875788099	14.207546409162681	7.71718019260754	5.326778689249598
IMMP1L	5.012050764626454	4.670325988321659	11.287293196883601	1.635446909867694	9.811596778476108	2.220446049250313e-16	1.0861190559817526
TCP11L1	3.880676685506673	5.841987087612383	7.798096372411258	5.328112478412407	0.08533097076947982	4.254137549760141	6.700994947846574
SLC1A2	3.696648632243366	7.4658867917678045	6.681965044736955	0.9500869329865305	4.75637575114103	1.2034908859788045	9.675820811822195
CD82	3.4234021708621016	1.4022599642232336	1.9001189254138442	9.967334590428182	14.12901773613407	2.220446049250313e-16	5.886972228769732
F2	4.196621765050293	7.827307575962106	4.248842951156044	5.981766428500127	5.662298350779992	3.6250215421011474	3.076482011732179
MTCH2	4.748667793024417	2.61873198082505	0.2678374165696882	3.9323022926754883	3.7183074364521076	7.770674420607269	12.697256454152425
MS4A13	4.139270072615909	7.218816359636351	0.3597482480533314	2.4413864675006116	16.605315102658047	5.283356574733723	2.220446049250313e-16
VPS37C	3.2847662555519532	5.808273514038385	8.904905083951217	1.5774242115201833	1.996015600093255	6.780829576733354	5.153521915792565
OTUB1	7.333437977317163	0.21720937038226928	3.4301087044015572	2.220446049250313e-16	10.684965610925206	6.442882829039158	6.836934130927498
PPP1R14B	9.418837385869937	0.5977369172778566	2.8559849503415498	4.262838775457852	10.970072123820323	2.220446049250313e-16	6.996203672067091
MAJIN	2.220446049250313e-16	7.215089110226896	7.878514238371203	5.720954124670765	3.4210703888915965	7.415990821097127	2.7108728976976506
BANF1	11.329851967248466	2.220446049250313e-16	5.334733000811575	2.220446049250313e-16	8.680617400041786	0.2861058068126816	8.546325059702443
YIF1A	1.4883628185689783	4.43483302509159	6.148437770652097	2.3345413106462103	3.0774263181656414	5.294414877531714	12.241361416924725
RPS6KB2	2.778123070079139	3.3827818756350236	2.195404146319468	9.785664085346813	0.4934023946830006	3.5985163128170345	13.795042308776067
CHKA	2.220446049250313e-16	1.1321291162299691	3.660012255731207	2.220446049250313e-16	9.494442818010498	10.842492536805123	10.749564444288861
KCNE3	3.339133791184137	2.220446049250313e-16	8.267706386307355	0.017952517366881082	7.658639227721771	8.447980330186224	6.519454225688636
PAK1	3.009871948147445	10.232407094021683	3.3636274002634092	4.678942880953159	2.220446049250313e-16	8.221505281161074	4.906285517009353
KCTD21	3.7707998130081752	1.452701977553371	3.1736594311651207	7.98945781935619	8.390935183557458	2.220446049250313e-16	11.602793619131006
CCDC89	11.310727010473835	2.220446049250313e-16	1.9750177163976765	3.710301150624537	6.053146502114138	4.898262642043885	6.429254737263449
YAP1	1.337004133517756	7.815049545860727	1.148768197233104	7.3936456165576665	14.654573424649442	0.8844581544549177	3.2094987589134707
CASP1	6.493397944685169	2.220446049250313e-16	2.220446049250313e-16	7.547087163263978	9.131341915510614	5.583448009043574	7.704311711296284
SLN	2.605395185368386	4.321568793006916	4.482158496303938	7.952500238234794	2.220446049250313e-16	6.034860908969783	9.728722316704523
DDX10	4.545697864856194	0.27159603229087814	12.147385719207197	1.797421457911227	9.631857347470401	1.7381800824271174	3.39596538351652
PPP2R1B	2.220446049250313e-16	5.340622331861741	3.6810041999778775	6.819687546065572	8.926264750970649	4.117068162268602	7.218638870530389
PTS	8.738363581480433	0.8021957657519678	11.278504414953169	0.8294215481733178	9.961057498747255	2.220446049250313e-16	1.390112735007361
UBE4A	5.532509043665522	9.924052742371154	9.147850577634406	1.3144826966212664	2.568543923092736	2.3259569110029608	2.079696665624045
ARHGEF12	8.699994446388065	5.252579306612498	2.7366315523393734	0.5909966130459186	2.220446049250313e-16	8.088836939589427	8.388291140509885
ROBO3	4.245506318221307	5.34268725215955	6.801195908145495	5.048855539665608	2.220446049250313e-16	10.74259557462242	1.290901480332118
PUS3	5.804032792671275	7.40050287691226	4.751379086232385	5.401065310020555	2.220446049250313e-16	6.213724549970843	4.4081310978373365
ARHGAP32	2.651945232040123	4.874732822068847	10.638330945767905	6.650445667485117	1.7933880564627263	3.7759390789660614	3.249136312524663
ST14	1.0073944478878483	6.716315295041646	1.7011721538627746	4.650369705330033	16.193884617112523	1.3986388698183445	4.806175698646856
SNX19	5.326432833956014	2.220446049250313e-16	8.984198159775174	0.9820031715208435	4.894070188447428	1.6269933630048525	12.493779996618311
NINJ2	3.860027926605099	1.9126966214921364	4.319359854049895	2.9208473363528347	5.669959181670211	4.152611518121615	12.538263529419373
CCND2	6.155187748178102	5.9978181350884014	0.25637421736956423	8.12800617891463	0.008668633550168892	7.215775503421586	7.236013996803669
TIGAR	3.3316319123362748	4.934739063785953	6.63291354816701	5.563967724202002	1.278219243889906	5.874255568124298	6.753279092507661
MLF2	8.738996633766524	1.109535417872877	2.220446049250313e-16	8.052605105482415	5.128138945317584	1.7633785769645987	10.935059380014254
PTMS	5.782296132621516	4.30001800722807	2.7394286229725875	2.220446049250313e-16	8.215145539936842	2.0561130025399548	12.311580488842257
KLRC3	2.220446049250313e-16	0.8070520430810173	7.894258912180975	4.407117296005257	5.44418152866224	3.806001580809088	13.15745984993316
MAGOHB	4.0621429939490135	6.27104367365534	6.8877246462772055	5.1047737679921115	2.220446049250313e-16	11.257254994556572	2.220446049250313e-16
ERP27	1.7889845485535851	6.529313040882148	6.40592060763707	7.916153091032962	7.710996729760101	3.3469685162336007	1.083310538615148
SLCO1B1	2.183057680126516	2.350742708426038	6.992275436645116	7.505291072473502	6.87191319140158	1.8220343221677258	7.422792189654349
GYS2	4.289222744535039	2.220446049250313e-16	2.1230394354029176	4.677800847052658	12.440498962772402	2.8912277250748613	10.0212722329852
MRPS35	1.8654243854068753	7.583120955637128	9.327937558554492	4.957427635203567	0.4912792650138922	9.057262979186742	2.220446049250313e-16
CPNE8	1.9001933585550008	3.352728470805241	2.490881031097578	3.597255483125774	7.888800285952933	3.48820224490368	13.470889281023872
SMARCD1	3.642679341782678	3.9235893738177197	5.9806297390857885	5.86580931250521	3.1999519783281487	5.733265106702385	6.153048923588265
DIP2B	0.4812649144674518	8.865417450539814	7.790562079029385	4.618246144633342	0.8426063032544739	6.904061332094198	4.540903381023929
TARBP2	11.786112623200612	0.8182385236682475	2.220446049250313e-16	4.068589738511321	9.825981824368206	1.87046590554669	6.748829765625946
ATF7	7.60837554305479	0.03872056425102777	3.1439802959774092	5.693216359880392	8.34516787097892	2.220446049250313e-16	10.655075686229639
MMP19	3.0098495250505524	5.111190679559451	1.914494499623908	7.737782189238059	9.88392982586215	2.1313230037868034	6.273537416623869
SUOX	2.645811140151625	3.367758329105822	5.105846954101909	5.607048216050065	8.338186821624832	3.658280280918178	6.59327741350938
INHBE	8.663112813574825	2.7744885720853656	2.821591382707308	3.4869850194361556	11.538610485972649	5.58195716987488	2.220446049250313e-16
TAFA2	3.8925775159813027	12.142783033308504	5.535041243070198	0.7002599329158521	2.2728249133826175	3.2734159011015134	6.018606217865325
GRIP1	6.958094964618526	2.220446049250313e-16	4.836207449070162	2.220446049250313e-16	7.736313141189954	1.5554902854871617	14.121967011012764
MYRFL	1.3353337666888654	0.3728693387450974	11.897666095172323	1.0615462128315527	5.099254830017672	1.4423997972777816	13.175685414207198
E2F7	8.091464046807598	2.307116074443517	2.220446049250313e-16	2.1366146328304954	16.823640158019884	2.047532490984372	4.345290188441655
PTPRQ	3.0644401547168765	2.5088349740944125	3.4521322214129624	2.4715799448481146	11.732884264712354	1.2180805242451584	11.61818873951177
ACSS3	4.284308911947389	7.305860227093461	3.1968588560019873	2.7417216983100055	2.3999809569186534	11.973230139406997	2.0991160761570313
ANO4	2.1167287898032967	2.286246780690435	2.520794451736206	4.1889399225055355	11.60759077402715	2.220446049250313e-16	14.063744885765416
NUP37	3.4848896417599726	5.89018416580385	9.23578883229484	2.510883561542932	3.5003663709498145	2.719696345083158	6.429970717483662
MYO1H	7.593395966812114	2.657303271401922	2.220446049250313e-16	2.220446049250313e-16	15.279250936208026	6.691719339684555	3.2615882240241465
MVK	6.197685299333827	2.220446049250313e-16	9.06942100482873	3.107402466737227	13.27040621845461	1.317579403300142	1.228031939736451
OAS3	4.487069222729394	1.832531003071356	1.8930489678553166	2.532753151563759	15.097166748664735	9.56201552893	2.220446049250313e-16
IQCD	2.220446049250313e-16	2.4355474598091695	2.6565390688737835	10.31001827710228	3.1712512489937774	4.7288904890785775	13.434213312556707
TPCN1	7.679123919903549	1.989826390440225	6.087074837850909	4.577278865079197	8.019331284408384	4.38320563403949	1.191630815836196
OASL	4.063000074247569	3.6671705081068815	7.877077895539611	2.220446049250313e-16	0.2212137137245298	9.46533301847018	8.389070012239117
ABCB9	1.1519702477900446	9.818544967953477	7.198804457619968	7.450781298232684	4.560082765533896	1.6902112540286964	2.6801289927465044
CDK2AP1	2.4367937236957196	7.204937207921997	10.88967567068644	7.797749949043485	0.5824516971769436	4.092045875628586	0.2729610033162606
EIF2B1	3.469330069072989	3.1842420193606955	12.568763474705454	6.494770165645047	2.220446049250313e-16	6.527636151976008	0.5494616361415163
ZNF664	3.9788961007313706	5.324243767301461	8.481266456379172	8.087948899630534	0.3389128523772653	7.4081373172278875	2.220446049250313e-16
C1QTNF9	1.0889948507483602	0.9396205742309132	2.220446049250313e-16	9.543748884889684	14.099309530559982	6.73325855620067	4.840856776441592
UBL3	5.01288630852058	7.3348397898240965	6.317670704990064	6.400554493093591	0.07882811973408366	7.32886487356614	1.0254819518763725
PDS5B	8.176171300929251	2.220446049250313e-16	7.337125676511233	2.220446049250313e-16	8.090202178284061	0.6844628032345224	10.025926795441372
RFC3	4.603194586475095	1.7272194186286836	5.2204956125671735	6.256843077122703	5.085230728763211	4.636337296754438	7.32294773088573
OLFM4	5.731996759798651	10.930559342150474	5.084284391048891	4.214193636545225	2.220446049250313e-16	2.251387557311946	5.581750733729721
SLC15A1	6.157048048868011	5.282559985205628	1.2039467797705532	2.899910209268048	16.158928501611868	0.551943026847181	3.3581177202353945
PCCA	4.885500224291707	3.392401976567408	0.7206757579914536	4.267172554781808	15.089474288393063	3.9993518767621072	3.5767091552055885
ATP11A	10.653508049452304	2.984253409273437	0.09964077203780075	2.7676627802474916	13.476080866866482	4.757737988300059	2.220446049250313e-16
SALL2	3.526863665038067	2.7251690249004383	8.003928813578991	1.3558287119000552	13.469500538767418	3.793544737411707	1.4859308655992218
MRPL52	7.726539733773904	4.6431403714805555	2.220446049250313e-16	4.818646148704026	15.312886195714194	2.220446049250313e-16	3.4231180135483092
REM2	4.974418534923843	0.4424521579950529	3.2305651460844595	0.7451197401193568	14.238748783432989	5.500150636627268	6.336801750505996
PABPN1	0.6461557500778127	3.9042412762462764	9.226801773330351	3.3107207286085574	8.442622091981917	3.3070580111012564	5.841106185900268
NGDN	7.660694001631563	4.540785121608849	2.220446049250313e-16	0.9311323144011578	10.348157391074082	0.7628489432020986	11.597506318971305
IRF9	13.701876881576478	3.8906558849490747	2.220446049250313e-16	4.131296346279546	2.220446049250313e-16	4.528595679101467	7.8278130053814134
G2E3	0.983870691802902	8.107481340784483	7.131924946218758	1.4072459665656245	2.220446049250313e-16	9.666146827127916	6.778596283095668
KLHDC2	4.60714033849622	8.219335295607843	7.479014975612075	4.515716743024462	2.220446049250313e-16	6.617484077046894	1.973270315268953
L3HYPDH	2.220446049250313e-16	4.193244219877933	8.778985749561256	4.000032565601212	5.632599107664985	6.428493442680873	5.516791557004777
NPC2	8.887721466109925	2.220446049250313e-16	3.531009441688818	2.7645083465304845	11.985141988651675	7.314582941472401	2.220446049250313e-16
RPS6KL1	2.210192051593602	8.692371812924243	0.04200847463816082	5.190522620456643	14.858982041736823	5.11013833996297	2.220446049250313e-16
PGF	2.1731921457678127	4.269861535186562	2.3669113988278143	2.7812940638512664	9.870492681229553	4.706082704275576	9.778088252543863
BATF	8.157629555694985	9.08104615059759	0.2680507965261505	9.24218707575052	2.220446049250313e-16	2.220446049250313e-16	8.525950847677505
ZC3H14	12.197223658841407	2.220446049250313e-16	5.227377048658072	0.9284146565458915	8.290497676870512	1.6003406034831693	5.383022702039347
PPP4R3A	9.944724594767102	2.220446049250313e-16	1.030471077518694	1.6526623802708398	10.75467130637671	5.027387602505821	6.58811334982099
FAM181A	7.205571690359426	8.405959951935866	8.27870283647279	2.91176070582549	5.808005049832397	2.220446049250313e-16	0.5868511977481798
WDR25	5.815066487018543	2.220446049250313e-16	6.373873288628516	6.483318718691952	2.220446049250313e-16	6.602007141452829	9.414295570082237
CRIP1	4.077143159641823	10.60448169769055	3.0905940478996055	5.1690103807514145	12.265876744457632	2.220446049250313e-16	2.220446049250313e-16
IGHG4	1.2400872987954201	5.5755455965541625	4.052343824569761	3.2491706697821225	8.037574019846186	0.544475020899859	13.311030162703299
ACTC1	4.66406968577222	1.4311358434740757	8.103667997201866	3.7269099562854913	6.117122329070448	0.09806888709324824	10.496784934041328
RASGRP1	3.851792582806753	3.1635458559613205	1.923256769979123	4.917837242086743	13.664091533674254	4.36498399618539	3.8757545726750835
PAK6	7.0336018918564	1.1868649548913854	4.909936842271919	1.9681757662229873	4.628403299471983	6.8016603498544	7.715007534682073
RMDN3	8.841020802357745	6.293340537641621	6.713929383012515	3.581383553563877	1.8401359998299478	1.0474883773850459	4.962472264137255
JMJD7	6.563898217193319	2.220446049250313e-16	4.93943352171663	2.220446049250313e-16	12.015349252631356	1.7970185787495039	10.03522780742923
STRC	6.461951307175607	8.53761935257437	6.514182394721709	1.5480278806072687	3.07255256404963	2.1945560608042127	5.189228154338866
SPG11	2.220446049250313e-16	7.354698235843147	2.220446049250313e-16	3.143660488023377	12.826262089271486	4.261104203828495	9.567430435382878
DUOXA1	2.220446049250313e-16	2.8416595283432713	7.834324823890402	5.657664996761125	11.833252224627751	1.7192222724672908	5.663243917500522
DUT	7.274659807641732	4.199007496265265	3.310808065304462	2.220446049250313e-16	8.017106685408342	2.220446049250313e-16	12.397422955736257
NEO1	3.8894027433659586	5.341305477395434	9.423061154131851	5.82614735698184	1.8509866761327252	4.614784421131839	2.5210100783533544
MPI	11.015130769929865	2.220446049250313e-16	2.1132421230591305	2.94414578413999	1.5091097667007398	5.2638025020612815	11.696721916327645
C15orf39	2.438383233342403	3.8104943453432334	2.220446049250313e-16	2.19146845806433	10.801726200979767	7.4590760179423405	9.704873112174853
ANKRD34C	3.62432902428467	7.287562983522703	6.964133823609038	3.730067352536792	2.220446049250313e-16	8.052300201293377	4.206455684185046
MESD	2.220446049250313e-16	3.4476905499791584	6.417007242259329	5.137679974671204	6.395867165066045	2.9444832556700042	11.507476853567564
EFL1	5.159577797753577	2.5884412647890294	2.199941758530474	2.97441721272126	12.37063252386698	2.220446049250313e-16	11.012413459654304
BNC1	6.384619233482268	2.220446049250313e-16	2.3411466419043894	3.364661659654147	15.10155721856324	8.096412064739273	2.220446049250313e-16
VPS33B	0.5627404098802473	2.2163131066049484	6.138987480090422	2.644464983824429	5.042358864834246	3.210316619616844	15.854819392619763
CHD2	2.949647519002883	9.21768074710819	2.220446049250313e-16	10.990537354937988	11.014196749449896	0.1409815534119705	1.8652178424684474
LYSMD4	8.184910457395189	2.220446049250313e-16	6.789973857861245	2.850260857002569	8.7657368881268	6.756694999453982	0.49722220285831575
PCSK6	3.530108506313354	1.9617888678741302	1.6429053765185935	6.565918318371443	12.159806848872664	2.629800488111118	7.7916332653701685
NME4	0.6641318646651919	1.0728103445834787	2.973173893536555	6.063650775334908	7.816247873269974	7.368230190135396	10.254149022270068
FBXL16	1.0317312732646216	6.4580784930782436	6.149110101916683	8.721316339515152	2.7740682673567845	2.136924313961886	7.92731737133228
TPSB2	4.902580982243896	3.7971948172866945	5.107611579113138	7.651352292583325	2.35856789046041	4.977615539568269	5.659864406952968
RPS2	8.826519538601344	2.220446049250313e-16	3.021427352404098	2.220446049250313e-16	11.27560084319266	5.796351462419864	5.9303818667759565
ZNF598	6.0204641117371045	5.448932178304835	5.958034875815478	4.713202668282167	2.220446049250313e-16	6.920325395417931	4.936208558201248
NPIPA7	3.9293190565848097	5.174448324573115	3.7412484859674264	1.9000492890640355	14.485437173505382	5.74816969130559	2.220446049250313e-16
GPRC5B	2.220446049250313e-16	4.315665346123015	8.600655215826617	8.63746623688508	3.4117547864241757	9.300864361520762	2.220446049250313e-16
PRKCB	1.933459189416972	6.36996186312367	6.629535845843801	3.2700806478690163	10.237064441654544	2.220446049250313e-16	6.911256971400857
TAOK2	4.343784074119244	5.57921689812286	1.9772048068223373	6.325727402609948	2.220446049250313e-16	9.154265857390344	7.662593646371288
NPIPB13	5.036193283422469	2.251554270389672	7.390072518479804	0.5812582541191871	10.199632331348436	2.220446049250313e-16	9.677775328350917
ZNF843	2.4024945978911445	7.403623628149036	7.439015606678762	4.7526297256089745	2.220446049250313e-16	7.935836832722768	3.8787746219425396
HEATR3	8.445115555867247	2.220446049250313e-16	2.8640388100014498	9.06126571222239	7.140530088045342	2.652221983222048	5.035676628854645
SALL1	4.401086879953694	3.5964812422638524	3.4250732164216395	0.4006203232321983	13.07277472796865	9.903714520497012	2.220446049250313e-16
CES1	7.7758321017502405	5.816914508789274	4.401045378272431	4.705644880486684	1.0119519768869711	6.692940045041137	3.161588930954232
CES5A	0.2302271808989951	3.421088478460998	5.56895598541824	11.382186853569056	7.650901098986057	0.5004856583732895	7.267027761009855
OGFOD1	8.406932991194527	7.927800420143672	6.429109241706675	3.4993781147960235	2.9192245435759117	3.920713311806796	2.220446049250313e-16
NDRG4	4.044315899673508	4.860231309264416	11.564654471840573	5.034871140041052	0.8982452386794426	4.3792100854160365	2.188899354914303
HSD11B2	0.14661150477382393	6.702049780211993	2.19462677717683	8.24332989246574	4.5834237427877245	13.175861789555189	0.1674893047535022
ATP6V0D1	4.380680709410653	10.095466257198414	3.7221491458353215	4.8841722879606895	0.8617174013379163	6.692476847286183	3.464920192686452
AGRP	5.42284713523113	9.391817197682938	7.315980053363493	4.46845795152594	2.220446049250313e-16	4.129601578218505	2.5272163310934967
CTRB1	4.210908641395747	7.0547111741636	2.220446049250313e-16	11.555139767804818	3.8539273788809414	8.67832077623484	2.220446049250313e-16
CFDP1	2.1233527738782225	3.547732423030954	0.20139642651267398	9.588998931225277	2.220446049250313e-16	13.805147816975657	6.3428054549481745
TMEM231	9.943183763868534	3.729063827809483	2.220446049250313e-16	3.342666797074012	12.141022376476382	2.433399340258497	3.5807280082201087
CRISPLD2	5.7487438485647955	9.06804054631554	4.662212752778949	8.738014531290897	2.3779128172362674	3.368113951614432	2.220446049250313e-16
ZNF469	3.145440223526086	8.526091601481763	5.44419997446399	3.9296198617049622	6.2615832605527	5.13951218065463	1.8817665609421663
CHMP1A	2.220446049250313e-16	3.1733692533643714	10.71975218010577	1.467543344540875	10.005765520725184	2.486450185441128	6.923693713802999
SPATA33	2.220446049250313e-16	3.9217881397573837	6.163472130907882	1.6075068986906516	13.6300093693115	0.5490582199084653	10.101165863857227
DEF8	2.220446049250313e-16	2.220446049250313e-16	8.142521317917865	6.58147827753338	12.861470178047488	3.399896041859943	4.797053348503599
SMTNL2	1.3457725124357567	5.348314542146282	1.6028108061930766	8.451061967295264	6.752201385515372	2.220446049250313e-16	13.272109532854694
PELP1	4.975957941409028	7.932057235535728	5.945004834095636	6.246364692598572	1.6427197640554771	6.38195828606734	0.5364760998673521
RABEP1	3.875760099119412	6.548889980237586	9.53133794903183	1.1347862244136193	2.220446049250313e-16	5.157619113400898	7.115259381892587
RPAIN	7.165800139051668	7.442082976235353	3.220777192516118	4.999500527995111	1.3038412897080143	9.422534689858054	0.03440094754126388
CFAP52	3.1372079340422605	7.014777428042748	13.392036012752783	6.7663135438878	1.4134790165000264	0.48691377314271733	0.6425228503323162
ELAC2	1.9490305333626867	6.821177860551746	6.39515655255549	8.293165763084218	2.41289000066803	6.696518614089558	1.8033765614120774
HS3ST3B1	2.220446049250313e-16	2.220446049250313e-16	9.19309444485394	2.220446049250313e-16	9.386097305322416	4.817269321494799	11.997005829293727
MAP2K3	2.6813341494754486	12.81685287697765	2.550543711517747	6.285005605938467	2.2762220987050545	5.675669384655556	2.3026109509361845
NSRP1	4.804231567489766	7.863892402762101	5.695883594404332	7.76351701743768	2.220446049250313e-16	3.141657585818275	5.233953124491142
ATAD5	9.172907603212456	2.220446049250313e-16	2.220446049250313e-16	4.687204286876668	4.8069489128176945	3.2735918195101776	13.831847151090376
HEATR9	2.636862808242275	5.5719911872203625	8.051966657535829	7.042367728221151	3.289703795713866	5.63177246092567	2.0485590794470054
CCL4L2	3.510116530925711	2.2317829714843445	2.225310765261805	2.3314088544624476	11.646786994261404	2.220446049250313e-16	14.657558441465392
ACACA	4.354460233286884	2.220446049250313e-16	5.699140642718998	2.220446049250313e-16	11.04250234907289	2.9140012333112955	11.547197604541532
C17orf78	8.328485551662634	0.5990269146315512	2.220446049250313e-16	0.12582503440735726	8.038103901099754	5.141997990895907	13.31899066856412
CWC25	2.347647405439246	9.289738648261995	2.220446049250313e-16	6.30688248215514	0.7767606669478289	12.498723816445446	3.901063145064188
RPL23	1.8436499402678046	2.1282477268892457	3.1463427763329994	2.9649175502763576	11.174613934572637	2.5112789739557657	12.574818941582583
NEUROD2	3.2697898052361385	6.340795634291249	10.741741982010199	6.347915706028634	2.220446049250313e-16	5.2829651159289615	1.1384015752071281
CCR7	6.724831270537618	1.4533195728273025	2.220446049250313e-16	0.1501847458077572	11.442500262959248	2.388347715292637	14.024944367765162
KAT2A	2.675787544731766	0.8496769830501325	6.281438201740956	3.655762227847714	5.768685909478178	0.6300068776974834	15.729451786605171
CNTNAP1	2.220446049250313e-16	7.758456209350375	5.301301748344297	6.334040717943452	1.6923157810686078	11.810810571753438	1.6899148920423763
G6PC3	0.1998653971703051	6.434117538524472	8.841824931868823	5.453199683412384	2.9870339410126956	6.590225704568089	3.630594333315231
ARL17B	3.0709559497747843	2.2861732359111677	2.442634375847632	0.48465080682379824	7.55781976957743	5.3238053074389615	14.718183489502579
DGKE	2.220446049250313e-16	2.220446049250313e-16	9.032608641991345	7.418478583638629	10.687865719784	2.793310627567543	5.590218006691536
TRIM25	4.14792445004618	6.257984583062306	2.9620278156622195	2.612796684612117	1.097422972254094	9.571453639802648	7.870771507509133
CACNG4	7.202064376503556	1.1814168736915747	3.8623078769929022	1.230877809251933	10.438646438269352	2.220446049250313e-16	11.467030240871388
RAB37	1.3861504183362285	2.220446049250313e-16	2.220446049250313e-16	12.90038889618723	7.744462052167332	6.515962806796808	8.658690130655662
SMIM5	0.05937404634450349	6.60407937399774	10.539268904359428	7.517020570400028	1.1148293831683986	7.850854472592068	2.220446049250313e-16
SMIM6	0.27798744441812584	7.824499873723568	6.9319725969735995	7.572670939093076	3.8362503513452313	7.42780495469905	0.6075788332246432
GALK1	9.31294580347413	2.820206758117676	1.6663919298196035	5.394358872167773	13.03414545961717	2.220446049250313e-16	2.9229082127750536
RPTOR	7.266483674993843	4.2105521093383285	1.235413170566611	2.220446049250313e-16	8.813982316952796	7.4548478687759125	5.898871045976983
ARHGAP28	2.220446049250313e-16	3.2632386102163027	7.908354536484866	10.648544364220717	5.984844997930754	0.4620971902786053	7.2981812545482825
RAB12	6.52688597329318	0.9714901755259238	6.549024445210493	4.325450073799377	11.322438427968896	2.220446049250313e-16	5.029540149272995
CIDEA	8.325403579205831	6.3437477409228595	2.220446049250313e-16	6.8046987016433995	4.156007181877023	5.032768469162754	4.222912197807016
HRH4	1.3255397789637475	2.220446049250313e-16	0.7481426816742367	2.3742102262634535	10.57137180624991	9.73566705818244	11.939357313853137
MEP1B	8.81158017535473	2.220446049250313e-16	5.9955362973081385	7.056024396920386	6.329867033187149	2.220446049250313e-16	6.435588756857249
ST8SIA5	3.5684956645107526	6.835599724637664	7.5235814449575935	4.856141501250227	2.460290464666922	3.0111118037683555	5.8733027663159465
PIAS2	5.238487652970026	0.8621207220450273	7.503427761486507	2.220446049250313e-16	7.862140999052102	9.854315411481794	2.524462622391625
RPL17	1.83177903039101	1.8151201434371416	0.7668554561536682	3.5369018899886133	7.77385188144102	5.667849576667654	15.291093016748523
LIPG	8.80718740545845	2.6945105042511432	2.220446049250313e-16	1.6160655157286063	13.010682934240997	3.580528377925129	5.721750370390329
CCDC68	2.7194675781025843	8.109773481324149	1.4390781425060748	5.3234091038308105	17.532543910083824	2.220446049250313e-16	1.0006689574404684
SEC11C	11.213692593053642	2.244892247242781	5.762715095893913	2.220446049250313e-16	6.394010848664926	2.220446049250313e-16	8.118361322017625
PIGN	7.874621080374884	1.7029310811087353	4.250535595265751	2.220446049250313e-16	7.19992126529346	5.57503072958722	7.842251519821076
GPX4	2.4411967238176766	8.587562999864769	6.867842470322307	0.6205169082120063	1.1129800560544023	8.599042950711826	5.514815930903674
PCSK4	0.2774370898056622	4.208659044653013	10.321113305926458	4.169861536867423	2.220446049250313e-16	10.10581444433913	4.759061866323137
CELF5	8.621888228405455	4.415856166957779	3.6834834635631672	1.2475704206604612	10.32178539737498	4.176597069679307	1.623676398792877
KANK3	1.2782177733961706	8.255436707979849	6.8929799238897385	7.252980842942623	2.1075823704691725	2.2040515508922534	6.718957865187212
ZNF426	6.404914039457766	0.5158881606099808	10.09957365348712	1.0571474586657423	6.810501673885376	4.712482732570331	3.7339990175738995
CDC37	8.355034558749946	9.73585392289084	2.1529128439918264	2.220446049250313e-16	5.719390918135331	7.548355416563851	2.220446049250313e-16
KEAP1	1.5887569075299357	7.300274498768189	7.277075898199601	2.458902600200017	4.253070623937043	9.65256589122126	1.3097815507747468
PRKCSH	9.813026115870493	1.5292258836356982	3.135958568785219	2.220446049250313e-16	13.390058685134337	0.798153033319625	6.075880796176332
PRDX2	3.354396842417572	8.12212282098542	8.312803493824555	4.897231980455301	2.0028701378080895	6.132923487943431	0.6008756918262872
RNASEH2A	3.4827847264613636	1.1642253035618033	0.08281691701420435	3.6915061976518695	14.694081332746073	5.700342691257289	7.71131024519393
KLF2	3.861020126440302	2.0262006516913207	0.5228066500826642	0.5349330681582987	13.051517666331819	12.631577447499007	2.8835043293236056
EPS15L1	2.220446049250313e-16	5.031281690362495	3.688924512314115	3.2017530634053104	13.743877679741377	2.8952940134897567	7.784036864303634
IL12RB1	5.227191887994411	2.6477455792190465	11.304427617701533	0.6322220446979068	2.220446049250313e-16	8.591452018038073	4.17820579532171
HAPLN4	0.4746541281397106	10.108426951684821	7.435639775366317	5.818562801244575	2.043674293522277	3.3713453858396987	5.173732255145824
GPATCH1	3.2062440605855107	3.085257766901689	11.247117015862207	9.6844542243294	2.2500120211558485	3.683401038756645	0.3459364264233007
UBA2	9.866992039395772	2.220446049250313e-16	0.5510837894112282	2.220446049250313e-16	8.513774159638952	7.522974156413687	8.700712481738515
ZNF829	0.5296518634188877	4.594931813272325	2.220446049250313e-16	6.365096795573853	11.976129368719931	1.3464075727772604	12.587274184245498
ZNF570	4.795948050700473	8.599423450029592	1.3763631484533363	0.6975029179927947	2.944441569120795	4.309957848151896	12.401536198489705
ECH1	3.931129495873927	5.380045447270005	7.158974701405761	5.616134305141054	2.4368965415065382	7.7784027234780995	1.4103559020145853
SARS2	0.6849835235205122	5.741736858330388	11.713211455445336	5.075890691814322	2.178991241529094	5.782939738359551	2.3993967524310613
SERTAD3	4.375981804939151	1.9488267264547456	2.220446049250313e-16	3.051342804904774	2.307698958611578	8.840406126352104	15.503877190071268
RAB4B	4.321516158054034	6.094405964753808	2.220446049250313e-16	5.386843684432919	4.748973849843448	2.220446049250313e-16	16.063834431593406
TMEM145	5.030632076945639	1.7451572666168609	4.1455862309667495	2.1346676236985083	6.1618026760135605	1.7687732293816847	14.401417569164849
ETHE1	1.167825955462366	4.731836963622376	9.699172689600378	7.38777759485994	0.5722506067632818	5.616175244623044	4.770071801770829
ZNF230	6.939403490668288	2.220446049250313e-16	7.175508112817656	1.4045636158721697	3.3326923288687396	0.5326502289505752	15.224687409115646
INAFM1	4.62774609360258	7.777900791655316	3.706051255177706	6.11498518309023	8.521344992069176	2.220446049250313e-16	4.697651216448135
NAPA	2.220446049250313e-16	4.919551985863769	5.11803842288176	4.238552460564611	4.858932153079443	6.990663861878486	9.454220025327437
TPRX1	1.9095380488914773	9.287881834055778	10.296705174982918	6.140609047444395	0.5388033688549259	3.644524789362185	1.5191896522721553
IZUMO1	4.947514744140759	5.663884816899456	1.759364703178452	7.73750008283664	2.220446049250313e-16	8.217516122369656	6.791714141487167
LENG1	5.179782295796878	4.954463086762328	1.5569436440833018	3.37279592558615	13.439269400620951	2.220446049250313e-16	7.421624264279151
ZNF530	3.035130672275501	3.6176108220538605	1.2829584223466348	3.4088152216299976	8.173915903974018	6.590244046188758	9.76080693538437
ZBTB45	3.490239279678363	8.389425766236299	6.496879198013195	4.343075212020651	2.6580548401687683	5.067746766555754	3.475666959317917
NRSN2	4.449066277469231	7.872523977834588	4.071582392245699	5.700670690976428	1.412161407065177	5.750613955023759	5.09698352143195
ANGPT4	2.8724276058663585	0.27572101304873087	2.2266119811732863	8.167713803936959	9.057284730331851	6.1825358261435905	7.334367488256152
FASTKD5	2.220446049250313e-16	5.768766227323645	1.788349118189652	5.295017894291592	15.567917985946389	2.220446049250313e-16	8.843731592977196
RBBP9	3.967644952174904	8.364006951704232	8.443208235431024	1.2597510240599128	1.6146595787730034	8.856131814970432	0.4307386566763558
SYNDIG1	2.312301976295434	2.927428004026382	5.381885245423995	0.7160916640346437	8.052835469143206	7.359046931438197	8.235395964733977
AHCY	7.593262519407824	0.33722018858634506	1.5205870748324717	2.220446049250313e-16	13.563455894596894	6.591116213110443	5.8017882172630575
DYNLRB1	8.637715050579521	2.2588543849551783	2.5453392921231215	2.7458215395821037	7.44248309862883	1.623919068270018	9.668059595236858
UQCC1	6.796896236253229	6.377694098243156	5.581038847654283	8.638346045240478	1.4218055771943248	2.220446049250313e-16	5.472921819828562
RBM39	3.073138025289547	10.265976092832396	6.556801583572968	3.283478985745255	4.676523691839915	5.196956664490128	0.7298171083055864
SLA2	3.9654565601073233	5.6859956804127485	12.89947750704551	5.589275786499266	2.220446049250313e-16	1.8402706766325938	2.948723676633164
SOGA1	2.220446049250313e-16	1.0885614966289154	2.220446049250313e-16	7.131111433380809	8.031436243423109	13.225175924301885	7.1948949715336346
ZSWIM1	3.7194305176013858	9.171464733023203	2.45364121097973	2.9641648320817366	6.4847337978734405	9.650507720779148	2.220446049250313e-16
CDH22	3.2917850676407547	4.556108640878232	4.929956135211669	4.087971427180269	4.383599797554222	1.5812596921357867	12.48317903532882
CTCFL	2.4505588055373035	10.894296111106167	2.220446049250313e-16	7.866665178060769	3.6592225271161767	1.9353436013102847	9.374147972502165
FAM217B	2.5579045450383315	9.207752884806421	6.5601068240839435	5.460542001026261	2.2945815362239896	4.765784837943016	3.256537242562083
ADRM1	2.1649294070951757	6.933560074757869	7.8755212058515704	1.0812512004276833	6.423914683565859	3.368454369378037	6.438427193202376
HSPA13	1.3169489614094234	10.750898478942338	2.4401523695211385	10.559072898081105	3.1833637353861994	5.428500152216006	1.5797107856826829
APP	4.325953105117682	8.659371693180091	5.330130702670339	8.14822932140183	1.2607059569655608	6.397460366178821	2.220446049250313e-16
SETD4	6.671566709154242	3.547721945136198	5.460694617888269	2.220446049250313e-16	15.668687939449402	2.601079104472694	0.5364627031826532
SUMO3	4.28449915753193	4.279131625209779	4.96912191533859	1.5785308083195435	6.244874066411653	5.457371356259035	7.825749419453203
PTTG1IP	2.220446049250313e-16	4.501863805143407	10.904136482122407	3.0072326467303383	4.281990291696783	7.120446599028933	3.9977376078133706
GP1BB	1.6046255950291373	9.317939937206873	4.523677875461079	6.240115703446365	4.216308751629699	7.895456595928401	0.6878522128583695
DDTL	2.3327071432894395	2.220446049250313e-16	3.3476024089678074	11.849557972530492	5.398215189258904	2.5223289930795323	11.02484140680799
C22orf31	8.982814799410859	0.2208490695144878	0.6351723087464403	5.036981109354901	13.349810153401314	4.0427085120981365	3.088148515949482
MTFP1	1.7918965228677144	9.523891109919008	7.361960386188741	2.7858128748186815	1.4999225561419385	7.051632066464348	3.707507363062853
TCN2	11.411056620996069	1.0911019061651093	4.248765666951935	2.618970740231967	11.258339978691446	2.071327300448069	1.1788974334562112
MORC2	4.785414494166537	7.373923032599654	10.06474640309822	6.558384127447136	3.887481262529359	0.6992372867463583	2.220446049250313e-16
EIF4ENIF1	4.0225592333473195	7.776536085953435	6.2892436387036135	9.12339268756777	5.41415049965729	0.5781125539949299	1.1996550867071125
IL2RB	7.072862568071792	0.17919698077650636	5.928564245205235	1.8623408056330688	3.6662132782067403	0.387027284169037	15.66241996976491
FAM83F	1.8667446964412626	3.3677473393294424	5.739129530617542	4.14159866570808	7.966247892621875	3.4767235534419387	8.851554130142759
PRR5	0.9547515875474298	11.51308347863412	6.986683750445955	2.0422566007205836	2.0106319715613052	5.9854652289972305	4.467480555073033
KIAA0930	3.0674622732652344	8.628003996186504	4.379981732366266	3.9448910244962683	2.0552885668882954	10.090210573814268	1.9219633321507583
ASB9	2.575590673264181	9.601367661242797	8.067536443329491	2.871498981269142	5.775344463078115	2.5831781630410724	2.3380945044670094
APOO	2.220446049250313e-16	9.96787658566852	4.112162388319996	6.663155961899649	1.6993912500312645	5.907387650439457	6.812899556332437
PCYT1B	8.785064430454385	2.6119537485584026	6.2250469774477875	6.623913166254034	2.220446049250313e-16	8.999690009272507	2.220446049250313e-16
ZNF41	7.296199581788442	2.220446049250313e-16	5.241750071261439	4.619321686903987	8.56245162338853	2.220446049250313e-16	9.663571394382222
ZNF182	2.304602085376945	2.220446049250313e-16	2.1587724434117153	8.20880203481976	6.600754337267407	3.0075835571549816	14.375945526460887
PORCN	3.431722278290637	3.2630701185567066	9.417079111524231	3.878472296098737	2.220446049250313e-16	9.767958081032416	3.5193576128972652
TRO	7.985110892617199	1.3669061441303754	1.5514117438607435	4.3415973406836335	5.524597622120531	2.220446049250313e-16	14.971757669187324
IGBP1	5.037756276688085	3.714829600270752	1.0508649536765073	6.455482103619628	8.002208347839654	6.543131198417308	4.650615400938939
ATP7A	3.922943694697107	2.220446049250313e-16	1.8336564290926312	9.0493849608138	5.768611011474928	2.4206394942124985	13.606928420806334
TAF7L	0.7118613531573693	10.067519776639193	5.09749898674724	5.763384182888489	4.823987649818067	6.641071754132423	1.5085269425108114
ARMCX4	2.8245358245697307	8.918064210203896	8.723521577442028	1.0689231265272134	2.1869137830426815	7.126157941626329	2.4115895068881343
ARMCX6	1.3721589595159354	8.390456518875615	8.268891564568928	7.200909979814843	1.362900660467682	7.213789332026017	2.220446049250313e-16
ARMCX3	1.2037450160703538	10.771501936662073	2.307030462302137	7.802285314001461	6.151722543201721	6.982910516246063	2.220446049250313e-16
GRIA3	2.4200711752534514	4.896996918982557	11.675237477064698	6.124122242029179	0.14195654262812152	6.2369613324596	1.5997029223275194
ARHGAP36	2.1691622922011407	9.269332286560914	6.603984671167174	2.008140735640235	2.5947961691130557	8.808908085927687	2.2939470996458033
IGSF1	6.837790819070218	4.572217761721607	10.438488695949822	3.866391589221692	4.170509986871295	2.7722113518967832	0.1536939713849419
GPC4	1.7915362430455863	0.5609535752782833	12.60953251533955	0.8836360898808171	5.339404635807255	6.868186935911286	5.433954092515095
GPC3	6.9442684221991415	3.416309046266541	5.934244214235091	3.9523619144784075	11.517280119556663	2.7638367580327774	2.220446049250313e-16
GABRA3	3.941834993750809	1.7543403210037471	6.99631598633059	3.515276015852419	13.832741421953717	0.933410491459127	3.986389274470988
RAB39B	5.8646072464235495	0.7947906250207115	9.471119050934636	2.220446049250313e-16	9.144158035193065	2.220446049250313e-16	9.039249662455278
SH2D1A	7.747565920054463	4.954400216619769	6.9186736021513555	3.818238629209444	3.0235688769580236	3.7957429454815084	3.0662265634472656
