gene	S0	S1	S2	S3	S4	S5
AJAP1	0.02785972483368641	0.06080986151298382	0.031153255931212962	0.06663712985779272	0.0	0.0021801493932715565
CLSTN1	0.01294447015488398	0.06034254737478028	0.03433798625604779	0.025239618812728844	0.0	0.049798321980174295
UBIAD1	0.02113772396131771	0.02639480187278344	0.041611076698038325	0.061386315628400044	0.05697030089992122	0.003513586443119655
WNT4	0.0070596820072318925	0.008568043563966421	0.07270846047584177	0.018507574380366838	0.04471212668558694	0.048258501041851455
RSRP1	0.025548494302999596	0.012946004558054005	0.0	0.07708114314874963	0.014795325071088876	0.04562929644880589
SLC30A2	0.011675410390369923	0.056972984538531335	0.0	0.024943289984217534	0.08057850842018366	0.042977052381550335
CEP85	0.02833247163750032	0.02527375222033383	0.022850751131912844	0.019965300095463483	0.019171735574389597	0.06737055152116388
ARID1A	0.012361456358206782	0.003951620664167284	0.06414905071729866	0.0060843826276900026	0.04192213865301417	0.06621430949394251
WASF2	0.017149372093043284	0.0023759037799206805	0.06033930806585047	0.009242125977822778	0.03274649376764293	0.06833007914051002
C1orf216	0.022930154813442353	0.020627745916132523	0.0838118194226152	0.006683341605562563	0.04845064298759372	0.02890102660689887
HEYL	0.005491218595691743	0.0209484897904955	0.054031248708668066	0.013771539273082101	0.06608233728683634	0.04915879757078252
PPIE	0.013043092528564212	0.0	0.08058764882907635	0.018132082954549777	0.06128327880649083	0.037219219438654236
TRIT1	0.0	0.03761880263521648	0.04395085019103312	0.02238010746173194	0.05943080821794884	0.044614594570965546
MFSD2A	0.00499832319602253	0.07158259779049218	0.0	0.04722379825683674	0.06565150255605495	0.023231150614809667
KDM4A	0.006781350188992526	0.018846190979193347	0.07478424871499782	0.014910383781152912	0.09017885772041334	0.0226044100158643
DPH2	0.06045628300206083	0.04395195750506588	0.012443402536512722	0.05755620997418493	0.022031450310019202	0.0029569724698878743
BEST4	0.02831191491314192	0.06758071235025043	0.0	0.07614187451022869	0.014287729618032607	0.0051737830225050485
UROD	0.002519853649950599	0.01245629310307585	0.07228229815422857	0.01465755948910867	0.06621704026466932	0.0428095196059297
CYP4B1	0.02513608129608978	0.036525375390928566	0.0	0.07784248886105136	0.035013516446982106	0.018758672519168157
USP24	0.017640106918316856	0.04195106632724453	0.05557241141196561	0.0027888270065539963	0.0325676521000887	0.04966827221293322
PRKAA2	0.020217636052868925	0.03865667323851698	0.009981555078649633	0.03790165488552157	0.0	0.0656605368810031
RPE65	0.015706204412014518	0.0023269616931255654	0.07347563188583002	0.008281958344166607	0.06115756999041735	0.048054442462765794
CRYZ	0.045796131722082675	0.03867117009269472	0.0	0.024228446990453432	0.012775356172673918	0.061739066191438284
RABGGTB	0.022835898101880425	0.0249021976909805	0.053752727236503844	0.02667180965711417	0.008882505976630256	0.0469711297428555
ASB17	0.003617299825095245	0.02969868102803741	0.04492346689075615	0.024487169833452685	0.023570594074034883	0.05926906105829164
CLCA2	0.07382702297821297	0.06233723452564049	0.005203454795845118	0.005767347387173354	0.007522141983876822	0.03882123158566833
GBP6	0.05899929619375967	0.09718144304833859	0.0022636612999128313	0.019741763325309053	0.021628033806696097	0.008453066921667625
HFM1	0.05595745471578806	0.04463413062515141	0.04380645716450227	0.025028324863835702	0.012858876723879734	0.01647275130610499
RAP1A	0.010642135294704156	0.09085226796793737	0.0	0.03467310392951956	0.024248751536867123	0.03603976091838949
WNT2B	0.048778270528463744	0.0677383383024246	0.02295158463870373	0.031863143877303594	0.0471068253464804	0.0
SRGAP2B	0.020681984539410787	0.0787763184492443	0.014657998430930746	0.014510231747194645	0.0	0.0548957682599514
CD160	0.003994205430748362	0.015670199428339644	0.08647351056632818	0.013162881736455934	0.05849034096084974	0.034000987777485066
RBM8A	0.013772879811360907	0.0	0.0369802149465081	0.024005285104264126	0.10203346653485333	0.0455819521395449
NBPF19	0.028709630402756776	0.032386036705171525	0.046808568443847225	0.015215398146058037	0.0	0.05848390592575199
CIART	0.02692264395157937	0.0	0.01510902916951148	0.030540278167844274	0.036292281405319704	0.07557720703633108
ADAMTSL4	0.04625576691313108	0.03135632447640532	0.0	0.06984820708652699	0.04545570604647371	0.010836507945218463
MCL1	0.036949390733439065	0.04687094864598415	0.07574398273026499	0.014459624737065618	0.025272855431845057	0.009060234500154666
RFX5	0.07725948841302813	0.0	0.016453557313972487	0.04130393194347968	0.02144623967611384	0.03436749482410006
OAZ3	0.0022470892132979412	0.05878273725618804	0.0	0.08487492575533095	0.03563197046775004	0.013906487572126324
RPS27	0.008238902089434572	0.009998998366796259	0.05130419563108437	0.009434146918902181	0.05014553571914762	0.06794229849016045
LRRC71	0.03896002192708072	0.042011296602509914	0.022217534661944843	0.04939985032454883	0.06426793271458275	0.0010727772208472086
ETV3	0.0012287771323229188	0.06402193857180861	0.019035692372616556	0.06782843982993675	0.0619844606705664	0.0
DCAF8	0.07375809925466571	0.035170235161439384	0.0	0.04880255723564464	0.022826712169183597	0.015972465888394665
PEX19	0.040258048641700225	0.09775406971190063	0.012358111378846869	0.020344660334827885	0.05453453224050577	0.0
DUSP12	0.034772351799843455	0.058643918933835595	0.02745621566402474	0.06464046884748699	0.008349421818518549	0.0
UCK2	0.009484334299686344	0.03550698897702178	0.004393729117592093	0.06403506414918246	0.03874685068376042	0.037989130442161435
POU2F1	0.02830272344698718	0.06614077067085125	0.02531000782015945	0.06268059897585902	0.014904254836120184	0.0
CREG1	0.018230202164464145	0.046672355773922244	0.02130959111921111	0.0015124818135386607	0.02889453188606621	0.07345845956438846
PTGS2	0.013847723328599905	0.039136223705125255	0.07953144544024417	0.018314104610502646	0.0028057294223007073	0.03568960181980146
CFH	0.03928986735627177	0.023687982503306435	0.02787437176653762	0.07046518224922656	0.04540520251315543	0.0
KDM5B	0.008003327124232072	0.02850545660606405	0.0	0.07657047890811797	0.013304966149413342	0.04816728904626154
C4BPA	0.021137873198046154	0.05370506375506842	0.018025985031426692	0.05676798297720511	0.01809540961509378	0.022824393999038392
PLXNA2	0.07595050551323206	0.061769234501530934	0.03738849295228509	0.019883144681968834	0.008341391283246645	0.0011295473996009513
NVL	0.020931212826705327	0.0	0.04590888747418275	0.00956008622728844	0.06141537127039164	0.06448410553435578
MIXL1	0.02602264786573787	0.0	0.03815338873456323	0.018229274459018854	0.052562134367090396	0.06345373409266815
RNF187	0.06109807943692352	0.010585724548731034	0.07965263451350159	0.0409845383861618	0.0	0.0013483186924036952
KLF11	0.07313478856324811	0.03083515840492262	0.0	0.05243087275400624	0.01967880821678209	0.018216476980044315
SLC30A3	0.012588016279355338	0.005924055680912877	0.02260182826692811	0.019581637509166156	0.012772293748304256	0.09583827799721346
KRTCAP3	0.013095958529807496	0.01313488953985647	0.026306304180390743	0.06491942923748999	0.017774234387442113	0.04381865301554897
PKDCC	0.07311307502169676	0.04184658858224202	0.0	0.05910070718606775	0.030456079233604407	0.0
CLHC1	0.03758107431739675	0.039367132667746704	0.04834419167326436	0.01857235981530494	0.020772743344280444	0.03248834677294696
AFTPH	0.003907544880685263	0.0625721107646889	0.0	0.02051851166516418	0.060616198731908925	0.057130524698192776
CNRIP1	0.02065328637992503	0.023170773909579535	0.06781343866577094	0.006893108351385277	0.05991086981548928	0.03527555879746833
NFU1	0.006182947419671557	0.049262738042138245	0.040785964040410454	0.015179805661680316	0.0461084103908974	0.04641999448728135
MXD1	0.0819584546355954	0.0	0.06745684642069452	0.036775248386124115	0.01657780778949004	0.0
SMYD5	0.03360707100610382	0.014440446468444218	0.047665207646855084	0.0	0.02290711673880868	0.069962957786837
SLC4A5	0.09059905562020817	0.012593473662485836	0.039713022426354404	0.022837073999458973	0.01070912305264415	0.019782614369678996
TACR1	0.029239237003086425	0.02742697208811953	0.0037145841637080046	0.022175411171395817	0.0	0.08604596820839144
IMMT	0.03877778576700703	0.026539770549579483	0.03885494754373823	0.05119149146748058	0.042754071553905516	0.00783320381952803
ANKRD23	0.033184964870914914	0.03786120501046784	0.036923421347149994	0.034407123253685494	0.03970733583015284	0.02217443325699702
IL18R1	0.04688909654946444	0.031312490629603694	0.0	0.0762580205736362	0.028563248505913432	0.011714329819984517
POU3F3	0.0504569337377964	0.04869623325119801	0.00016416784831818344	0.07297736998324122	0.02713827543157826	0.0
GCC2	0.005390466907796849	0.05977870257130233	0.05193186830574823	0.02426776341336232	0.020382845040245935	0.03407912723343161
SH3RF3	0.014525315780360152	0.07860453964529132	0.04568011421768789	0.015695021300381525	0.006748446809456951	0.032573693759397726
PTPN4	0.04590014946744466	0.0	0.015312567042718786	0.05374901516525663	0.0	0.05561725236978699
SAP130	0.06691219793003868	0.06556786676251289	0.01222087362180593	0.01327087146353009	0.0081747882527852	0.029909131217261534
RAB3GAP1	0.04605512823319496	0.0719339748067558	0.03259410448359823	0.04535974497958374	0.0	0.0
RND3	0.06729976607367225	0.0	0.0	0.04342412223792209	0.038052006754778024	0.044632868853361846
RBM43	0.07108533729957746	0.0	0.004264426234094069	0.05892757886068625	0.06845286996387752	0.010865253461628487
UPP2	0.019737879980172294	0.07501897887081692	0.05742670674727726	0.028771530507969795	0.011117489755338583	0.008579291792658846
TANK	0.05565765585573089	0.05032069795547142	0.0	0.08119428101480955	0.0	0.0
SLC4A10	0.007772991028693787	0.017067304203721028	0.030321112489997852	0.019126140054601455	0.05267937241271853	0.0687644468344266
LRP2	0.07593812332947743	0.0	0.03072029377286754	0.042739960235872884	0.026535444624479775	0.021088104085677253
HECW2	0.018983668588433054	0.0425691474010073	0.052194075700011756	0.005928157695277513	0.013043077903947924	0.056093184168444735
BZW1	0.0	0.019179237549546046	0.06731987604715743	0.03299099033834271	0.06882179019491616	0.027968893914649014
CLK1	0.004132096229712079	0.029173616999108	0.052087642348508115	0.019416725973645913	0.048843659645283484	0.04820789828003155
NIF3L1	0.10765457531863189	0.043347485502190905	0.0	0.0020314292400807586	0.005494696724081758	0.036144217035927455
FZD7	0.021884200970781018	0.03841149966282078	0.02477625578872936	0.018129023661646936	0.055268900896318	0.047401728389813796
CARF	0.023246192025563234	0.036836246074566564	0.05039005429821795	0.005400944943370099	0.058911700030732074	0.03875247805326564
ZDBF2	0.06565172151405961	0.0	0.03561781791203935	0.05192300997124819	0.01244202413989102	0.023683993516519806
UNC80	0.030181726189060506	0.06566394464356984	0.010224251970575908	0.06485796206923768	0.022718847685865337	0.0037098177708387997
ACADL	0.043712465479836586	0.009109559803705185	0.06337972241179363	0.052704956856694664	0.04000645788734372	0.0
PECR	0.034964371399621774	0.06369606720680603	0.00837830413591102	0.06853253357530661	0.026431283781876494	0.0
STK16	0.0077361562099455715	0.02673639854608627	0.057910437057946504	0.013845163047988144	0.06572145076819509	0.04064485487850143
TUBA4A	0.058501700979351284	0.00007343706392107249	0.029285733567447698	0.04072471919525363	0.005015672583749698	0.04614635846497619
COL4A3	0.048625643170520066	0.039190147614013834	0.0	0.08283983032173563	0.025296369803212326	0.0
RNPEPL1	0.04547731422645177	0.02960368528050127	0.0229587843303273	0.017969113670723978	0.026243792306097247	0.05016906003329401
LHFPL4	0.03163682964106026	0.013826549996461188	0.061060851842729975	0.06203124738316344	0.03488386509507397	0.0
ATP2B2	0.06736163438193575	0.007898301946255007	0.0025534443491425874	0.05682320009282397	0.0	0.041412853921887684
NKTR	0.04882851519669628	0.0	0.016122523105100015	0.007073569994159518	0.017509344987650277	0.08837382079942795
SHISA5	0.0024667014092617638	0.01755941958916049	0.07142359573941368	0.020398842919250947	0.038369845545836376	0.04728922854761645
UQCRC1	0.01660892777446932	0.0166405797825978	0.06930207190058535	0.012514922317517507	0.028470389660582174	0.05045513685215428
C3orf84	0.02389597329254225	0.021088327272421097	0.015221350823462699	0.030841654022904622	0.03376102361998783	0.06276466455396099
RNF123	0.043212272350952985	0.031014649192577383	0.026852881821194427	0.01172730854027422	0.05612753091857013	0.04076197934645546
SLC38A3	0.030180160406940375	0.0517388934176058	0.0	0.07265694852059777	0.029717771806358848	0.011516895777824202
PDE12	0.04857084595608825	0.0	0.04789372488899569	0.05338714128574294	0.025077507297168768	0.020247495030149523
ATXN7	0.03062786082265663	0.0	0.03767192476892985	0.003416958002433446	0.04065342063411359	0.07861752212194646
PSMD6	0.0006055048193585991	0.03726279346905593	0.07774213564337552	0.017900414841662212	0.03999828766105228	0.03170547869757259
EBLN2	0.0652991757388222	0.07282831231841044	0.0452193779167516	0.015034583569874986	0.0	0.004420383376205438
CIP2A	0.07444797750787593	0.0	0.04368903036147023	0.03707065884000361	0.024612327048278457	0.01863113710080275
TMPRSS7	0.043723173834376086	0.0034759111251002205	0.07873834440820247	0.02952153372085282	0.06873597291250089	0.0
SLC41A3	0.043828754228023126	0.0604268682241161	0.053830278182198536	0.015930625823437898	0.010636029209853898	0.016606075579659863
ALDH1L1	0.0	0.045169161411975856	0.07237610169634182	0.06626071608921257	0.009748940624102788	0.0
CFAP100	0.07299402368010464	0.04467019004191221	0.03425973974316822	0.02700930855611473	0.014817747634576682	0.008124345026597053
PODXL2	0.02896577011600848	0.04464285631851256	0.021202017484506057	0.045574974402871386	0.0292267182362318	0.026396103078477902
GATA2	0.05931821830213498	0.031317670445248066	0.02701920946820967	0.0463165918492268	0.020144275854005567	0.013054394585621054
CDV3	0.07164669891697238	0.0	0.05123808214746444	0.05138898914277688	0.03178832020148243	0.0
ESYT3	0.05178638363641063	0.04878743225668013	0.0018872399195347753	0.07215358274685989	0.021852780425003212	0.0
PIK3CB	0.027871696421833236	0.028491449270823994	0.0391275157569785	0.029892089873564495	0.039925603284393506	0.03540848689305661
SSR3	0.06442520306504919	0.06906642208338998	0.0021208884454723196	0.021022792415786456	0.07493320860785992	0.0
PLD1	0.02005646905347792	0.0	0.07598985988643296	0.0178864199116687	0.053429569870438606	0.03905118086595623
ECT2	0.02474193745182135	0.0052403556765063175	0.05305709954846721	0.032688315140062416	0.05737506648524945	0.03316732283642182
MAP3K13	0.0595968525872215	0.0099647172709561	0.011669383267208755	0.06272254707426382	0.0398627980276824	0.015852062399787974
DGKG	0.03684383663367889	0.02792006506651903	0.0	0.07131942028217267	0.0	0.03860542323877416
CRYGS	0.05084299923745171	0.04257311960860974	0.0423373649348558	0.03698781436296374	0.041890913032965174	0.0
ST6GAL1	0.03465460357970155	0.038451422961204164	0.0	0.04532060843300851	0.006419118322413364	0.05380449512847258
UTS2B	0.06434119398461341	0.08491523918504496	0.030963790726119027	0.022751008436296894	0.0	0.0
ZDHHC19	0.012146835730185341	0.042719868518316585	0.06939383175105267	0.014863989119521453	0.06840645377218596	0.015870302944003347
IQCG	0.05435755945310678	0.0431284441809267	0.03878846509126603	0.05442950214495389	0.0033576306111655005	0.0
LRPAP1	0.008363643626831865	0.06691618528016374	0.012072731009439829	0.08112146971243629	0.030176906492535096	0.0
CD38	0.008966993228493448	0.012770781316168643	0.08835376790810265	0.01690845683830839	0.035638186354096636	0.03771724657188622
QDPR	0.0	0.02384768280305595	0.027038065924634196	0.024714358672443322	0.07980882687106944	0.05571268680099968
LCORL	0.0	0.07405033542305875	0.023387734071082664	0.033147068119289115	0.08859521895419001	0.010410337003863622
C4orf19	0.05135034744206214	0.044314865935640164	0.012233681633209368	0.0746594982672409	0.007792315749963808	0.0
DCAF4L1	0.01785818682075797	0.03554913219812551	0.03494218390756216	0.03248643058773263	0.041957512053679646	0.03713974691737737
SPATA18	0.05361578008954521	0.039636007626577964	0.04214134668024846	0.007848450528534855	0.010643485715746031	0.03991627231581789
RASL11B	0.0	0.04930284782070327	0.035466436922399196	0.08210422502305335	0.01068136481461096	0.009404006276720464
IGFBP7	0.023037954205546045	0.015266304752792333	0.05038773691901178	0.0026351059660740077	0.050358835621439654	0.060490164341002274
JCHAIN	0.010705706596368466	0.035960614430671174	0.024316758001449716	0.03390948519589161	0.0756140214710124	0.03416341687567578
CXCL1	0.05106409905917431	0.03692893290851085	0.06483409637364201	0.018472818946117867	0.04511647139589694	0.0017554642531507267
CXCL2	0.021956699734507677	0.038964536256725295	0.06056611026161971	0.001738178723908508	0.025530217546158814	0.04832860172110597
PPEF2	0.055115045933249604	0.025188443604125168	0.02574850463114753	0.06490247396235298	0.031738050674339664	0.0
CCNI	0.008150733264200337	0.06183783109003678	0.0	0.016512593812521455	0.01946193284547703	0.07614336598007497
HSD17B11	0.0434444514691368	0.10200358825169685	0.005175994912113277	0.03694775305674942	0.019257334778549257	0.0
ABCG2	0.03511263107782171	0.026822921794377327	0.018818462924972173	0.0664606141163396	0.026034086086299053	0.018619587236119905
FAM13A	0.011580444554899946	0.03480876804794762	0.07323737572506983	0.0033463709093240783	0.05494852826804105	0.035348852480147304
SMARCAD1	0.01664327908961564	0.015508773863185592	0.011534996494931914	0.011573894627286925	0.07591045516433222	0.073867276258687
PCDH18	0.043692347329732775	0.004448970412438778	0.08090414894257786	0.004521385855598526	0.03571485798038619	0.03489616400523174
EDNRA	0.03309263175339883	0.0538637410911459	0.009608617117978906	0.05644160355130666	0.03160193579020223	0.014696679061667382
SH3D19	0.012375334838886542	0.03901026141692796	0.04697184916763621	0.012030461394513022	0.019762156971221228	0.058988462108512815
SFRP2	0.03339941415528588	0.0	0.04837137765838832	0.02174602447216489	0.0518279800638086	0.04730901025192714
TDO2	0.006005429292627502	0.04867193372581211	0.062403783337924394	0.012655374752821177	0.015359739278814514	0.046373971482485433
GALNTL6	0.07292944393372844	0.025670597093391555	0.032256868006634076	0.05597014219412529	0.00820069472034772	0.0
ADAM29	0.049502513515899904	0.0	0.04959424859656305	0.042160866591722294	0.008741039519081764	0.03577369537853472
CLDN22	0.0	0.04229948622660157	0.04105091223623372	0.021430379336254215	0.06986826143628123	0.039906518604535215
NKD2	0.054947641962462546	0.0028084152513774188	0.03842386829839936	0.001694299190864549	0.026581059479765093	0.0662181726949447
FYB1	0.019428954551454478	0.004620671222712913	0.03904850166278705	0.01198445687814567	0.09353270003422878	0.05110060472172996
HMGCS1	0.02442069853224922	0.03927651514439203	0.057164731360930636	0.005956716086998272	0.0044365466553186565	0.05474194442805204
CCL28	0.023284613537256783	0.006652065313121771	0.0688510703302352	0.013308890392403407	0.0	0.06525831997139671
MIER3	0.020243322791435654	0.01089416877582162	0.05351622862005476	0.006341292222197291	0.027996067094665903	0.0692912183382825
GAPT	0.0	0.04362058071044471	0.015267717300146422	0.02426803526202736	0.07272648893411421	0.053994423941829565
CCDC125	0.025004521791847947	0.03243752821098591	0.05468408443597529	0.056205238166668704	0.039798448740225735	0.0
F2R	0.034729399117180496	0.04742272339709189	0.052360105096639305	0.045503640925729075	0.025134395591473613	0.0
SSBP2	0.05925094821280975	0.0430428943179288	0.0027188724351277544	0.06483870922828361	0.03176112761658244	0.00039835677483977155
GRAMD2B	0.004154426666602506	0.004125279016911799	0.014490550895862635	0.02891640565517681	0.06160984233353963	0.07879389771762367
C5orf63	0.03357327741523802	0.04419532987466639	0.0	0.0831212908672206	0.005032693568998418	0.015591084336888774
SLC27A6	0.00962615333785125	0.015016117333060635	0.061018649445045335	0.006381914080452318	0.05601198122579927	0.056219931180943115
HINT1	0.04215964893574013	0.021473971954028104	0.0	0.07882110384152792	0.03402837965892919	0.016599702004838637
PCDHGC3	0.02768708840949076	0.06570328031780098	0.05231757533763719	0.03704940169967649	0.023558593201972677	0.0
PRELID2	0.004758974033933332	0.07229863754901812	0.018966541323462014	0.03941257435646125	0.0	0.045699399363159775
SH3TC2	0.007826682668694861	0.05358085174741548	0.06020093602467973	0.009142793742064566	0.026047707829118777	0.041993501169632234
PDE6A	0.0	0.0147595214336105	0.03184242088186039	0.01682798677292139	0.04010419038971313	0.08240004457080538
GABRP	0.022818055170586427	0.028953169997592634	0.028933228258068086	0.07931188168753626	0.023009739327181977	0.00819783367474379
FBXW11	0.041495816340575316	0.02361424177547354	0.03886673421658856	0.05145864617428512	0.013580882054215877	0.020502780734039612
THOC3	0.004824402060668164	0.025135028737362695	0.026306701436695928	0.01058544802124061	0.05239994085757526	0.07600252854126792
PRELID1	0.03515501365643009	0.09126989631111673	0.012822121769265728	0.006378401821647741	0.02147496628683497	0.03486846633345196
N4BP3	0.05647764770280462	0.05841349964413674	0.0	0.029392762140389314	0.06053169910874863	0.013106283482208554
COL23A1	0.06979762842190415	0.0	0.016049215835912376	0.04643467891165085	0.051195555468010516	0.021488036065835908
CNOT6	0.051568740575206204	0.04823498163034548	0.07208222593214067	0.0024836738951982823	0.0	0.023123843226353934
CDYL	0.006512526122139166	0.022787859503071477	0.0506829729871747	0.028054617553898247	0.09052887692820201	0.02564543058444563
ZSCAN31	0.013267760179028074	0.04263654382423166	0.07315398921403697	0.01260081443435382	0.0128761050622114	0.03857812774774906
ZNF311	0.030375059163562524	0.023021323753825713	0.053064934853120596	0.0017226349469475035	0.02964189517896005	0.057226162073029364
VWA7	0.03220683376780324	0.0490068575544531	0.07862655569250114	0.009144455686308802	0.0	0.025691794001969612
DXO	0.0639048448634443	0.0	0.014097742917413654	0.0011947759148919262	0.05122491369088655	0.07014419384270747
SLC39A7	0.015131534985506175	0.04174846001508004	0.047132138782859254	0.009665670349349446	0.02721607818227044	0.053500098120704574
ZBTB22	0.04279841843532187	0.021681166881320865	0.03984325702344062	0.022407418853765525	0.021715276907659523	0.043288719857039755
TTBK1	0.0	0.0364289592618091	0.041294127220063	0.07287005995825492	0.01863810158736514	0.0186032715495173
PLA2G7	0.01268131140694962	0.054931450328762	0.036608432848714685	0.0244633324717421	0.0	0.0527487321193717
HTR1B	0.05373767350619746	0.0	0.024049736272183667	0.00362550160785246	0.025427108342337013	0.07927303798665868
CEP162	0.005786453744856848	0.07180512144172725	0.0	0.07313937861573232	0.008219286977536634	0.024473891624066324
UBE2J1	0.03154768782680028	0.07745318237907974	0.05173801775293738	0.007728155726736149	0.03559644026914846	0.011090925661160834
MICAL1	0.05119490641004373	0.008817876649885818	0.034405575348533786	0.006945385949859936	0.048976869149393365	0.05293793161988829
KPNA5	0.02908151968419515	0.0028671346972280885	0.0	0.059513672937571475	0.08512949544425645	0.03419749042296938
MAN1A1	0.051679790552449915	0.011047467275700098	0.06134938455605475	0.045804311158704564	0.015147349363418836	0.010603345154999312
PERP	0.08384877580051359	0.04476183763845216	0.024796369155167038	0.003089036700762694	0.030922244165540187	0.021634210401513285
ULBP3	0.024670226391500398	0.01412459130952806	0.016875190014982656	0.03430168739393321	0.09314221566004846	0.036711436264616606
SCAF8	0.01297115843233534	0.008613572927326044	0.021670114223157375	0.012480829634249457	0.05617460364415483	0.08173171722807744
WTAP	0.03948485865727946	0.003366362454024448	0.01895410312182503	0.07676812054833564	0.036568986190947686	0.017743087877070303
RAMACL	0.0042547091792549336	0.028956600285164093	0.05995525345895884	0.013592942197805487	0.023658574971734205	0.0590520012142842
INTS1	0.039693780072142165	0.022484761224515204	0.04119806685607347	0.00712949362077834	0.0	0.06842968207429204
VWDE	0.04666159762700416	0.06889536782948578	0.02845231881943988	0.048583060074517195	0.004137074827677531	0.0
C7orf31	0.022958675993758653	0.010155851235264243	0.03539682351139437	0.0013307801783986725	0.06491555018471949	0.06960863496822804
STARD3NL	0.03677220106677266	0.0	0.05510200533351624	0.006989470153577486	0.04360522007858175	0.05699668116263071
COBL	0.05930084166424306	0.03168308343532656	0.012390571487986503	0.06381410166862508	0.0	0.01653301551315484
EGFR	0.02473509981303003	0.018284437856502685	0.06649416794986253	0.04766404575488404	0.0630305612653405	0.0
CASTOR2	0.05002983267558201	0.004954229918265882	0.026651427017617073	0.07042583461472354	0.03080694630003242	0.01163714564190955
PHTF2	0.05727999717051312	0.0	0.0	0.07350006614146379	0.041446011498141894	0.023292943230021436
MAGI2	0.07151201696116995	0.0	0.0	0.06432214853536018	0.02470333221820284	0.028634568942510572
ABCB1	0.027036763479992534	0.00020108357156068584	0.061480970508090156	0.05735453093453614	0.0	0.0323615837302749
ADAM22	0.0641305254964021	0.01895569049071018	0.02676986539773497	0.03941602248411857	0.02129838583500155	0.023812142687696287
ZNF394	0.05880176252333764	0.009494200888719039	0.036771728497571925	0.049515251299387504	0.06352642825823646	0.0
ZNF655	0.015609306259639463	0.0	0.02642841518577164	0.025028198756805807	0.06327827421907165	0.068518258750955
TRIM4	0.07246865294796814	0.10092096762770052	0.006056826494553947	0.010808494361334027	0.0035408708957010634	0.009886124991621796
CNPY4	0.06690171156790936	0.03480835564636407	0.02586849848575158	0.05852877988154511	0.006816475877342097	0.0006689909926956061
PILRB	0.027918435248415717	0.06447267902050884	0.04543855801968709	0.037821292379411	0.0	0.015782659200510613
MOSPD3	0.08698164099191448	0.0	0.037795749127191566	0.03399285386844835	0.029151994937085937	0.01545788126343879
SLC12A9	0.08010811736703029	0.04371228209965292	0.024059735824066328	0.0072113016234926375	0.00934175287013009	0.03132243596237747
GPR22	0.020450203788637777	0.03489167781789692	0.0175840094078066	0.06803796219294478	0.06483780398517823	0.006140440967155604
BCAP29	0.037184232149406235	0.04492897687422902	0.03166456558182522	0.05847300805245167	0.03239903758859536	0.0
IRF5	0.030498071766320342	0.050129617917398235	0.03581780228253969	0.06293122902285195	0.018943727088933854	0.0
TRPV6	0.01564637682503866	0.04415650523945131	0.04877471519007934	0.0072612487024163175	0.04167485257438667	0.045884246520459256
TRPV5	0.010660708628383747	0.02086930087446237	0.03720668122769569	0.00785448460332343	0.04374888053273005	0.07299162909467924
ZNF783	0.04841784809068312	0.0584674067861445	0.017928955365541083	0.06352210265203181	0.003900152903093922	0.0
NOM1	0.09392714751289996	0.027865947783508854	0.018303661513886054	0.018900562941279293	0.0013157368632233288	0.030277293790291437
MYOM2	0.02596835901183729	0.07450524489233078	0.015509393210590059	0.04508862549881273	0.013308728763000698	0.019069131470657658
PEBP4	0.047051650383302474	0.04146940618997012	0.07337794605944366	0.02134283120034492	0.0176862044937863	0.005048351581612096
KIF13B	0.03192256125816926	0.07222064434079215	0.03499040826395787	0.003718245857500373	0.0073750386839044795	0.04330604236156326
GGH	0.03267534200400132	0.0	0.02025828616201746	0.00541907825826346	0.037983195737666724	0.08946068753789625
VXN	0.0034010385394530433	0.07124705910033101	0.02955995989818367	0.019873877056050596	0.06686538206544285	0.02691799332255761
UBE2W	0.006186006424297189	0.07663000681842423	0.025132049806540338	0.06961505160352392	0.008599396154020026	0.004643052174604285
ZC2HC1A	0.05261028406219014	0.07014281073127869	0.021575845573443716	0.0	0.032917452786067065	0.03175685017971694
RALYL	0.027051352873672874	0.01741978844669512	0.014470438260736318	0.03970157396568604	0.042115341025207656	0.05260778942174816
RIDA	0.01731432714940416	0.029177279114532304	0.013320360494289012	0.012406046068959363	0.030087285735194362	0.08155423162201227
ATP6V1C1	0.0	0.06484268101010746	0.0024775168821758644	0.04130368147946735	0.03788591345018917	0.047970695989265844
EIF3E	0.017955674343349225	0.031053171885362177	0.06662379777517767	0.009875902239135283	0.021781302518527643	0.046755637845416476
MYC	0.06239084184246506	0.05814498717903811	0.03068749508925023	0.01300939878587833	0.0	0.028811969552912906
CHRAC1	0.03521321718824103	0.00017668700344011242	0.07465762443944515	0.006775988467040563	0.030416013992825536	0.049262723174137005
THEM6	0.02876096643807605	0.05693472941437072	0.0	0.0288297338335105	0.003572398270565924	0.06197572750376304
LY6D	0.03773901733911868	0.03268128712065449	0.06096633356749755	0.0037571608562869774	0.03191694050993686	0.036717652747962244
FOXD4	0.014353596301585472	0.03933377603393623	0.06601257744318191	0.05745206894252402	0.014778856142985027	0.0035890861401864696
KIAA2026	0.020079670815815017	0.03304653172237612	0.04242630183350803	0.018181373377197496	0.08171149372256452	0.02736566844734316
TTC39B	0.037938890446219724	0.030410668937820275	0.010005863553902084	0.06731010129435265	0.035024769491814454	0.016131913523226318
CHMP5	0.013827356711427286	0.07308927756155752	0.018743808549392917	0.013354611458521648	0.03311391636814032	0.04736399559647072
RPP25L	0.03594386029649841	0.0	0.04905189842194133	0.008507514754162171	0.04992223246100211	0.05884623074811053
PIGO	0.022272557733778772	0.03966934851907384	0.0	0.07552917311256724	0.036614397401202356	0.0202140425302172
NPR2	0.05680010166075289	0.03520730351928947	0.014721524598745666	0.06461157576801928	0.007595779803487102	0.010431769209077792
FBXO10	0.019415935125997923	0.03597293807948949	0.036656078434256674	0.061344000917069645	0.0049476962059725755	0.025205144612215406
MAMDC2	0.004619353300570348	0.057845898215865346	0.005272068473458326	0.08961342000982825	0.04069043518242864	0.0008894000454550742
TRPM6	0.07746919649693126	0.0	0.03342625232135978	0.04378097527839079	0.02272319168907996	0.01885432947899031
PCSK5	0.016758633089167058	0.011463990026419678	0.0	0.035253881053522194	0.0827467513065968	0.06052511644703091
DAPK1	0.043614393945450615	0.03228499682311613	0.03815171382625953	0.012350325610266933	0.02926857722197598	0.04297144072060926
WNK2	0.07475411244841491	0.03549984982435225	0.0	0.023246582698629236	0.0	0.049221056487317026
HSD17B3	0.006250823271519411	0.04094753028542239	0.06646649196677856	0.01554375823692294	0.008351897085265568	0.04939330872869071
SLC35D2	0.0011017475774636352	0.015784799941701774	0.04771322766571507	0.021239502528031414	0.08780628880772906	0.044296619770097065
TXN	0.01401483879337614	0.04113157276447792	0.05634042339907124	0.005499448289515144	0.0162164781285173	0.05645114745535577
UGCG	0.041393854933744714	0.03032229816794423	0.037678076268565244	0.017133626240093364	0.005153115835775741	0.05215093685233892
SLC31A2	0.029014359772178065	0.031873548223306056	0.0	0.03702156754659066	0.08834341516863757	0.032996543532625815
TEX53	0.012055513038326476	0.02869639608357229	0.0170167500367179	0.012744535025806324	0.01759175232302665	0.08839626427295358
PAPPA	0.016775172829247825	0.012359747921214602	0.060814460609584974	0.005874350901924711	0.05080809292681511	0.05569745417840606
SLC25A25	0.020912823993307527	0.059939118741556635	0.02831790729777527	0.027593056389240384	0.0	0.04631295142407514
PLPP7	0.0006036284028987972	0.06375683613328086	0.045537640930435226	0.00987566617748222	0.04434473091013191	0.04218889655683195
UCK1	0.010645430615403954	0.017019030596157485	0.05769943846531086	0.007571594651673209	0.050479357390536	0.058025972358876673
NTNG2	0.04865900984930346	0.007298341611454408	0.03782037153432371	0.05582340840181826	0.06653237516970176	0.0006243884519752187
GRIN1	0.0926639383739618	0.0	0.014753521934166987	0.0006692584324031977	0.04878570825692025	0.04879867835326508
LRRC26	0.014609417347850248	0.02225567113641921	0.0568308370537942	0.005724559398929946	0.047689235529895534	0.05510927443893503
ARRDC1	0.03249151286630135	0.09838094466182541	0.03828263826035897	0.03089829566475339	0.0	0.0
CCDC3	0.010230441642050872	0.07502529841620037	0.049525279793450644	0.029873261218154333	0.021261370066719357	0.016078334650412324
DCLRE1C	0.039655298230535145	0.03891839329030398	0.045111966498825	0.0	0.05426324085847672	0.037361264558972616
SKIDA1	0.05132385982280194	0.012796056957771194	0.03507109376944638	0.05806253971122352	0.0	0.02429758276842052
ENKUR	0.010486454888882855	0.012055032786139244	0.03594761675100591	0.021976755823736618	0.04222868908201488	0.0682740605963358
ITGB1	0.07864622220588478	0.030213757358807776	0.0	0.06046567364543837	0.004900239174121022	0.013352942932095331
CUL2	0.004045033910237873	0.0	0.08037217867984586	0.019839202226095285	0.04603776357296434	0.04957496288875663
FAM13C	0.06858082134961171	0.0	0.01757139586982885	0.044040654663477924	0.042696528332603075	0.027235555620526524
ANAPC16	0.029265539980516404	0.040164244976123926	0.007541173239105006	0.07809161667515539	0.05126765841229086	0.0
PLAU	0.02143527799199326	0.01614980794259372	0.09386732015269952	0.02367713862766897	0.050802413750191365	0.009651256445062904
NUTM2D	0.05636304369905456	0.010149271697719996	0.03597862657360226	0.06116894053459936	0.01609933158980536	0.011504946587179201
HTR7	0.016764555952866994	0.03295574887363075	0.0328292576666769	0.01567863614328911	0.014686391563985565	0.06946618399413246
PPP1R3C	0.002651943475043534	0.047670597204655565	0.06103742487435722	0.012952372830424145	0.03133743421881209	0.04355991326417973
CEP55	0.07861033628682478	0.012841147463498015	0.029352266521779535	0.053064445490637255	0.03160426497152991	0.0
CYP2C18	0.014125152664062711	0.02192029037424352	0.0819209031295615	0.009373547546011303	0.014440363457804167	0.04874539440793241
ARHGAP19	0.024139857751339852	0.015524845469573348	0.0436678770434979	0.006481106836968109	0.02410689590603004	0.07252507541512114
MORN4	0.03719737632332744	0.05619488725660978	0.012922950103729585	0.04728993459937451	0.015939600920760254	0.022512657818609033
DPCD	0.046767292572945415	0.028397812091923037	0.03454954855236288	0.04671835384765384	0.028916145723436343	0.014896146589338707
PCGF6	0.016554508468999113	0.06176227646906142	0.03656999217211302	0.013596264560463167	0.018932042259971193	0.04633099272052062
SH3PXD2A	0.0373866255496545	0.0703470629597484	0.0	0.06970417468659798	0.02265969258178996	0.0
SORCS3	0.03228832711859145	0.033032728007615496	0.0519329111255256	0.021284081257132388	0.010765965847389413	0.040588159929777705
SORCS1	0.0230647627350711	0.05724193644066881	0.0038928348162977156	0.0402388104782505	0.031134945890267267	0.03883858198838108
TDRD1	0.06266782192237459	0.03980085850546835	0.0	0.05742275547729	0.008278380089273346	0.020183884909598198
VAX1	0.07484671526798077	0.017588196496203953	0.01735593465783056	0.03861852305553364	0.033622797439573804	0.019701255980685964
EDRF1	0.04264493795893104	0.02395989041692111	0.08619316131522753	0.009755032400117174	0.028142520475868613	0.01731054623462841
ADAM12	0.02056229179809379	0.03936353805449609	0.07188811840583892	0.00585892172573373	0.04061120268813762	0.030285284347210464
TUBGCP2	0.10232934222310443	0.0	0.0	0.02428567529737354	0.02909881133232324	0.04025253070681269
TSPAN32	0.015608210941278323	0.03481206723670338	0.0	0.08162968804296565	0.02681601410737068	0.026960017312399075
SMPD1	0.029902540237837713	0.0	0.0532751990536659	0.016576828380298038	0.0019751158746767836	0.07327742107281683
GALNT18	0.009338795416162489	0.06661881257094449	0.01536631777442531	0.020924925183774975	0.054534128419043454	0.04120181906451942
KCNJ11	0.007521126826971138	0.05979538220922552	0.010133867856988657	0.01482476338092467	0.021035111387811615	0.07133502205601465
GTF2H1	0.04650336934265077	0.040505817823553746	0.010239597393609882	0.03590393948951562	0.02088073869915808	0.037421598903924665
LDHA	0.011355770466431632	0.06628133199904562	0.0	0.042498309141396566	0.033814481235643894	0.04072994965267026
LDHAL6A	0.014897581869472758	0.08161058153406943	0.011650020078747396	0.024609418404391997	0.042272924711052616	0.03185013394450372
LUZP2	0.00994698134256483	0.00317875432359915	0.02302416508625278	0.0232668343337874	0.04859468689200891	0.08029695068122426
TRIM44	0.056298332683439097	0.01911813317144114	0.005162998832337421	0.051317462502913365	0.035790437393885016	0.027981446909716358
PRDM11	0.04533971499374008	0.021740551839070758	0.03464158978095056	0.0555510882196416	0.022808751668757527	0.01544644931081867
ARHGAP1	0.030988118702783667	0.004581427602241675	0.02619877823083491	0.08096541054982244	0.06236117380972718	0.0024708103502054384
PSMC3	0.011294438530300682	0.02511074456385614	0.0221273513455755	0.011120137799735433	0.054997118341351965	0.07258434160884736
FAM180B	0.011524873693343003	0.013326056984949378	0.0640186142773462	0.004934204418015	0.051159004144731096	0.057414827740347466
MS4A13	0.019136368516749366	0.010406476604299268	0.09202240083231741	0.008353601283172541	0.06824903844112448	0.022657298766476167
SDHAF2	0.07225759676500813	0.0015185621691285536	0.03247718691028329	0.0	0.023507172494846296	0.061385084318582694
NAA40	0.036375317163024785	0.08584242960540443	0.027372148863601387	0.015609222094788515	0.05415012266124489	0.0036159897309915095
PPP1R14B	0.028446712432644176	0.011248334194455863	0.03041656705628701	0.009443240029510027	0.03525266139094545	0.07396891892387512
ESRRA	0.09961515268089977	0.053562209350660105	0.0	0.005351908116276349	0.011252253830820066	0.02990046939841396
CCDC88B	0.01816382851351115	0.016349330385363015	0.052444595904671515	0.00903508543991871	0.02809214329829997	0.0655950688415711
VPS51	0.033568703569036934	0.026050682507219848	0.022004018642851206	0.06125379584294727	0.010155971988999788	0.02948893749194705
TIGD3	0.02337972828819844	0.024203730468340727	0.0007453148686673359	0.07496888180438406	0.043598734091335745	0.026805770690940173
SIPA1	0.0059187598799711905	0.005669486262145173	0.010958357627229038	0.0343868273337437	0.0668401557694034	0.07250997270751454
PACS1	0.013679995855782922	0.037632801498271556	0.0726302839832553	0.006249055656935838	0.04831349630175244	0.032607466207130925
RIN1	0.06235146475659785	0.0052323149011726505	0.044918994707433886	0.008103903426302472	0.004549968735359324	0.05790625445346609
TMEM134	0.08811055103483645	0.0	0.018969751879045687	0.04199196763871218	0.04522824185063399	0.013350081768288337
C11orf24	0.018228803021715884	0.010415861236615438	0.0945680583294559	0.006349180657581917	0.047932500434226026	0.032392501298529344
PAK1	0.043701033596442944	0.06202294661945224	0.0015598715142783833	0.060445675456910784	0.008031116548385958	0.014087017684104669
CLNS1A	0.029237601437631835	0.0	0.05253761825101879	0.0037027024742539213	0.08457802220982832	0.048736214511402795
FDXACB1	0.0017234583159764611	0.04969989688778848	0.04102778834293493	0.04233256594214162	0.07478684255459615	0.010979004835683752
TMPRSS5	0.08912311743071466	0.02202136082077657	0.0368319194929741	0.02647094759583336	0.0	0.018233603182585437
FXYD6	0.04972915695409577	0.00363865540109174	0.015834334496019432	0.06320473793043652	0.02639029614985631	0.02967793846329961
TMPRSS13	0.022150805014423267	0.05430504612821289	0.011887456181460008	0.07345758474048981	0.0007438871167299384	0.01872146987276005
NLRX1	0.026140020136232567	0.01852172825046203	0.03819076169005545	0.015412241191190773	0.09116981190464131	0.03515749324948015
ARHGAP32	0.01949257641118459	0.025879132978227755	0.028120547383713553	0.07258233585357954	0.039925632590617696	0.012348032359293446
RAD51AP1	0.014202724355785764	0.04153370789057164	0.043663039576133135	0.01475270754164265	0.04672173227971141	0.04362655287435424
NTF3	0.05734563405252755	0.0	0.01679701998916812	0.061330307856706845	0.05869845751242012	0.013358948564258401
KLRC3	0.07757573248815598	0.07068349656558519	0.005513341397886334	0.026086597892362832	0.03604166311320872	0.0
TAS2R30	0.019933302304086447	0.0	0.01889138097392278	0.02361020046902258	0.10973720028007984	0.050836965049521024
GSG1	0.03099199366384689	0.06156583216459085	0.05117603525673502	0.024811903956334213	0.005564090277152712	0.021328698668988934
SPX	0.0	0.06461531904463261	0.021564264733315644	0.03408173013451085	0.04641331992165334	0.03690978943137197
GYS2	0.024973445629222144	0.0	0.024617630515623292	0.016857701360855393	0.061197652976392035	0.0708517513454164
REP15	0.08963364511515318	0.02337854313977305	0.011664503026922365	0.0480292627745989	0.024384947533710132	0.004510764002292054
GXYLT1	0.05507818689813327	0.01727503570482094	0.008371286125883792	0.053045146343269345	0.034283452586189984	0.027379665615520923
TWF1	0.014126277243825947	0.048596716974914377	0.07074790733530646	0.010310420294364814	0.0485390797124026	0.022273797861639813
SCAF11	0.08883440439002195	0.0440911602068032	0.010028149989941759	0.04625313783852481	0.008702711185461788	0.0
FAM186A	0.0	0.08914427052449578	0.029341927128886596	0.03931076857044747	0.019083549379018877	0.021215440092226135
PRR13	0.03392372941473355	0.017764115030119487	0.043044018550132825	0.019209705616905968	0.025283281397632657	0.0517275887947815
CALCOCO1	0.01688590496843824	0.03161491350408221	0.05616478609727498	0.007954461868145512	0.015932645523868975	0.059429710388583995
STAT6	0.014812970046286298	0.015970953417485168	0.04986247887846883	0.009972103846589338	0.020973102513133918	0.0726112574005096
NXPH4	0.012225112138348645	0.006279893239474233	0.04506164366408236	0.017365242220610127	0.0412787358060973	0.06907155657544774
INHBE	0.008874800038178325	0.0	0.043015438386081344	0.024770311066369077	0.09233264816030737	0.04789094590177748
DCTN2	0.039267397580733415	0.01837487849112651	0.027390497375666487	0.05790739875512717	0.023538824995442912	0.024207232138202146
EEF1AKMT3	0.041778702398320856	0.03514557679707262	0.0	0.07823890546187419	0.025257215019457532	0.013085171908116467
RASSF3	0.02898150314450403	0.0	0.015057113536958433	0.06643144699753536	0.09583427126156986	0.01418362522172155
GRIP1	0.05867611689353422	0.020048144770094974	0.03900273992858833	0.01469421736428429	0.05592676399544139	0.025978377736702682
LGR5	0.04931139975713145	0.0208684531726487	0.03367333226592127	0.05817447460411277	0.04862397477444711	0.0
E2F7	0.038926085834234916	0.0	0.08351352768861382	0.004896665576199854	0.04817800574951504	0.034568381833987825
NTS	0.022536265542151285	0.027494634681802237	0.07432745338156531	0.01424472317491187	0.08652866393911916	0.007554595262036569
VEZT	0.037350185071489975	0.03812842413519949	0.007611143486306074	0.07163288311361415	0.03434686902584476	0.008830256397894847
DRAM1	0.021596382682686415	0.06158626995477597	0.0	0.08656331395679966	0.02568315953930334	0.0
MYO1H	0.008281907595879134	0.021053097457955253	0.08269435732500133	0.015723453756783263	0.049865348628492276	0.03146503336917522
ANKRD13A	0.04451327459340052	0.03386348923215158	0.05546706203221217	0.00672419451489219	0.0335255212823505	0.031376298618403006
BRAP	0.021472197385667916	0.05339263801866054	0.03298420248900316	0.04339905340316452	0.024611875646858614	0.021598997010180875
ACAD10	0.011324325010024186	0.04024177908403306	0.02818522086304062	0.02601860773518147	0.05569756558314631	0.043361048274060204
TRIAP1	0.04035879583384914	0.07117529925527429	0.010567526247494345	0.06868118849477306	0.0	0.0
OASL	0.020422832183061162	0.07503306088278883	0.011137420150807974	0.07731823367311043	0.006157922198701671	0.0
AACS	0.017390009075170285	0.04535697844462912	0.045234725343115414	0.0007136301392400877	0.0399285124943623	0.0532316549482111
RAN	0.015468904064020426	0.06438134293119195	0.016224442685470943	0.07761216024599042	0.02341087538058252	0.0
PSPC1	0.015558730647573718	0.028386435486208596	0.06963257966839785	0.0039664935426356	0.059452125121300624	0.03679573600878034
SKA3	0.0243206003343683	0.05928082996093258	0.017486720125683534	0.004237762733513006	0.010186785102536618	0.06885718841605917
FGF9	0.042042614674620435	0.04624708881301938	0.003844080964522366	0.0020696884562931353	0.014178912105956855	0.07507940500833722
C1QTNF9	0.046432380425337746	0.015859673180872124	0.07097026117176505	0.0009332019145841987	0.026273287338072025	0.04014091861777236
CENPJ	0.014846232425497062	0.043930608945747414	0.0932575626228187	0.010849694792753007	0.0334028870856091	0.014544227894486098
MTMR6	0.033309262871468764	0.01595162701901153	0.04936225459280269	0.01597850029769165	0.053823387163357536	0.03919253650686331
PDS5B	0.0	0.046863062192644515	0.03838402468354527	0.04097067838615188	0.03514243366768705	0.03612922715909027
FBXL3	0.0464051227859949	0.05008239713256714	0.016017731110501043	0.07533807749789385	0.0	0.0
SLAIN1	0.05380360091549819	0.05325269568639976	0.0	0.048871364241180264	0.06362665946076668	0.0
SLC15A1	0.014451962884655396	0.004915949499163488	0.05181594658568104	0.022610452648499067	0.04631225113706563	0.056377903013594056
UBAC2	0.026963092769202984	0.034673581657241305	0.0	0.014746457258133545	0.04680179324684531	0.07269636480750921
ZIC5	0.03959226161352302	0.0	0.03299652587989256	0.07645196276794584	0.04908918770618184	0.004554145018377643
POGLUT2	0.031196459080586717	0.04309909790198464	0.018197948471579493	0.0599841541662827	0.03184226386834601	0.013952983979394599
LIG4	0.024942479366837144	0.03335115155086067	0.004678834171789459	0.019109551278444374	0.024848426761754024	0.07587371671712351
ING1	0.011412837042795072	0.026009069032509588	0.08319603976883462	0.020263759543104273	0.035945148074128005	0.02754233398821274
PARP2	0.04307426687023715	0.07098356812838266	0.0023232965149868508	0.0728920099733041	0.0	0.0
NDRG2	0.0	0.059868570226939866	0.021649394571857643	0.026498606643702113	0.036680827523903385	0.05191355515138646
ARHGEF40	0.05021826412858876	0.06650718730749348	0.05382591439491603	0.009433036799311054	0.04134531375644781	0.0
METTL3	0.04378042851323173	0.0	0.059876472039424956	0.0	0.05193007848267049	0.05168602637511997
OXA1L	0.013743168262561261	0.006382531033859652	0.07039899935387335	0.036497532113491785	0.060089166354505855	0.023710274653644375
REM2	0.028061722658109092	0.04131392230072135	0.05963130707428525	0.009719210176112918	0.02572292885373391	0.03589986464618477
MYH7	0.058356674407738285	0.0313812201440789	0.021633897532011483	0.061608272664140595	0.00435146475564134	0.010806751866619488
NGDN	0.022508286346215496	0.05228748952279618	0.02305208096701792	0.02009824570506402	0.03435921648117775	0.0459287094580466
PCK2	0.020964331716263582	0.057149493132719366	0.056770802049061146	0.022310995309577294	0.01270707365337301	0.025888556400375087
FAM177A1	0.01800901415466124	0.033548698812530545	0.06556926983584876	0.005921280697484473	0.019048012050156462	0.05048167655980334
NFKBIA	0.01934915278682751	0.04508122843766356	0.009779338606782326	0.005730423537452209	0.03443214157432296	0.07608025063231495
MIPOL1	0.05153101377770164	0.04408444311733044	0.02749695830621853	0.05314544702770249	0.02824320698372746	0.0
GEMIN2	0.06720602359410477	0.012443621932275774	0.030306995877335596	0.04506406588261939	0.02667601110143099	0.01700352612072538
LIN52	0.028650605794983647	0.03503441408432197	0.019294177624667345	0.057421845841021744	0.023681256245757454	0.027047421501890153
GTF2A1	0.023422722682333502	0.05512842784771269	0.04496102190103838	0.005985971088562515	0.0	0.05502476471890924
KCNK13	0.014685043867534331	0.029983492669219222	0.05844415371773162	0.008587962720116478	0.0179847178774388	0.05889456844148472
RPS6KA5	0.0	0.04293114993184251	0.02994417190060016	0.024509314036556266	0.08007367912260066	0.03961908207758296
CATSPERB	0.0	0.038584532883666076	0.013629845652061845	0.03085745332331423	0.05857183213502295	0.05872386767490296
FAM181A	0.010964993796017066	0.01240828186943487	0.0	0.0627206308124964	0.060253936940607634	0.048629663493712276
COA8	0.00031212740123116585	0.044450621436522834	0.05862746928690879	0.01763427572701414	0.039304299109249985	0.04107406826340164
TMEM121	0.012199678801418251	0.017811988428580918	0.06832963642347178	0.008433453058985909	0.044365816239218654	0.05042946739791252
RYR3	0.0025161729117995314	0.04460334566249149	0.06577728011425338	0.014488491698542282	0.026661004412788073	0.04282363004056025
JMJD7	0.04216977660236459	0.05044271098192012	0.05469514533734226	0.014155852942368147	0.014381679539351447	0.023380886238136347
STARD9	0.02508140098649032	0.011194821224466394	0.07378075524690854	0.001677288107297185	0.051887965768285964	0.044818793790099155
TTBK2	0.0	0.024565707314874084	0.04028818080084695	0.025134355674944937	0.07480757004726861	0.0476625134669647
CCNDBP1	0.0109555227380611	0.040925640997910656	0.009640405915385421	0.027269300325741028	0.042681447853641384	0.06200536121998456
CKMT1A	0.019660208046467488	0.005337385591696249	0.06453575632792702	0.027773969046850405	0.0	0.058908203487119205
WDR76	0.021758102743165246	0.005839557249407659	0.04169913626023626	0.001605822676196587	0.08846384245321226	0.058188857042182164
SECISBP2L	0.04920854732826644	0.0021934009105056412	0.03556357061573321	0.002319499265061049	0.06715203374831072	0.05386843362004322
CYP19A1	0.024323759191498373	0.045467510691799454	0.02475771114301156	0.07155763916517409	0.02864030897620471	0.0038843322966192408
GCNT3	0.01679789665958943	0.0033334559237985723	0.05106752094624763	0.012564533307877743	0.07116715184176681	0.05430244345392217
RORA	0.038153865570209576	0.08009300293708929	0.014796918172185602	0.056227232135212184	0.006969389055343872	0.0
SMAD3	0.02552008022138877	0.03333997323526802	0.061632578189988046	0.022393110723390324	0.06920593804402476	0.01078529214928864
PARP6	0.007996393129556753	0.008934320839325733	0.08569118880802958	0.02211573896007415	0.05435912220197131	0.030210452027139446
FAM219B	0.0	0.04190859379009361	0.04117716728376629	0.02721106966887753	0.0978831144787822	0.021276220221771155
PTPN9	0.04583330930243452	0.039869580072525695	0.01574462050547473	0.053781257845728014	0.04347393346216007	0.00750961915940147
TLNRD1	0.03784830833312189	0.049724939380153384	0.05376035852638081	0.0	0.030291385953829443	0.03496058639901842
RAMAC	0.014453077648673518	0.0	0.0	0.05257063731979152	0.051523265933933	0.06808083297208217
BNC1	0.02368170354513445	0.014038703264631943	0.05327100468803224	0.007847998964292368	0.017060682449112043	0.06826773864710797
SLC28A1	0.011922191496594695	0.0	0.08453488895725804	0.020007642344346536	0.06851072663484205	0.030409117032637118
UNC45A	0.03115576264715736	0.06695714026957404	0.019984117713772467	0.06015243627676755	0.011640886753314778	0.004725789774510868
SELENOS	0.06196341513082988	0.06621686698164579	0.007794195915852349	0.01566619626754149	0.030685989681355375	0.023717569934019942
MPG	0.009801874784234119	0.07616543409003478	0.0052644380284094985	0.07868536221207713	0.028638089634787756	0.0
AXIN1	0.04054490719865513	0.013061940433270127	0.03501465369946465	0.05841311190581543	0.0717410947487556	0.0
TSR3	0.0756550522053282	0.030238537541752382	0.0	0.0701111529776546	0.012828475501271063	0.0036407682683065328
UNKL	0.06847019193553247	0.0	0.0	0.05471572877346043	0.04585334552029974	0.030313814945192447
ABCA3	0.03026287662953367	0.017263453508051828	0.037604984259912135	0.06763595118038931	0.04824068027059181	0.004596531010121129
SOCS1	0.06744873789197514	0.03067185508492388	0.03745727013438251	0.04183881933180687	0.010501673439135209	0.008283858805488167
ITPRIPL2	0.024067276435644838	0.025540078481241475	0.038045380488746186	0.06229758837395825	0.06638233389004035	0.0
NPIPB7	0.00977979828680364	0.0817983872755945	0.01148987915946385	0.015310784623268217	0.0005897350879839706	0.06206555861065368
SLX1B	0.003537482769322286	0.05196807107684062	0.024547339358605327	0.02257807377690081	0.05520066412056348	0.04742651006646918
ZNF423	0.0	0.0	0.05360874370257352	0.041706425867570555	0.06974139276294124	0.0429172309953115
TENT4B	0.04457264471845085	0.04675565381151768	0.0	0.06340632193706196	0.01587230806255118	0.01956589235607777
CES1	0.04134961576931396	0.0029476334741162253	0.04341419171000312	0.06406183501929569	0.007534656356158755	0.024008964915258398
CX3CL1	0.018328156113789514	0.060143395336649114	0.011362777484300065	0.05170101962797208	0.021601126314878445	0.028240653432726994
CCL17	0.020761216967475234	0.05439131125172916	0.02344490171183178	0.007995490308707864	0.0032165513987206023	0.0704321286959238
DOK4	0.10056683390303257	0.0	0.0	0.04568185694336952	0.0170995028614199	0.027494923692876264
KIFC3	0.010244861661922585	0.03492873901836928	0.03946040569697156	0.01380519861720517	0.07063494798988597	0.044837966144003295
ELMO3	0.04244481061994699	0.0344805014322843	0.0	0.06348061240767397	0.017801254016232528	0.028559289656982095
CTRL	0.016077621160558636	0.006058414093848095	0.05753354002436018	0.02248644170038895	0.061131011262850386	0.043653913517883856
PSMB10	0.011058332276561486	0.030525639028448303	0.0	0.08404687762161853	0.026335154158676252	0.03171791265356322
NQO1	0.07426242734169214	0.039035811074621486	0.029359089312560968	0.011721410650472424	0.010647183298276325	0.030071632296493872
TXNL4B	0.09367776317982901	0.07325574522595459	0.0055524872645198575	0.0	0.0	0.025829353546372752
CDYL2	0.0902277627066456	0.02607243931201458	0.01467664638047712	0.03643743237704975	0.0	0.02192047051417186
MEAK7	0.05839790526279559	0.025804917478615134	0.03446057444291567	0.043216647850396785	0.05523792579514305	0.0
COTL1	0.052516782235932646	0.007620249542406125	0.04486076710261776	0.0	0.013671624942991687	0.06703038115961035
ZDHHC7	0.0730609973541738	0.048941230533269584	0.011658056801464377	0.034077208371258015	0.01905320658312904	0.013365285634924326
C16orf95	0.06418130765557041	0.005721210744787308	0.052259737648189565	0.04846328632552358	0.03786036614499025	0.0
SPATA33	0.044164091073577785	0.058083427789479065	0.028627558306314548	0.030587096462537888	0.016099653659631057	0.0198564001181614
GLOD4	0.029649008391833816	0.03696216030958686	0.06016371204011318	0.014468929858871549	0.00856071732292886	0.04053846761356034
OR1A1	0.02248975188072242	0.03601313476974396	0.04125739605285939	0.00368647543887033	0.04606324557468578	0.05388683493992143
RNF167	0.06816719284991578	0.0073166143506598995	0.04169991722406964	0.05872299402719924	0.024883408682606592	0.0
ELAC2	0.04236277084853674	0.003423220586676298	0.0	0.06643649894747607	0.05869496837684387	0.029699299338818205
COX10	0.05138831731959141	0.02216416989584269	0.0	0.06049410252264583	0.04180289252382865	0.0228129456841314
ZSWIM7	0.024051754653570796	0.0008899103599388813	0.046803512756321615	0.07205997660493954	0.06951900969403464	0.0
ZNF287	0.02693679333722487	0.07022179840266438	0.016441042886911134	0.03200480101821922	0.03675657821293965	0.022241402946356365
ALKBH5	0.029804722209270197	0.07373951066621466	0.018263399130417704	0.007619517180551797	0.0	0.055968144415978645
GIT1	0.03835759114381799	0.009370027871096847	0.03513228167086951	0.0	0.06723734897893223	0.05921237309623128
GAS2L2	0.026381717104026644	0.05945773341650408	0.014445664458599046	0.031370600167584334	0.03302682293811616	0.03487126610465435
MMP28	0.03840254677258771	0.05213232508233078	0.010115538710750167	0.020849716302068368	0.003994284049297299	0.056439598598758314
CCL4L2	0.0879345256860759	0.008288017404457901	0.04802086533607482	0.0	0.039074558413551015	0.027791549063498608
EPOP	0.043303460243168224	0.03162426962071417	0.0	0.06525674629145636	0.05913303962051859	0.010470129970007045
LASP1	0.011436345982587777	0.04713614570023345	0.04935320802533645	0.010434796573293569	0.022951670749593003	0.05183463430561662
MIEN1	0.004180887268243547	0.015051901779385956	0.016716213507905642	0.018104604883393525	0.03448531161776931	0.09172658639810967
CSF3	0.02784843246658835	0.0	0.06267663503580852	0.019698147384473966	0.046747047886132646	0.04473883897460541
CCR7	0.06990174441960961	0.004702199303552099	0.07615158106510242	0.0	0.016867027170770012	0.03284153878740669
KAT2A	0.056116853445676775	0.0629877723619555	0.019113303422229423	0.04093294660480692	0.00256373900670349	0.011272673155392108
PSME3	0.05841238326113772	0.0250702917041743	0.028484188258957096	0.015149626914650972	0.03126096151146434	0.04099415037717403
IFI35	0.025042511130664784	0.0633665147499382	0.016873499953922996	0.043710197105482844	0.006214467479159037	0.03133077301258195
ARL4D	0.008502309460190722	0.06358529820296423	0.06158484774330471	0.024082219107537634	0.07265181430695856	0.0
DHX8	0.0626902194160007	0.052406458058461156	0.037196707588682265	0.0335749584122835	0.02192478035844114	0.0
TMUB2	0.021468929631807073	0.053316546396163275	0.015950668179288464	0.0	0.021405926551357632	0.07504022239072146
MAP3K14	0.01848040248598498	0.0	0.05142444988513349	0.019616275421281578	0.06457814390127817	0.05220018459127382
PLEKHM1	0.03619967371512872	0.0062024439677988985	0.044412709838997345	0.016027263867282336	0.042918379713668964	0.05267784304224677
CA10	0.012803762602838716	0.01633719830065052	0.06742662707112662	0.04918997842286936	0.07094604631267941	0.0026775232589618778
LPO	0.0010417491816535657	0.08261154497084867	0.033355298713898474	0.02849531286469053	0.020300167191508067	0.031222888333226693
PRR11	0.07416595133606702	0.01125071358604867	0.014736683349837819	0.051668512399377066	0.0	0.030025192409692043
SMG8	0.006171477552853803	0.07146403035029752	0.017352622370373643	0.07313327740120196	0.0006588424884409865	0.014419231086794874
INTS2	0.08067225776095285	0.0019714380157678053	0.023124781135276138	0.03152410952714264	0.01615421862903899	0.03656157030910767
FTSJ3	0.013976131580058022	0.03959565135627179	0.07104698640499968	0.02926303243856244	0.07054923992023007	0.0012325820906965803
PSMC5	0.019733090623897595	0.03392592745678334	0.07897723966914418	0.006618795014038563	0.012827961714580761	0.041310374776511886
ARSG	0.015769572589098686	0.027920899049020013	0.04090768158385055	0.019772947840148172	0.0325284363878831	0.05579328754229748
WIPI1	0.004954446056248294	0.0657010106574448	0.039262159513518934	0.03056379224287246	0.08023146774339114	0.0072127413338149045
SLC25A19	0.013654770419381521	0.03473547303616109	0.029547728568121594	0.01985488427891419	0.011616714481460488	0.07062567279777632
ITGB4	0.024464695259925732	0.037400802249966364	0.0	0.09068355146425067	0.026563256612311806	0.010281679656059963
GALK1	0.036976215437211614	0.0	0.05469941190704416	0.01141304587778633	0.0393550553852371	0.055076525446290464
WBP2	0.05746118613626865	0.03002038886085901	0.0	0.049924254822543195	0.0103416649937426	0.0366043023134061
SRP68	0.02860855562587988	0.028007396196547	0.05162908686535845	0.03535584859215193	0.05062416707721514	0.01620553566470867
ZACN	0.006634885430448176	0.05354603960414613	0.005575122855327815	0.02109098760755598	0.01795617726598497	0.07519704333400076
FOXJ1	0.04119305053974743	0.03920082831206836	0.03273127912692404	0.030360058780520015	0.0009261364660331809	0.03930979210611578
LGALS3BP	0.017834107351483018	0.056428583179775775	0.009608998346656156	0.018813531202563336	0.05678261815617584	0.04766296214929843
RAB12	0.025079247990566548	0.026891915055922602	0.027363604775599393	0.014407547231669704	0.03387086682847955	0.06379514970656161
ANKRD12	0.031182361028590073	0.04792652035725466	0.030821592594528872	0.04007530034968233	0.05737535383694539	0.00825440262622098
CIDEA	0.07236604482646235	0.0	0.029474230023803928	0.035700995720016025	0.04914695179578416	0.02268959389609099
PTPN2	0.03685635364161357	0.06161742904754844	0.0473764371835007	0.019579057485084327	0.0	0.027057096102921323
OSBPL1A	0.028001776222689612	0.00463082932145742	0.034314719831864265	0.07677217550699234	0.0033496949313784954	0.02907279706709365
SLC14A2	0.022944528924014277	0.05505298732031139	0.015217118552702621	0.0048551800067581025	0.010965416513088352	0.07370249953715369
PIAS2	0.007260564033503682	0.05478916492234338	0.06333161446781362	0.023329000738345693	0.03329028275632017	0.02307944101305642
C18orf32	0.07711961155912957	0.02764389135074308	0.0	0.05146740714126351	0.0042323897824131955	0.026187329150102186
CCDC68	0.02460480028297032	0.01912862561494525	0.03749857053485487	0.025526195607955673	0.07833645414407688	0.03297018733763743
TCF4	0.0029004650605351993	0.03322777966500453	0.032709364138767336	0.017670080577141787	0.03428355919322567	0.06870947935520587
CCDC102B	0.056731515082196	0.05444805288719817	0.046548730786677546	0.02387345481879921	0.0	0.01441442692672315
RTTN	0.005322305178807642	0.039624572161770615	0.0	0.024863704897166515	0.04681489850959957	0.07434637555462666
WDR18	0.010378391054448878	0.020920107780042205	0.062618318934036	0.03038468142804818	0.0	0.05347228313297269
GRIN3B	0.01911709330494057	0.02479390183939555	0.02941123035033702	0.001461541353977682	0.02935886378921705	0.08215291386991726
CNN2	0.004063780607269733	0.06771872090209648	0.04803425095823176	0.012661434757710683	0.0318165271939328	0.03737071928151148
AMH	0.0013452700544176095	0.03263611552501305	0.022190945978929368	0.01664088952599604	0.023167559135413244	0.08372685316264775
LINGO3	0.08387869205124096	0.017719237255938092	0.015961962935050734	0.03970642776831055	0.0053719805005028815	0.025875040888258042
LMNB2	0.08745619609020432	0.028542415220194198	0.016327777655632307	0.031847478598567194	0.03442660757824542	0.009524721241004019
MFSD12	0.029098194546723598	0.03416139030699739	0.030897579770961945	0.0	0.04349980325469286	0.06266911452601331
HMG20B	0.0677485170307328	0.013717342496033826	0.0	0.06565368503758728	0.040093528973720635	0.012900648035474157
PLIN3	0.03847234425954815	0.019397414190438767	0.04291968824059517	0.0	0.025607784726099238	0.06599709679764047
ARRDC5	0.04099426113301511	0.0	0.06734805666383026	0.06299994598940087	0.026815638515261746	0.000856537264575313
UHRF1	0.08377656720200626	0.02357048004972305	0.0053553715550353756	0.051586253919399916	0.027836053096564815	0.00860079730562564
MICOS13	0.06741455503845557	0.06313162463051764	0.020493358929268547	0.02636586348877098	0.025236027351575725	0.005438861425826235
ALKBH7	0.02775960181391598	0.015086481718690968	0.08165103726112526	0.0	0.03615461216157132	0.04275377409748898
SLC25A23	0.0755630612958293	0.0	0.04777622727326862	0.056092526875036255	0.02002073682505233	0.0
FBN3	0.013520131532532205	0.04110399992431825	0.014329089862765872	0.01133561304581027	0.023785904219173083	0.07907641339318128
CD320	0.010700896019841092	0.06126656971308347	0.022296348027380425	0.03265554378077067	0.02052732711643197	0.04331859150411933
MYO1F	0.010838245320778159	0.00937878262820057	0.06243590236088824	0.009728487901162234	0.09795072879395743	0.036863286275503435
PRKCSH	0.0089673217492072	0.024953613685650897	0.06404743252606365	0.011073186446188406	0.015149306095439428	0.061723898945518094
ZNF491	0.026007980511982425	0.018893456847303067	0.023277356607023156	0.06926539750910789	0.04800164863877551	0.015459971103326918
RTBDN	0.06139409477495289	0.03356077671044251	0.027744768552828994	0.03172915100445839	0.02745767710899958	0.019299426844588984
ZSWIM4	0.006785639270172999	0.00788207158264359	0.06620517648892472	0.012910240476483812	0.07508326240903901	0.04520253848428892
ADGRE2	0.019264363205124358	0.040627632606971484	0.047519445857186496	0.016168682426686752	0.07682566277894137	0.023194663374485447
RASAL3	0.07534093261467462	0.0	0.0484828267601504	0.004716856246449107	0.010241394419960758	0.05057603755492235
OR10H5	0.0002805553776041226	0.04669205634563929	0.0036973816032569106	0.030313120616948165	0.007402023280884982	0.08275367265679769
KLF2	0.011146434739870028	0.06217220491663407	0.0263041518968902	0.017275756474611534	0.07628662264426574	0.0286740485056376
MRPL34	0.016639250999712238	0.027827630780707848	0.0	0.01391707081005394	0.03951111365962869	0.08757724493844307
DDA1	0.0022945958197648866	0.046630315462738034	0.041848066730612636	0.031116141977344122	0.020630730037681573	0.04677680334254756
GMIP	0.043501027676831	0.0	0.020118282232608597	0.026353938657188224	0.053951689152697095	0.05596272832595064
ZNF431	0.022065243292306278	0.051115557213179966	0.058066509703378885	0.020113392318339463	0.027996650455028704	0.024094827860624658
GPATCH1	0.05248224784399635	0.012758897653056255	0.0035575024334022717	0.06505450239393624	0.009125733976719586	0.03599311324965545
ZFP82	0.042260441961536936	0.06167096035904881	0.0	0.0748425081515179	0.0	0.007648014672018989
SIRT2	0.019789927180733836	0.0	0.029279766635141685	0.05986015996891693	0.02064628010037036	0.05058522546225266
GMFG	0.0	0.0	0.02465061904583136	0.042877467529052866	0.08123582193607698	0.056621878841971965
PAF1	0.09197526646999754	0.05767276951861087	0.034633413506276356	0.0	0.0188448268823055	0.008549287005779074
C19orf47	0.07493300301647278	0.021061524792981165	0.0	0.05661012767990103	0.0032410185171789178	0.02692627787399696
CEACAM4	0.009617376612306347	0.08936385032733418	0.013399088421000372	0.03359688263613391	0.05078176413374521	0.016540010138491608
PLAUR	0.04455229215478111	0.045201063918236084	0.05356387830205855	0.0	0.019229162824191175	0.037839204206074284
GEMIN7	0.040898324069745993	0.013703578124218366	0.018442576994384056	0.05994277414691424	0.010779990226142757	0.03660639509207208
SIX5	0.06628503536631518	0.02480309344891842	0.017890770727734734	0.007453939707457247	0.0	0.06434912922999007
TPRX1	0.028748420330958677	0.04672982880341878	0.03188252382371878	0.06396481701648427	0.030265018150818335	0.0
BSPH1	0.03807193980437119	0.059724270331664706	0.006023007483296965	0.07588108474719414	0.002390008536175471	0.004439734356243487
EMP3	0.0376743494218899	0.013464824132240599	0.018206857196536922	0.005937536460790013	0.04695385276158385	0.07308461128476326
KLK7	0.05935343281501797	0.08442578770526543	0.014118885567185702	0.030932579640257748	0.0	0.008336814530792429
SIGLEC8	0.0013709964822509846	0.02807305181382454	0.056573375161465475	0.020470392402948793	0.06573667392956939	0.03940940355442824
TFPT	0.06634525599402066	0.05982283157020515	0.038964172451826436	0.024744515535538806	0.0	0.00828694307367091
LILRB2	0.019467856844709606	0.04935646017300609	0.02851252257527565	0.007967543230310228	0.028547458620617402	0.059220220380937036
SYT5	0.055047660290491976	0.06432176188468981	0.0	0.06283964835820202	0.01384214492612653	0.0
ZNF544	0.0056365638295264205	0.09031007090994402	0.06725910176428301	0.025620426770906212	0.02026940476930224	0.0
TRIB3	0.035392815611383445	0.013989142317885589	0.07047229857827308	0.05675761605249665	0.007288241228360112	0.006978058529675861
TMX4	0.025522217549155606	0.04088182366016965	0.048259358041331066	0.0	0.015237716961709464	0.060160435614324305
ISM1	0.028304145333926684	0.016291471661301127	0.023341610106512443	0.004630482823827608	0.048812118531858475	0.07417201529871978
DTD1	0.053606806705739314	0.0004330826782371113	0.0009943001030438049	0.06329478634484233	0.039004900756241107	0.034191308508679824
PXMP4	0.004240932760613592	0.03484942195369712	0.043656670365710804	0.021865819811029957	0.049412479970331866	0.047803147038630485
GDF5	0.05156179954827815	0.0012316488212544194	0.011051128713810704	0.06821227233472753	0.027406762600357588	0.028324586978015088
NDRG3	0.0002860430286181137	0.04865441850507643	0.0589338199424777	0.031280487368138356	0.06648717291530815	0.013576391161870777
ACOT8	0.05890298242997389	0.03637956385239913	0.013184966653403659	0.055445994032667416	0.048797557952435726	0.0
RTF2	0.016530719433982998	0.020170251214662024	0.06572303627954493	0.0007209132569599286	0.06116726165251522	0.047251830150911625
COL9A3	0.0013766382648595088	0.010804384612205571	0.027407939698007838	0.03075280878482737	0.08889492773466476	0.05309593438820068
URB1	0.03681429748435932	0.03383949903689493	0.05507075392613259	0.02077029839185236	0.004707773810323713	0.037252862210096244
SYNJ1	0.10137480746549192	0.0060764617068296035	0.0	0.05020617467089317	0.021229157992840246	0.01654418836632352
DONSON	0.0030567202561017325	0.0	0.03915611560732306	0.02611976844674387	0.060249072960123815	0.06796372813437042
ITSN1	0.07840829027772221	0.025439693960608106	0.015443022836522475	0.03998014024462112	0.04227604003034127	0.007887480491721565
SETD4	0.0006427294817373704	0.035387433486564056	0.06706024451425818	0.017912561135506558	0.06537373947540588	0.029352082898118716
IL17RA	0.04268946544758532	0.03314430198899714	0.031218818119733732	0.05068648726681461	0.0394635630036444	0.00774806208767934
ESS2	0.00096619971889341	0.08298737139566632	0.03231352913791784	0.02288707637648578	0.05220981522981594	0.022543684699317695
SEPTIN5	0.022037139254281603	0.055305167057486664	0.02440248441195233	0.07107514497055478	0.025875959097474196	0.0
ZDHHC8	0.0006554976314636757	0.06474915500561297	0.013084989850811602	0.03654966546719677	0.03943694564443298	0.04264310241686936
LZTR1	0.03905642188001712	0.026551471552495255	0.0310043319466691	0.04819854713111951	0.04846520987653359	0.013469697149109118
PPIL2	0.04922972359497542	0.04565428796708267	0.0	0.0226266306367935	0.0	0.060994407956098715
MMP11	0.0	0.03111734512576941	0.04830148435872542	0.018301585721599286	0.016230013399152633	0.06819742534124996
DERL3	0.0234493251350014	0.03275427247908681	0.026638705447803803	0.011365202179286249	0.06087264573971165	0.05214173605682135
EMID1	0.048982546658636994	0.0	0.010389937605731944	0.049692920668914474	0.020631440590820956	0.05257599547376301
TCN2	0.006905485279031462	0.0	0.0357700709715915	0.01966424278868169	0.07042285987490203	0.0694006419154958
PISD	0.0431388337631998	0.045210802088234144	0.0	0.07398085760384775	0.038677758918803574	0.001621234923748957
LGALS1	0.07896852352804809	0.039332480137776495	0.020034081953178958	0.04629725095797113	0.015264815784707222	0.0006879217762295629
DMC1	0.03561289449401801	0.0	0.0697921793933675	0.04280618723964045	0.048239540304565516	0.013343284203402138
SUN2	0.021556042857632265	0.0028504281234277935	0.06233316370448257	0.004124915424229895	0.06839735365879668	0.052098175731152475
ENTHD1	0.04211360895273132	0.06359863786998916	0.0	0.07178316304962198	0.005691080042921921	0.005766266578375019
XPNPEP3	0.0472490406918003	0.016815540599574175	0.024860525394947024	0.05138175570990652	0.006263355914637652	0.03521171824516431
PRR5	0.00941647016127819	0.06672534300589329	0.0013994366282036293	0.08328850464021939	0.014840840263678129	0.01145384960837231
PHF21B	0.03762587693455979	0.04109901003617988	0.046610679810610324	0.02078754632224706	0.009269031803598402	0.035255626061666906
CLDN34	0.03391794748388858	0.02825667459143031	0.004203669556123946	0.026995884233046382	0.009104501695165565	0.07305127828119762
RS1	0.04173366555281184	0.011585467418169682	0.05651387728026808	0.019829884191194344	0.049314323599981634	0.029290650856828845
MAP7D2	0.029417713650814345	0.0010787607821219805	0.018986843412234323	0.06419234371717414	0.018865345115907674	0.0459552820152867
PTCHD1	0.0	0.017325466441616807	0.07151453569478201	0.020125135786490684	0.10382551753790595	0.02044948279321663
TSPAN7	0.018392602477808863	0.04571747190404937	0.038690988945985515	0.006853008523096668	0.014005267070481822	0.06286990193319948
NDP	0.018306889385071096	0.08350003616659699	0.0	0.052797406506835266	0.008890311204288284	0.02501858244285871
ZNF81	0.01970736376905555	0.0	0.06358608951148935	0.013239710853744124	0.07627395348771451	0.04305579463141085
ZNF630	0.012045650416452513	0.010445884010658818	0.07836511055365945	0.015163885577785825	0.04069837638024605	0.044045911734950594
FAM156A	0.04267134941859116	0.043144384387788094	0.004232903223145962	0.06517705610315096	0.012650152319668316	0.01938523826231633
TRO	0.07551270115168683	0.03483869859701026	0.044890474131203374	0.014079454523054962	0.05490049346932916	0.0
MAGEE1	0.025160665665084708	0.03474630908923477	0.06588497436772406	0.05105445703556342	0.025523844652261422	0.0
PGK1	0.027017015858169645	0.05854530766434301	0.020956311186945385	0.06648159703005228	0.020579711916214938	0.0031346662466656093
RPL36A	0.05603122073658706	0.04227378969261792	0.0	0.06778544874063988	0.0	0.017244925393841953
ARMCX3	0.04838836271477686	0.0027012750817052996	0.013091049468430451	0.06514424860839943	0.04058057208066718	0.025027226169364303
ACSL4	0.068213116589457	0.022625645091383283	0.04777483011079288	0.017892829958286182	0.013813880548438054	0.026268380944399886
DOCK11	0.007121489967915606	0.03458556570639	0.05741916330017959	0.06225799901732179	0.0092617719923106	0.016336549019792996
RNF113A	0.07018849188958143	0.01383149618015203	0.031999605438908243	0.03535300240711372	0.0	0.033220145842403
MAGEC3	0.04284711953905229	0.035298737868764175	0.0011867788952801856	0.060073682577760204	0.01969913517655571	0.028608384132487303
GABRA3	0.035875329225923354	0.03715643696257094	0.02433978595661684	0.015157566198022056	0.003914524036346109	0.06366443947037297
PDZD4	0.02301120080226454	0.06650377594563904	0.024978720956636002	0.07260810741787661	0.0	0.001510198898941372
MECP2	0.04662299357518857	0.06567750668098268	0.0	0.05920175413508144	0.016730611735213174	0.008485236587556528
CMC4	0.024129724456726794	0.02168725404086159	0.055147566613809415	0.0018362963294089342	0.029300167955855286	0.06132019063486788
