gene	S0	S1	S2	S3	S4	S5	S6	S7
AJAP1	2.220446049250313e-16	1.3601270212219005	2.4424094527867606	4.843733170636844	1.5198609482037213	14.424468595606207	3.583852355102529	6.817533016501246
CLSTN1	2.220446049250313e-16	2.489428183791234	3.696331683578011	7.472829262420014	7.297380629410786	4.546639908054338	1.0677822752657233	7.256765989693293
UBIAD1	4.304302849549962	4.998715627308888	2.356603523395388	6.009749812465456	2.220446049250313e-16	11.933352126042964	2.628134617194059	3.5004277686889957
WNT4	3.849896651167956	2.362020167224305	9.939224699173222	10.870189852281289	5.00479461197356	2.055242907204012	0.7934542553841046	1.1945865467254233
RSRP1	0.9483557167895147	5.939821851704686	2.220446049250313e-16	2.220446049250313e-16	8.133935550981587	16.337880802855878	1.2348108542975615	1.2773807841036957
SLC30A2	5.6473287970485435	8.557682609559537	6.6245930843518845	2.220446049250313e-16	4.0867825641310835	2.7033533120251834	1.2995965788864208	5.3139536369016875
CEP85	3.560122085827246	2.220446049250313e-16	8.232746682717996	5.672922593414422	11.143005414264739	4.307335316551411	0.34118110896369824	2.7079980715870775
ARID1A	3.3557024237252553	4.372235155881169	2.8342482532730053	12.386442059045937	8.775000821350242	2.220446049250313e-16	2.220446049250313e-16	2.633785661093629
WASF2	1.2602707288863848	7.459550769595312	3.5274496644475075	10.645849593816944	7.127055132942299	2.220446049250313e-16	3.114528503860311	2.220446049250313e-16
C1orf216	5.484322338423616	0.023913090243125268	7.473304466451094	12.851110434364385	4.5570664480879515	0.21408855816193384	1.5717268616462454	4.61870808116854
HEYL	5.356177271168468	4.592573684774107	7.254499662933957	8.992985733452748	4.972670516114575	0.7322908774601165	2.220446049250313e-16	3.513909704444097
PPIE	4.813867742696111	3.988451780966173	6.094031362670908	12.54064445254605	3.8562721895038745	1.8724321844248084	1.3390472959389972	1.2605234515558283
TRIT1	3.004384845214321	8.16103874423184	6.573118308908459	6.996235503705911	2.5671589721321353	1.897843333524572	0.692389995261979	3.718918085319051
MFSD2A	5.0304997267693015	5.324395399829434	6.981144996467165	2.220446049250313e-16	1.7410325200831487	8.501864683633235	2.220446049250313e-16	7.807944343032631
KDM4A	7.961140692239276	3.889479856045762	3.8885423105684973	11.955081887533657	2.063536862551729	0.905047845536648	2.220446049250313e-16	5.893159434315979
DPH2	2.136394587427901	5.1796687075989585	5.045738316952503	2.220446049250313e-16	2.220446049250313e-16	10.528119778285383	11.245680449827029	1.0921041638505518
BEST4	0.4304045213780163	5.095317072438123	2.0892024267018003	2.220446049250313e-16	0.4580830744873321	15.761003866343064	4.473198780250714	5.9126025862218565
UROD	5.644619454889212	3.3083182697417506	7.373377655118785	11.418694542738587	4.145501873474861	0.838348627309875	2.220446049250313e-16	3.383536631139731
CYP4B1	2.2159024013647874	6.935706847838038	2.220446049250313e-16	0.8399931611087119	1.901584453011918	15.807734120906616	3.0976660455190053	3.4641287746212526
USP24	1.6400052485323076	4.800125938321024	6.943628119073029	8.56701481176091	4.970606693845162	2.220446049250313e-16	3.337691717915594	4.013617902044239
PRKAA2	2.220446049250313e-16	0.03733235567324162	4.650400745256938	4.841606182141531	11.595791899173912	8.890629761416413	2.220446049250313e-16	4.571906433900084
RPE65	3.918924762793952	7.084843313045063	2.5612031492050855	12.289737300972702	4.624621409930057	2.220446049250313e-16	2.3176972484505978	1.465754345590847
CRYZ	1.9809441315473442	4.516499073804569	3.974634101934719	0.36487980244636553	10.40305401015765	4.4642831653631605	4.907038289203453	3.110634647906471
RABGGTB	1.5109402423444411	1.6051715681095065	4.128510342087039	9.863204579065425	7.194653748114215	4.831859386573659	1.858965027003483	3.752457374773748
ASB17	2.859467644299166	0.6177535812486763	6.308541933042502	8.629218400097674	8.254868694274748	3.917421676412303	2.220446049250313e-16	5.120044680134508
CLCA2	3.728870230065326	2.220446049250313e-16	2.937912905937191	2.268407511217764	10.267094953239546	1.592033138214087	6.9837160649700225	7.272008360505003
GBP6	3.3095732662045627	0.45945251321574787	7.807883582281896	2.220446049250313e-16	3.296979779894699	3.8701333836137475	7.973069115878005	8.989460406918576
HFM1	2.790165613557961	1.056586182598645	4.561575469828231	6.053614911391785	4.1288440653009495	4.542978958339171	7.992401107392828	4.498578687455566
RAP1A	0.8157560621954942	5.142986001993261	8.285462631241677	2.220446049250313e-16	3.683572985718509	5.766811681300668	1.9490381841959277	8.099043959356905
WNT2B	4.7281671619957075	2.549768019114712	10.818133214439408	2.220446049250313e-16	2.220446049250313e-16	4.727481782237994	9.664176885399682	4.301863102954294
SRGAP2B	2.220446049250313e-16	3.8729775673434976	7.296082105761586	3.0977912937698506	7.10430663733573	1.5191362638971926	3.283102624564528	7.067318044046609
CD160	4.598436541439352	3.6871394731968827	3.957592914906295	14.118684486668393	3.673577408450158	0.7171168866589421	2.220446049250313e-16	4.614767954844433
RBM8A	8.86858968071371	7.185719832499641	4.2988517469455765	6.856544929319046	5.1151902214623535	2.743844904559811	2.220446049250313e-16	0.9308669528186702
NBPF19	2.220446049250313e-16	2.338279442194038	3.670504415409969	9.201206917443319	9.206565134535673	2.1955934969904445	4.003233043162918	3.383099191557916
CIART	4.546888971047807	3.3584040312856747	6.217267292467122	4.861275525359197	10.59210555156941	5.706750034570213	0.492113614551994	2.220446049250313e-16
ADAMTSL4	5.688815510649905	1.8988539606413095	1.5288063624153136	2.220446049250313e-16	5.5193470435249985	15.897288178374525	2.151674871017828	4.274850884346007
MCL1	3.3335588977862627	2.220446049250313e-16	8.30410355413665	9.489713523477265	1.8769348713171858	1.573135439118146	6.077538753328767	5.595710387626205
RFX5	6.807441777930009	2.220446049250313e-16	2.220446049250313e-16	5.610382048729429	10.832184732384434	10.1949074683574	4.091592034964663	2.220446049250313e-16
OAZ3	1.2379785776367207	6.398901862292574	1.3538037384164916	2.220446049250313e-16	1.5951250265932968	17.38535495356404	2.220446049250313e-16	6.322333114359037
RPS27	3.3646122204197213	6.376963853733377	5.305223823365166	9.48531372760468	7.468773858748799	2.220446049250313e-16	0.46524414837482464	1.519763947003566
LRRC71	6.829668777134826	2.4270934566526954	2.81104531440534	3.2859583844935987	1.682940102287241	10.278509620768983	2.9566264366676682	6.513752621773112
ETV3	4.302445741992389	4.737040939161986	3.3575784253529646	2.1358145713321393	2.220446049250313e-16	13.096486996834527	2.220446049250313e-16	8.037958453256921
DCAF8	4.6400802639136804	1.5299183955055824	1.0493433907569267	2.220446049250313e-16	6.222465532511646	10.82682244905796	7.699872403966774	4.071481250358462
PEX19	3.6180332755826123	7.126037714101036	3.015852166027458	2.220446049250313e-16	2.220446049250313e-16	1.5098171461242602	8.467173656697751	9.969314594762633
DUSP12	0.7005475653698301	3.2497593482286042	3.0246612910664483	3.1025918711933476	2.220446049250313e-16	13.184489845871889	6.233352038417525	5.4333361968940075
UCK2	3.3776547592070534	4.0006643323571005	2.1043682707144455	2.089293130942508	5.257702465083575	12.930487675448331	2.220446049250313e-16	5.501563407556767
POU2F1	1.7658764029449248	1.0254034080725987	7.037400009061779	2.1795030536270894	2.220446049250313e-16	12.921482170962395	5.072738189766732	6.181683851178104
CREG1	1.0142642736321184	6.6833341017062065	5.874514314458324	4.596643212438266	8.290743351261288	2.220446049250313e-16	2.5735147242025453	3.9655431138588235
PTGS2	2.220446049250313e-16	3.7681407720806988	4.70741638806305	12.464055839952987	3.459742086510413	1.6698469328721819	3.753777192533156	4.143685988082339
CFH	3.851223410808301	4.51649546414299	2.2064500809950944	3.151737941918777	2.220446049250313e-16	14.178226255816247	6.580146170439175	1.7468831684525399
KDM5B	0.45259894020297076	5.420336539414137	2.220446049250313e-16	2.220446049250313e-16	7.9683166289424605	15.894874613234013	2.220446049250313e-16	4.036275817289449
C4BPA	0.6346606624229246	6.067850796063183	2.4385339197716966	2.7837398243883515	2.2368137294824795	10.708213645277997	3.8048773798884943	4.9035497953587495
PLXNA2	3.2723922670955488	2.220446049250313e-16	1.400999161479211	5.614694734866652	4.629521726104107	4.396458568878373	9.124077127502446	7.205767376030504
NVL	6.1389617456207155	3.684555754046544	6.489487656324567	8.875701482093152	8.678585474666182	0.608724487546993	0.12087821233666274	1.1577742954621146
MIXL1	5.935513839553825	4.896014775088862	1.6798952425856486	9.79417951877681	10.007596588779506	2.9107805500497657	2.220446049250313e-16	2.220446049250313e-16
RNF187	2.7276465384136817	2.220446049250313e-16	2.220446049250313e-16	11.20362111026762	4.323882862237845	8.768698373823671	5.948885394754518	3.384742047704603
KLF11	4.652840997150184	0.48784537742039724	2.220446049250313e-16	2.220446049250313e-16	8.311741353094497	12.517941192578004	5.963990966406	4.31841641074008
SLC30A3	1.4593676227259766	2.9623515264037046	7.965086434017672	6.157463186602879	12.871239192796704	3.0163067657772378	2.220446049250313e-16	2.220446049250313e-16
KRTCAP3	1.760992636654754	2.371229053763148	1.3954229504095692	6.451750094555385	6.925805089703751	13.755508741341625	2.220446049250313e-16	2.7142963790851415
PKDCC	3.829842722028457	4.6688975558154375	2.220446049250313e-16	2.220446049250313e-16	0.2943714362507439	11.987250527145758	10.816523230641614	4.008352320188408
CLHC1	3.0607058126604074	1.544373519266749	0.9745110672258743	9.261398700504955	7.0111883637616685	3.610203989311611	2.662265579934005	6.719364985280429
AFTPH	3.189591866155982	9.418699240425974	8.030706650571739	2.220446049250313e-16	4.436219278873779	1.3078582971717996	1.7697644517871884	4.813006324212111
CNRIP1	5.720745829314946	3.397239010178062	2.9677627107325826	12.065292346859389	4.980844372947226	2.220446049250313e-16	0.9601293490124188	5.340322053631359
NFU1	1.1502340312623869	9.210968760259263	8.119286429868218	4.7232070949125315	2.1778950131202506	2.220446049250313e-16	4.3881942611374125	3.0438488638190706
MXD1	6.24574423113627	2.220446049250313e-16	2.220446049250313e-16	10.171139875124144	3.311139692412169	7.9581488410859755	8.30030827649681	1.9690966045052107
SMYD5	2.9182165991022417	2.207060226678312	4.910252518515373	9.58679778113957	10.655331831057964	2.220446049250313e-16	2.324453784653032	2.348808898603422
SLC4A5	4.430755924899263	2.220446049250313e-16	2.220446049250313e-16	6.865439926009358	7.6000508546086785	4.973154622547926	10.093161812767331	2.4240831682953576
TACR1	0.3147223377555218	2.8685744354132954	5.453863003311466	3.4349608174064032	13.456998375624696	4.436321033859897	1.4418547766050742	2.155462859983243
IMMT	4.929746509859361	1.7849113852130358	4.4944413578645745	5.247029788395477	1.8937077243846647	10.33073659892211	4.504761932497468	3.539678971822155
ANKRD23	4.280000025269322	2.8223362837867576	3.273792577854808	6.213362197039558	3.957733467329543	6.446247551886556	3.262786543183272	5.268059415850908
IL18R1	4.0161323534038695	2.2231120987965767	0.6098134397970401	2.220446049250313e-16	5.307913458048327	17.068245393899186	3.228651694661075	3.8543442398481766
POU3F3	2.898654629133196	4.053948985438906	1.3807329751284918	2.220446049250313e-16	2.220446049250313e-16	15.258157416726139	7.778310250276494	4.27870276638083
GCC2	0.052379420378674435	5.623833778117071	4.997366090260119	7.901382564399605	2.809031097120532	2.7733553678878646	2.559068072304327	6.363528433806742
SH3RF3	0.47177411043522893	1.068913280193641	8.716291308282305	6.971919525171042	4.255887589663447	2.1207303069221064	2.5326653907402568	8.368965995664663
PTPN4	2.378279695362182	2.220446049250313e-16	3.4462288888055426	5.013334762279522	10.938831925779368	12.746680337410028	1.6858236770329862	2.220446049250313e-16
SAP130	2.406034205151898	1.5836278001619046	4.4288587255091105	1.930281521079094	6.838138034952866	2.2956293577001263	8.977309109369445	6.260017399634382
RAB3GAP1	1.7478870254171688	2.220446049250313e-16	2.2667516679150257	5.265212440257428	2.207032793851007	10.542743809198143	4.531039238558695	9.094683560023832
RND3	5.674783888564758	3.474945039357573	1.2549617413416208	2.220446049250313e-16	10.184519528049261	9.39534763667168	5.867841255987399	2.220446049250313e-16
RBM43	8.262045757459838	3.6749892986353494	2.4245579310731804	0.06334540307219916	3.3610886314331374	12.272243714094571	7.616522640599827	2.220446049250313e-16
UPP2	0.02083303397378462	3.7826923220236974	0.972087747003175	9.308674866123086	1.110650978593887	4.784533374991188	3.6123694246329303	9.754554746381885
TANK	1.62298538790241	0.5736436464417576	2.220446049250313e-16	2.220446049250313e-16	3.6196186160060355	18.882022499515084	5.528396660214847	5.729469610506144
SLC4A10	3.8654587236310824	5.975239275997769	6.350821609518203	6.364948221697466	7.7820022563809035	2.072860007607025	2.220446049250313e-16	1.9548371386157255
LRP2	6.145917631585559	2.220446049250313e-16	2.220446049250313e-16	6.41920951523055	8.167308573735388	10.154660895435814	5.945889565629631	0.4572818548167117
HECW2	0.9662534647424919	3.197560281389327	3.720398066455404	10.278096448689102	8.023275238945024	2.220446049250313e-16	1.6472326311777752	5.723892507486359
BZW1	3.4988601182192323	7.9908085860296865	6.297219166017695	9.936422222606137	2.220446049250313e-16	4.348026242826428	2.220446049250313e-16	2.4584885547640134
CLK1	3.156973578159287	5.89129916163375	5.861545500421041	8.327577072548479	4.577431966051099	1.682020971571319	0.6884833650114306	3.9477383565281903
NIF3L1	4.7571437303644615	2.220446049250313e-16	0.6072908895291889	1.0529972997254013	11.639888578057876	1.0595824376446843	11.773558365765936	4.506720535335317
FZD7	5.0844437283817685	4.247927635721263	8.27361119091633	4.204788776778555	5.539427287446185	2.093812142145862	2.294136077161217	3.6985442922319898
CARF	4.403899559947675	5.11509514378538	7.5128568447597175	6.97404987642089	3.3644755973719263	2.220446049250313e-16	3.9082879976305045	3.9250189495258994
ZDBF2	5.23655771761279	2.220446049250313e-16	0.2942018507515254	7.580890302186532	7.875181583065242	12.270212629961929	4.2627348376818395	2.220446049250313e-16
UNC80	2.773103821558916	1.3704705814424791	2.7463959529995865	2.3497037958128257	1.978455970148817	14.512427749553034	2.019077654504785	7.997976701951597
ACADL	4.1434953009778415	2.358637117427598	3.799306672991224	7.86288302014454	2.220446049250313e-16	10.163612063976583	7.819442462677433	0.9157324108047988
PECR	3.664056727671253	1.2024334261327159	0.5352763425368532	2.2046736197810475	2.220446049250313e-16	15.541877751057427	4.360062332887489	8.960553526436875
STK16	4.9451051637978445	5.643076789853165	5.681796541567	9.278684832339511	3.776101828433305	0.5101647385128762	0.6622114570944571	4.309086725787144
TUBA4A	1.12401374092333	4.777372350480887	2.220446049250313e-16	5.8205985042990145	7.652639252991632	7.5117931452368705	7.309588628635228	2.220446049250313e-16
COL4A3	4.128389241267782	2.0066802514394055	2.220446049250313e-16	2.220446049250313e-16	0.8254554178891302	18.85729067199946	5.094013172128028	5.559489485978608
RNPEPL1	3.538713102503625	2.8866556609175547	3.850522765680666	5.069453751856125	8.255913426147803	2.969195699252547	4.584936134346201	3.6190386632453815
LHFPL4	4.993804418075385	2.220446049250313e-16	0.5195328600694396	10.046217423186928	2.220446049250313e-16	13.809664443625714	2.212787054556664	5.833228946287691
ATP2B2	1.1133379165779078	2.427791211972856	2.7576356968575597	0.5042825096119294	7.573264367703366	12.146944052918162	8.675009236363127	2.220446049250313e-16
NKTR	2.679057871683551	4.3106318463995965	4.311266151557658	4.979363069301677	12.887074026371483	0.2223590516908689	4.713652425903556	2.220446049250313e-16
SHISA5	2.006556702961649	5.842945251921066	2.3176238306999295	12.669027035235462	4.914679556449748	2.1563287397518573	0.08564516750871043	3.672350146925727
UQCRC1	3.4065064172271597	1.4767704142954017	1.6738462396559628	13.382595360234392	8.171386272110725	1.6681461855257556	2.220446049250313e-16	5.3374384936170465
C3orf84	2.842770039796897	6.776136011493318	1.1767421925236428	4.911811654821092	8.232557512169436	4.987763140742609	1.9800830202078057	2.5461993424062443
RNF123	5.654227144444618	4.8354178010907685	4.614836511740125	4.502064165761996	6.224278051840104	0.8744497575428576	4.905360237690578	3.4462453054497146
SLC38A3	2.6128152731633127	4.160190084201652	0.6281677152748344	2.220446049250313e-16	3.2115967255350184	15.630538227210799	2.369366063857492	6.238943073417012
PDE12	3.0134257335031047	3.2243674057289198	2.715610975058985	7.1150924004774225	2.905752241742907	10.363306093094636	6.9059800871046635	2.220446049250313e-16
ATXN7	3.09561244466358	6.66494868145293	2.5575358188515827	8.321532523428733	10.40833255177921	2.220446049250313e-16	2.6486124087178027	2.220446049250313e-16
PSMD6	2.059703098410292	4.31393279751569	7.495643123320155	11.219471323293103	2.0364802286545554	1.3953387178489352	1.370805279959456	4.666856373664475
EBLN2	2.220446049250313e-16	2.220446049250313e-16	3.9150543773778645	5.606538579520347	4.766093515227623	3.1104291709589154	9.600628902291284	7.604875460365481
CIP2A	3.5299872151669813	3.952305598614707	2.220446049250313e-16	6.238250248187499	4.171494676990581	6.7425065683053855	10.74171670161017	2.220446049250313e-16
TMPRSS7	8.121476173440493	2.220446049250313e-16	6.106593617330139	10.626806694122674	1.0582443232027803	5.415751341037438	4.8462969982212964	2.3714823882312097
SLC41A3	0.4761675986147692	3.9614816467829908	5.935088544830056	6.494175277450434	1.6885187275622995	1.0948019016378407	9.373222656944897	4.973408381142506
ALDH1L1	0.007789171240094662	0.3241936376930923	5.2764598886937435	10.385942020841131	2.220446049250313e-16	13.861580980009396	2.220446049250313e-16	6.0850949830612775
CFAP100	4.013427385446276	2.220446049250313e-16	0.31079415934969035	5.898273469036789	5.82259527208371	6.1482064712512035	7.650017767034843	6.060256372365269
PODXL2	2.1596054411223626	5.105922982698877	3.465458271966679	3.0295142094157232	3.2967900715834473	8.328826881220063	4.283691783099137	4.579198219505219
GATA2	3.52021492468812	1.2915976972324188	0.8148858694542671	5.053434881946215	4.8770134267734075	10.295181100666909	6.23793922568358	3.8630004728383276
CDV3	6.9722859504055394	2.220446049250313e-16	2.220446049250313e-16	8.149117043996263	0.10767107243341822	11.709077742966548	7.9387913088834505	3.5588715675328793
ESYT3	2.3641993888559134	4.774698390216839	2.220446049250313e-16	0.0007928530387051325	1.0243794959036743	14.907314990445336	7.087770794003038	4.694078730776372
PIK3CB	5.222000158450454	0.45673431243610807	6.785467014550051	6.91720278835388	6.176745394455	6.13367171892371	0.9354505739885086	4.171079921924457
SSR3	7.728407578237598	5.792824165205307	2.220446049250313e-16	0.04263042992946975	1.0010486096087745	3.218562359963907	8.099535724578132	9.304059358523435
PLD1	4.870052726950501	2.9636787739465333	7.82807979862379	11.208235213612076	4.0534423769172765	1.8590684575669765	2.5463515193043795	0.8695453511823201
ECT2	4.096905970129249	7.2397287811162645	2.220446049250313e-16	9.07245349109284	3.8360714752811136	4.87286887334005	2.7765798293170136	2.2505340718310443
MAP3K13	3.95403040787586	5.933878976895809	0.9232950581959614	1.3730941675645916	2.2735346155772302	12.326429739511797	8.687185197137502	2.220446049250313e-16
DGKG	0.8165355197790705	2.220446049250313e-16	6.563940324860464	2.220446049250313e-16	8.822647871723856	16.593448014068354	1.9897127113112845	1.3341511595704416
CRYGS	3.8895659075082203	3.8191502704322886	2.5056722140270646	5.258009783910338	2.220446049250313e-16	6.813853257062456	8.6400618508507	4.7482034659978964
ST6GAL1	0.6071038030715857	4.743014434682081	3.812376322460114	2.220446049250313e-16	9.150801150873093	8.971867791631908	3.7319923452375328	2.6581526535096036
UTS2B	0.36047367695198196	3.2303211934028866	2.379335881249419	3.446375041596654	2.220446049250313e-16	3.867087905717652	12.03635074741491	8.542798780689186
ZDHHC19	4.883025487348621	5.1287747193713304	8.00993906514475	8.717304803933587	2.220446049250313e-16	0.24898730691319404	3.5046021565783816	4.903376670106295
IQCG	2.4944995636030787	2.220446049250313e-16	1.884320303310263	5.905276186826929	1.3485003427665019	12.153641963135234	7.150713312205225	5.391765073071486
LRPAP1	1.8446875931738957	3.357244164191023	3.2963619204584322	1.6131189526600447	2.220446049250313e-16	17.142464950452702	0.7725232443261647	7.440418642227255
CD38	1.890662246218876	5.731761560895867	0.6030982707611598	15.04593322893517	3.823157737250219	1.3100218644157544	1.5137117548315748	3.6776188622829205
QDPR	4.4620150302978745	10.932485237793347	1.4751258014538005	5.924535250319748	4.2797550001023765	2.0469978398501443	2.220446049250313e-16	3.860117560990812
LCORL	5.142826982072136	9.27518994016766	3.870177295722103	2.3479530305835463	2.220446049250313e-16	3.6515525828989652	1.1958806776768176	8.328102751107984
C4orf19	2.81759679924753	2.220446049250313e-16	1.2970553112328158	2.3628808411171818	2.5455413127219657	17.196851993611762	4.754366624626281	5.571001984171358
DCAF4L1	4.575932978858701	1.7442194043049426	3.837537589240509	7.036446016364257	6.017003976192109	6.285811608246174	2.220446049250313e-16	6.322282368511537
SPATA18	1.7038252005655274	2.8132176665321786	8.140925252054199	4.89171278308593	5.675136571725927	2.220446049250313e-16	9.539808016938931	2.0200777263759555
RASL11B	2.220446049250313e-16	3.578708656717571	1.267842435050552	6.27643889036088	0.2473725169409846	16.962696373743462	2.220446049250313e-16	6.5853588374107535
IGFBP7	3.9907879288957977	5.185352300390061	5.182698736272776	9.005601916096143	7.048002648919291	2.220446049250313e-16	2.2820598932569203	2.1240598056304734
JCHAIN	3.477598219046265	11.393295547524039	8.121393834250098	0.8824245136443825	2.220446049250313e-16	2.9696018921564105	5.547868910868655	0.9474504657046401
CXCL1	4.413771488805903	4.220886857102544	2.220446049250313e-16	9.43798199629212	1.3746289063963384	2.090584941657012	7.5350403473130445	5.888681908102335
CXCL2	3.146121904108828	1.2708012824217132	1.8092427498239922	12.137588167772806	8.562539335657998	2.220446049250313e-16	2.220446049250313e-16	7.715594342636979
PPEF2	3.9043611175360327	2.871528818950832	2.402525165003435	3.1917400768573696	2.220446049250313e-16	13.711472397340183	8.210262144571079	2.231906050246378
CCNI	1.0410685205534067	5.48439713325892	3.6764472355765436	2.7828185092938105	10.474105051303344	2.0435326223641503	2.220446049250313e-16	7.138619945182619
HSD17B11	1.3719540559972567	3.4101968500057485	5.694615882210301	2.220446049250313e-16	2.220446049250313e-16	6.733899249043068	7.738535071531377	9.545705704754688
ABCG2	3.499650576650922	1.4947617417883858	2.5749768977287335	3.786448481746622	4.3088641195075885	14.6187631443565	2.3674382613419565	3.634626359774355
FAM13A	4.279308482442405	3.387715592059733	6.209311568106514	11.347269564188407	3.599485685913403	2.220446049250313e-16	1.134300807368387	5.537987896723474
SMARCAD1	4.609883322133688	10.948685016943736	4.783446451888499	2.6670017265355197	6.992746146856369	2.220446049250313e-16	2.588647650261592	0.49373666916757575
PCDH18	5.311638790361145	0.29551796771025174	0.19985272395814402	14.718385833542857	7.774705988268023	0.43389556812439256	2.7731421957333016	4.492572942783255
EDNRA	2.536069409176972	5.198020519851742	1.5485213701229088	1.957030516714711	2.3415992690748966	11.393780475777636	4.058232092957457	5.455325849700038
SH3D19	2.220446049250313e-16	7.1940542605288345	3.554375151219059	8.57634731972697	6.223223022929261	2.220446049250313e-16	3.0423948033886696	3.7401226712954747
SFRP2	5.109965195274522	5.319764664539216	0.7127926957558937	9.840398208423556	7.212545084783335	3.3059064649421552	2.459041743397102	0.9768633463327308
TDO2	1.6670458909828285	0.4888768033207498	7.039263054978717	10.632787023815917	6.628454390856323	1.5555262956945954	2.220446049250313e-16	7.03815579869865
GALNTL6	2.397815814362096	1.6794897467625542	1.1983634687292843	3.8560203008504232	2.7629821359011615	11.844397976496463	10.49449964037456	1.736607953525881
ADAM29	3.058590429981378	0.027121443036003612	3.4321714638973106	9.224286173292342	7.222391191782914	9.271699528764907	4.499110003287141	2.220446049250313e-16
CLDN22	3.506083936845629	9.27725195734921	3.795926038071245	6.825025224452315	2.257194614272336	1.6701331600796752	2.220446049250313e-16	5.806556083186908
NKD2	4.179589892654864	1.7204993190682227	6.4979193707996075	6.966819278010698	10.766187347424834	2.220446049250313e-16	5.65359138117971	2.220446049250313e-16
FYB1	8.107380719386951	6.6119744943713155	6.997173298117058	6.209643052564459	5.249290628731615	2.220446049250313e-16	1.491363996262935	1.15519606790538
HMGCS1	2.220446049250313e-16	4.31329456490051	2.0377727113558635	10.865605866857594	7.457116000700216	2.220446049250313e-16	3.376536261243436	4.967082439056456
CCL28	2.220446049250313e-16	3.87578260664295	2.418925714785022	12.803406596278354	8.922626474869855	1.2548757984554317	2.928561323760429	1.2522464826060054
MIER3	2.9042874127369096	3.43819543255983	0.1880451950288089	12.112725991181303	10.84786020060099	0.2954042665116017	2.220446049250313e-16	4.185766713420083
GAPT	4.047599978516386	9.448090576860485	4.850673401353937	3.3065773648273185	3.9734467374472837	2.263208192408754	2.220446049250313e-16	5.430120526548429
CCDC125	3.8896202918018514	1.7189273349119478	1.1273391478594283	8.768337022955102	2.220446049250313e-16	11.944471268657203	2.984926553154557	6.049811959110526
F2R	2.4903449749835382	1.9129318833344282	3.7397486696415148	7.248011054801246	2.220446049250313e-16	9.12022873281054	5.408154785401706	5.869560705606205
SSBP2	3.7681450593059873	4.4568852311165035	0.6180408181099692	2.220446049250313e-16	1.2830877699587746	13.167472369501727	8.293987925218282	3.8606206169339488
GRAMD2B	5.551367439600963	4.3861357138494785	8.07886292153655	3.6394818850508193	9.393003940958971	4.053208196662551	2.220446049250313e-16	0.7977556046751011
C5orf63	0.7355039767107535	3.587085990303537	1.555836969985256	2.220446049250313e-16	3.377519252529991	17.820597824514564	3.851657714985157	3.884039494517504
SLC27A6	3.948949902998717	6.049973628025178	1.789851150879957	11.682468657160435	6.701531930055435	2.220446049250313e-16	2.220446049250313e-16	3.8669861290873344
HINT1	4.223525842206239	3.054141707123522	0.34689996523656896	1.3986007878725393	4.436609390673483	17.482217807407082	2.861151662755059	2.440186766627429
PCDHGC3	2.474445955819219	1.040552497679192	6.411521154019411	6.495495662549546	2.220446049250313e-16	6.81483744748523	4.968131804295859	7.6061043725439585
PRELID2	2.220446049250313e-16	3.2497926573217724	11.427030347880418	2.2194997826555856	4.153327974880051	6.619600667558066	2.652040650367396	4.422074297754559
SH3TC2	0.6844693441627941	5.234505601554412	7.1884599993272955	8.692892519408545	3.3764494101333336	2.220446049250313e-16	3.0300043939660943	5.3696860397225805
PDE6A	2.7462365070663153	5.390992602786069	5.454617600894101	7.153958202258592	9.585223653933031	1.1919619416791676	2.220446049250313e-16	2.5679128806922984
GABRP	1.1169548470462205	5.295775719994708	2.220446049250313e-16	4.7947175802470285	0.7968667542734913	16.341777206973127	3.013537859641608	3.221246075037114
FBXW11	2.8385708564396306	0.9750459850459059	2.220446049250313e-16	7.896299126195876	5.282207638315763	10.96300009488084	2.8135454798527397	5.031642935766747
THOC3	2.8137250495990034	9.228000548082122	1.0065859562107269	7.17207495316699	8.428806178440544	2.220446049250313e-16	2.220446049250313e-16	3.7446533313092063
PRELID1	0.5184513115719476	6.549622952033195	5.578017388102427	1.3562173763202399	3.5889689444201918	2.220446049250313e-16	7.067289185655337	7.994853502557003
N4BP3	7.744732410357906	1.8232705995417806	4.128711109362659	2.220446049250313e-16	4.662500589082558	5.918253044436746	4.9073581172111895	7.496250180986721
COL23A1	6.021801755457051	4.621355123136453	2.220446049250313e-16	2.5947716622900394	5.0382133391020565	8.776994677808469	8.123135027666473	0.7740499475461604
CNOT6	0.7157441350311153	2.220446049250313e-16	4.958426487737759	10.298485624817843	5.914666151778369	2.220446049250313e-16	7.378917673921105	5.636350936119739
CDYL	6.213222228910414	8.199084850116495	3.493832163633869	7.5261942079291115	0.959432926820492	3.0713307242590613	1.1457818974513532	4.113997626930818
ZSCAN31	1.5662128467572332	0.25553186314552967	5.805807698073162	12.29828973049855	6.0882574252478765	1.8479719371644223	0.5253230904312924	6.631042825192012
ZNF311	3.9094963902229525	1.3808199275671544	6.108892735992814	9.679847639998286	8.919241991151553	2.220446049250313e-16	1.904103527153445	3.586642683446107
VWA7	2.220446049250313e-16	3.287091234424239	6.759011196994976	10.467440901740297	2.1143336489951716	2.220446049250313e-16	8.076764692794251	3.670195466888158
DXO	7.312199968367632	3.3351057437386	4.2183097668978435	4.7073154266438	11.586994622980821	2.220446049250313e-16	5.173695825412887	2.220446049250313e-16
SLC39A7	2.3860354098363756	3.2774640868580356	4.1010277504466845	9.38122551354577	7.611803794129739	0.8845506649759889	0.29487609713175544	6.1502890972901145
ZBTB22	3.0825981927926747	2.011164113676818	4.0446290802041975	7.064717690060158	7.836213123244576	3.963650003465772	4.562329744321708	2.581319613565417
TTBK1	0.3041093204086111	4.467777419520834	3.3853224490116314	6.553921976101751	1.0878026692832083	14.699126530878097	0.01739792076423541	4.082924677655628
PLA2G7	2.220446049250313e-16	3.245339172744936	5.596145278848303	7.024686483027118	6.706576124006316	3.736908383981929	2.186616341539474	5.358156504081217
HTR1B	3.6337327522983087	4.931922490852228	1.699182986486226	7.0132428226588335	12.00070037839868	2.220446049250313e-16	5.071123912844767	2.220446049250313e-16
CEP162	0.25796958489981925	2.8096908580874302	1.8270095884887052	2.220446049250313e-16	4.812062088356349	15.683587458948814	2.220446049250313e-16	9.02357805407353
UBE2J1	3.7406668736052864	1.5340123889037738	5.004697598474395	7.568580822775701	2.4887024578986634	0.34124277481225684	4.103074689862744	10.385968780539903
MICAL1	6.503863281480684	1.2740683835926347	9.152623312483211	5.364850929522211	8.777363029027702	0.5168154620468255	5.011503121451097	0.3001635870309345
KPNA5	8.32394795619057	5.551913068393054	1.275648375939431	1.0558417117888084	5.906498663100834	12.309365505633302	2.220446049250313e-16	2.049818229774235
MAN1A1	3.1644713099228357	2.220446049250313e-16	7.0885723384962525	7.482218307100575	2.6893443283389935	9.053863197335748	7.739535898746511	2.220446049250313e-16
PERP	6.4721625873771975	2.220446049250313e-16	2.220446049250313e-16	5.009452934042949	8.79633263485172	0.8730539781227549	7.6453059355376025	7.228342965998999
ULBP3	5.479870113950091	14.165575643616137	2.220446049250313e-16	2.1600594934287862	1.1833329302727398	2.9937404557472584	5.594930349238259	1.0938396634659968
SCAF8	3.337436667642015	10.149792196646148	2.220446049250313e-16	6.886995138565696	9.630473945034034	0.09629315867536459	0.3129083305328786	1.7442004689534336
WTAP	4.509540081978107	1.9350961130886564	2.201163227813141	3.530473319374522	4.245749132232273	16.9549659009787	2.569084093584955	0.9420443762762227
RAMACL	1.67989839908749	3.0501425597447067	5.056601082598812	11.179041349774685	7.5474285710245885	1.286720252637768	2.220446049250313e-16	4.527056691693851
INTS1	2.220446049250313e-16	3.4251189085606506	4.444343464379331	7.918470787981347	10.323012548878292	0.2748446043914705	5.504820871028578	1.5302590548337474
VWDE	0.42985487101823094	3.373390573950015	1.4890982583200514	3.7388421816546713	2.220446049250313e-16	9.61812937505993	8.58509346161694	7.050896848756325
C7orf31	5.448848347764962	6.323252457589684	0.8624801744514174	8.758603124524196	9.570503030618173	2.220446049250313e-16	2.220446049250313e-16	3.346914271906014
STARD3NL	5.756844221599284	1.141048792165254	8.357829367012863	9.236594934709741	8.995614437429825	0.38444393194509097	2.8123461210887255	2.220446049250313e-16
COBL	1.753769999243119	1.640003584122434	0.9418246147174618	2.6005257726787434	4.988348931569825	14.15179346076269	6.883200066261507	2.615744750489219
EGFR	7.235644785927462	2.220446049250313e-16	2.220446049250313e-16	11.37888755859757	2.220446049250313e-16	10.460313466146834	1.655979843625789	7.534660117835457
CASTOR2	5.359618686017321	2.220446049250313e-16	5.311449628641567	3.603682135762037	3.8615221401900914	15.659900064238158	4.297350862412779	2.220446049250313e-16
PHTF2	6.342663665377188	2.70727468715231	2.220446049250313e-16	0.7071740345531814	7.03462777660157	16.514786371879932	3.7665620793548182	2.220446049250313e-16
MAGI2	6.596685380519393	2.220446049250313e-16	2.220446049250313e-16	0.25699332288639276	11.15818187227914	15.723095040463921	3.6783786155040152	0.05127007490502411
ABCB1	2.220446049250313e-16	3.2986262598733194	0.40517837486917685	10.44929235826347	4.811930791643505	11.508138864658353	3.730935302360114	0.4391355284323657
ADAM22	5.065344257088813	2.220446049250313e-16	1.467599730425464	5.31027604204508	7.400845160571998	9.186267543779364	4.631561829304223	3.643252081285273
ZNF394	7.630300069906834	2.436170683978837	1.8481813185853726	5.2605802940078945	2.220446049250313e-16	10.400038321411326	7.329783732927725	2.712968762447405
ZNF655	4.28691588182648	10.017677103477732	1.0683645637969192	6.700225976861164	7.076685004966509	2.625078091966094	1.5451555294174053	2.220446049250313e-16
TRIM4	1.1710823703014779	3.9371662075863103	3.243989702030606	2.220446049250313e-16	2.9766824489490222	0.5728691567388262	12.480667541593354	9.080201213687658
CNPY4	2.3035078315950916	2.177373630168953	2.3194913804549	2.7103817575632942	2.0101047919942454	12.052471600315886	10.083495301697193	2.1666039227665292
PILRB	2.220446049250313e-16	1.7329758016407217	6.192542614054695	6.141923932876978	2.5206001468459847	7.071163877870374	5.306648843997769	5.801771988523219
MOSPD3	5.968948518179423	0.9012514579322612	0.33787315735312706	6.448898799042114	6.193936074094294	7.379882793959338	9.98076965861817	2.220446049250313e-16
SLC12A9	4.380589117017451	2.220446049250313e-16	2.170172958923761	4.805467016553524	9.255259524642568	1.753045696607379	8.01668317270662	5.243208428099215
GPR22	5.437060693813919	4.725702701375937	7.336049718611521	0.7207620667407175	2.220446049250313e-16	13.089868931564187	3.049556057657552	2.3306020094584694
BCAP29	2.47751069632782	4.4228147581493555	2.220446049250313e-16	4.6225031736426905	2.220446049250313e-16	11.534093798957091	5.739859472502965	6.124836209680134
IRF5	2.240709310022846	1.7867093651868498	2.220446049250313e-16	6.417180587874473	2.220446049250313e-16	13.756223995164412	3.2170862076736886	8.18670014647154
TRPV6	3.9556845215875045	2.531303498696044	3.686860646018911	9.619358355773663	7.109313710334417	0.41805015581394267	2.220446049250313e-16	7.475182525181043
TRPV5	2.624984752657147	7.453943320811808	0.5755050723327466	8.949461021622053	9.206058318333366	2.220446049250313e-16	2.220446049250313e-16	3.9621791273162152
ZNF783	1.3890233143307422	1.5569836703892612	3.181357619533127	2.1311582348665863	1.3033117749280079	13.670259772717174	6.885688359533161	5.464293399626723
NOM1	3.628476527017312	2.220446049250313e-16	2.974138080417111	2.9794636404745507	9.13630111326152	4.335249137326269	11.11657442006282	1.8324296514966623
MYOM2	3.0191061737696305	2.220446049250313e-16	8.625056212987129	1.7919063865980291	3.9162925721400272	9.604152367676573	1.5099298539086288	7.864838645799647
PEBP4	0.029509189201223515	7.133004638344543	1.6037098679905273	8.682585440947467	2.220446049250313e-16	1.2196869138186517	11.373036042388147	2.9437785086345083
KIF13B	2.220446049250313e-16	4.7894258426074225	7.370794739151627	4.818647857417147	4.487637490185419	2.220446049250313e-16	6.705098708179698	5.395425139723489
GGH	2.9047908942993033	8.232623994475345	0.5712504157463636	6.757888444031852	11.846037085490465	2.220446049250313e-16	2.549259187228709	2.220446049250313e-16
VXN	4.607220960334515	6.666726398281481	2.8996823030501435	5.6059703953918625	2.239613563847364	1.9975928360610817	2.220446049250313e-16	9.798884337364715
UBE2W	2.220446049250313e-16	2.424574018714262	5.428054240707505	3.229641864264117	0.02800802584294182	14.397546346437268	1.2864632078860678	8.035093327790767
ZC2HC1A	3.0900162508423636	4.022229224811152	5.96275991047816	2.5750559011073406	4.651268642550068	2.220446049250313e-16	8.082069003114178	6.320006065795215
RALYL	0.8693580627178263	12.302055803345096	1.4338561060634456	1.949383250445874	3.477261688473476	4.949683697567023	6.908185621007114	2.220446049250313e-16
RIDA	1.8964693972800024	7.5737567971431226	2.220446049250313e-16	6.116824357892823	11.150234961022495	0.9842916045793713	2.220446049250313e-16	4.402629725924973
ATP6V1C1	2.220446049250313e-16	12.493658767902357	4.426823393850798	0.37481457149443376	1.4847742209680823	5.150204226460109	3.3747408537389636	4.035089406875566
EIF3E	1.6253574915809492	4.031094563256712	0.5519043480358974	12.657509812978766	6.836557185257456	0.5327978181161499	1.4851941801910087	5.76608314457749
MYC	1.5637145474393805	1.761591817938326	1.8904350036331012	5.251113546900541	6.953304447221134	2.08174243244123	8.125077529517691	6.583182033837793
CHRAC1	3.5804501029441163	2.2670289386451135	4.126408044471606	12.617429721431067	7.8065951432004015	0.1657510628631349	3.5548568174592305	1.188405890854586
THEM6	2.220446049250313e-16	8.105002238753585	2.480832514808066	2.220446049250313e-16	9.068167182510383	4.17918576896857	4.3557787024816115	3.932584725447687
LY6D	4.561219065337248	2.220446049250313e-16	8.068195317998601	9.483433470314822	6.497218314240898	2.220446049250313e-16	3.608669436289383	4.218579019380105
FOXD4	0.9084188839140507	1.6552486388353351	3.2405483676463316	9.755284187764193	0.6216799402485376	11.680778017140863	2.0795886357213114	5.483582607932869
KIAA2026	6.954514672383569	6.177317252592166	4.070183788449851	6.729008077631251	2.720457430805906	1.5891346695815698	2.015154613659006	5.017114326289523
TTC39B	2.4513907573098024	6.596830550912422	0.38333875722211097	1.6396562034034496	2.238331556220108	13.574417037079748	5.012948791263036	2.5133035357941536
CHMP5	1.1617038130056534	8.20427317913355	2.767350737547617	4.161226956902267	4.703794245785765	0.3108864865612828	2.9414094758722626	7.764292167133412
RPP25L	5.993962542963168	3.5172020410785336	5.281398445562427	9.656901771695614	8.565354676387468	0.4363714415734119	2.6255197086298727	2.220446049250313e-16
PIGO	1.7859651487534507	7.3460235631283535	3.404368624166711	2.220446049250313e-16	1.006301810562702	14.85455608498102	3.8337802224867157	2.1474778295004926
NPR2	1.4765593805833404	2.687025947837647	6.937343133751532	2.220446049250313e-16	1.8801842359405154	13.117458918473389	9.576111128780168	0.269453151816788
FBXO10	2.220446049250313e-16	3.586545028440676	5.632182797654696	5.0425139567010175	2.583164464993307	11.995184558949195	3.9637903838031585	2.0883216051065707
MAMDC2	3.3238732194859733	2.8675417974780704	3.9320729989288274	0.33269710035039246	2.220446049250313e-16	18.746938987160334	2.220446049250313e-16	7.0718447379750815
TRPM6	3.363208585407018	3.9847984542140935	2.220446049250313e-16	4.758264161076278	4.1450952781534625	8.175327289648743	11.103570514172429	2.220446049250313e-16
PCSK5	7.476927899115572	5.74557294807655	10.009068023965117	0.01272246590329873	6.813247702252427	5.85859178929312	0.20050578716592904	0.18235584889595557
DAPK1	2.4745850696557956	5.551277966351	6.306055565975163	5.189821144552798	4.817544841066046	0.22010536454598606	7.97055250018279	1.61870554965645
WNK2	2.357744126557237	1.1450616345436568	5.968870379069218	2.220446049250313e-16	10.533834340876512	5.065495911448139	8.986611182266051	1.1943137485714193
HSD17B3	2.220446049250313e-16	2.5506069252098915	9.647315317950607	9.892036728878544	5.1105530275547215	1.3414748061555368	2.174974995190734	3.6072075515479756
SLC35D2	5.666411611433118	8.957752955067258	7.321919794429565	6.532467984021769	2.3279497320387668	1.0555667034423215	1.217539079509372	1.436779251819646
TXN	1.488761237819759	2.5739112573945135	2.371377406269149	11.536807561474074	8.719148833961626	0.1397991164336463	2.220446049250313e-16	6.884917349254268
UGCG	0.5254641353590234	5.354166913179881	2.220446049250313e-16	7.943442845503777	7.84810516764892	2.0465123361267175	5.632500892809232	3.471099646102302
SLC31A2	8.916303801012301	3.9640513827585657	5.321741898516545	2.220446049250313e-16	6.09286726330208	7.317989624819173	2.220446049250313e-16	5.125711371260338
TEX53	0.8044962492320665	6.522860960299189	2.7293734656327997	6.296409399650779	11.705786226273071	1.0767616187939746	2.220446049250313e-16	3.164676090530737
PAPPA	4.947673903952075	3.298880114493844	1.5036074443768257	12.129235405447067	8.31902424879043	2.220446049250313e-16	2.220446049250313e-16	4.831639652242948
SLC25A25	2.220446049250313e-16	2.8739040617454172	2.362319883560449	6.326596133195141	7.528084450310322	5.0799764686415525	2.0343619121807133	7.318245269738716
PLPP7	1.4801650011972156	7.364596640847319	7.072695759258855	6.586872607788159	2.4354036400410948	2.220446049250313e-16	1.9871920875742917	6.2631419232561205
UCK1	3.052821968341115	7.000570913356567	1.7913307951747424	10.938090634691356	6.495068622400346	2.220446049250313e-16	0.752837762700262	3.4317011011917082
NTNG2	5.357192041730344	7.037380159169883	0.45552451323399623	4.3087135793999565	2.220446049250313e-16	10.042679792139737	7.640887613505026	0.6333686081172036
GRIN1	8.704980253068092	0.12400930665142873	1.9731975812259988	4.39361731433122	12.258364735960328	0.48184531729912417	7.891102636419152	1.2582514102756612
LRRC26	3.2172682845948226	5.922119295057174	3.8116158030630527	10.040661463579017	6.008104860287275	2.220446049250313e-16	1.6384812788886585	3.4627497732066894
ARRDC1	2.220446049250313e-16	0.11073128747418777	6.261817914887345	4.925767004879637	0.938919791475854	6.182955994352309	5.700914091200941	10.620541135590283
CCDC3	2.220446049250313e-16	6.767575626455878	0.29597867075580275	8.284158761571717	0.6571308728979965	4.142295576565421	3.236172662898749	9.100524770243018
DCLRE1C	5.066614080747041	3.321592760401364	5.031378248681866	7.267348207914255	5.640698261433738	2.220446049250313e-16	4.556431917889782	4.953033799993622
SKIDA1	1.9637163469340588	2.220446049250313e-16	5.886865129895098	4.724827677122991	5.617325548312555	12.770308192406826	5.494433609571168	0.20571919764391478
ENKUR	1.8682429214110023	8.71449240999926	4.1313653199358615	6.791140052655644	6.770379181119896	2.029484845185654	2.074863122969819	0.47607593855304486
ITGB1	3.758902189260808	2.220446049250313e-16	6.3730117552631	2.220446049250313e-16	4.646016046210916	13.252712511549614	9.283681722880395	0.2514159357695842
CUL2	3.033816573926786	5.855906446301361	3.042619772202538	14.180672281109533	5.322805698312557	2.04243682933696	0.1396007069552212	0.7291432488967047
FAM13C	5.976865564158748	3.4030833158877254	2.220446049250313e-16	3.421772700293713	6.616921234209968	9.065142141215919	7.162597789445635	0.4714241838604165
ANAPC16	3.2785811694949896	7.633921816032069	2.220446049250313e-16	0.02157004639307658	2.220446049250313e-16	14.848944583143233	4.633734333308142	4.1612902590205545
PLAU	2.9982944892613337	5.788829728349899	4.213986157918021	12.24027557508483	2.220446049250313e-16	1.8997283317360383	5.8328864066621975	1.8676815410025873
NUTM2D	3.2479872693592657	1.4990011795262657	4.034400917763088	4.22221837591074	3.094682656919466	12.591135048023638	7.909280651326496	2.220446049250313e-16
HTR7	2.220446049250313e-16	7.179709996571425	7.69168682597531	5.352946171977382	6.881326102280811	0.4835545124258447	4.620952052331372	0.6323605407833064
PPP1R3C	0.9022223267617341	6.305167048552926	5.367808956180892	9.595975109917608	3.5126842872024673	2.220446049250313e-16	2.085227335818523	5.334768955990818
CEP55	4.8098171828175476	2.853366843004606	2.220446049250313e-16	3.9068108722460835	0.950286611172193	11.01220286144691	11.039691995714511	2.026089300086855
CYP2C18	0.8268481507747246	3.1303160037695967	4.6937028882588585	13.741663031296994	6.0551629119515376	0.15762546447891612	2.2478352671702817	3.2334306831323705
ARHGAP19	1.2398326983382304	6.8831157633405144	0.8561127107835143	9.626199809708849	9.557643763794367	2.220446049250313e-16	2.4085483943020085	2.0816658265439667
MORN4	2.2332630271631086	2.6372768455371407	1.6333613249717982	3.159588053211078	4.868639871026714	9.987549741124194	3.418277948043916	6.749852231757522
DPCD	1.8335308872064402	6.844434397489797	4.097617285528166	3.2194694795098133	0.5621821467752506	7.663708846589534	9.597122117603263	0.528266072359667
PCGF6	0.6157698531859545	4.338116313993041	10.38650495773981	4.701532026207943	4.321031635790723	0.5965146413233979	4.447530032306396	4.4589474907371365
SH3PXD2A	2.1653942275564417	3.625970397732564	0.7123466480135128	2.220446049250313e-16	1.813732994298249	15.109253543916738	3.826574167824527	7.815845788473411
SORCS3	0.7284667369272417	3.668604243224909	7.4223405316153555	7.192181454521316	4.449415772743664	2.493361138147227	6.460505057330719	1.9679787952454193
SORCS1	0.824191473629092	10.068091986465394	2.9968986126116954	0.3033365549964131	2.5314998436053058	5.745473090983028	5.81908097254994	3.8521897081188285
TDRD1	2.0272982955553185	2.894146090880227	5.397015166239653	2.220446049250313e-16	3.740945119902097	11.91061787007747	9.03401728118087	0.8330849626683987
VAX1	5.162843532891592	2.87119944119004	0.02098859915635476	3.2072178681888435	5.811110079546678	8.064793763382742	8.624774598784633	2.1492330222243634
EDRF1	2.2484269714173815	3.0642239659668586	7.991963976990231	10.435268880155808	1.4506476944855446	2.220446049250313e-16	9.101800610499893	1.1928470987812863
ADAM12	4.004533004062818	1.7427217168936018	4.844011570975484	11.705651812102937	4.64306949574956	2.220446049250313e-16	1.60588959255427	6.777708351339487
TUBGCP2	6.686476224061811	1.3526153332234472	2.220446049250313e-16	0.7659087842941372	11.77939914058177	5.8039924273853565	9.985912294577865	2.220446049250313e-16
TSPAN32	1.3932265821680234	6.895954374926001	0.061077165598762306	0.3299492368782859	3.3886097344345742	16.725030714587525	1.3358485871316983	3.6795534561743324
SMPD1	2.220446049250313e-16	4.45292671545277	5.740901345871894	9.163164336320248	8.332372705974871	1.4721121145229246	4.789286995030155	2.220446049250313e-16
GALNT18	4.060583767662734	4.809907292066642	10.853888077810966	1.3248062934341136	3.69678582327594	2.2708499115526024	1.710463275749067	6.175989498102471
KCNJ11	1.3190710691901226	4.632318818445814	4.125230426357747	4.251485360750861	9.732671174934097	1.6887917557834018	2.220446049250313e-16	7.376641094329908
GTF2H1	1.4141254004332695	7.267203781442847	0.38205823797060035	2.1618958082380715	5.296247905695305	5.966550627787316	7.137366465792793	3.3197670304707922
LDHA	1.5406728769874067	7.643001281312383	1.9830050435964517	0.6984059398252711	4.844122752692336	7.565278953144852	0.8729852808498508	7.493854973911123
LDHAL6A	0.8360362215075179	9.945704772370084	7.875322938188766	2.220446049250313e-16	0.15608142132254255	1.5663748267659474	6.5405458392125695	5.45828322466383
LUZP2	3.9477245998395842	5.539875189106667	6.056358566073411	5.860647149613429	9.83385784396241	3.1751363791595124	2.220446049250313e-16	0.25580866205089503
TRIM44	5.796043651482577	1.3408696323840683	2.220446049250313e-16	2.47227132691131	7.793381546642794	11.585915373860786	3.2668214921978525	4.124460164244868
PRDM11	1.5523069959891038	4.8959512181383165	5.525915552511929	2.882715994403064	1.4457988137771691	10.26879112736953	8.62019545445424	2.220446049250313e-16
ARHGAP1	6.442090080002601	2.933581073390153	2.3880015196456568	3.9740411668322455	1.1055332624621803	17.27787642567499	1.833006784150653	1.5486709629891253
PSMC3	3.0201277684734316	9.65067472164388	1.5055785427288493	5.868528090739736	8.196107589461242	2.220446049250313e-16	0.7348757908062407	3.2689655437871243
FAM180B	4.28766323131616	3.603968895254285	7.01387378333176	10.8850365406771	6.645382057246048	2.220446049250313e-16	0.23648255064455537	2.6678923108120873
MS4A13	6.901248129361146	1.0010611791825532	7.274594491954545	13.837673251510315	2.9400381943606426	0.13065328126822262	1.4211369520131258	3.734400513742963
SDHAF2	6.026867277886015	2.220446049250313e-16	1.8499149818778928	7.827244881018819	13.522887421341544	2.220446049250313e-16	4.974160731456731	1.9010103801818872
NAA40	5.739782318504326	1.3048215298264818	7.571753669876215	2.911653699327115	1.5706876922571806	2.2039390047576193	4.530076418325397	10.285461935724598
PPP1R14B	2.8685192591213684	6.3027577520067375	1.552880080857033	7.569357558654442	10.533498636341875	0.43602303762130035	2.041271499551267	1.8724442568599442
ESRRA	3.7483798128306587	1.964328295204938	4.048717710512628	2.220446049250313e-16	7.815941965295299	0.4862104979459043	13.813197975731901	3.363761266792568
CCDC88B	1.4795954313944728	6.6682164641322945	1.0264257633977918	10.813130120858085	8.155636349081936	2.220446049250313e-16	1.9252234841585247	2.733081434463309
VPS51	3.070388563283665	2.220446049250313e-16	5.101497325730769	4.288661036416993	6.522175491258946	13.965150447455564	0.5221847249907983	3.204522701628504
TIGD3	3.936817531658874	5.417588753067868	2.220446049250313e-16	2.2063472052523663	4.012452895449612	15.92999888573824	0.2509926766238495	3.453701205919564
SIPA1	4.121016554555929	9.620418124435819	4.530187482943051	3.193268893118558	7.349870854825262	4.779317921569364	2.220446049250313e-16	0.005575386761815793
PACS1	3.769974586659062	3.3538657770123717	5.350792865895041	11.514211108010478	3.8441386612718587	2.220446049250313e-16	1.4274448507056774	5.827120091111555
RIN1	2.380620479148669	1.6216993904698622	4.036714495833771	7.961710130207352	10.45176166946132	0.9125093140922447	7.388091193181888	0.135996054841951
TMEM134	7.692344177376779	1.2876300121487763	2.220446049250313e-16	3.6042375751916222	6.623996328239706	9.311316208443358	9.030651786883734	2.220446049250313e-16
C11orf24	4.012739199123434	2.9524834564917892	4.80388480780546	14.621541034858545	3.72262097031873	2.220446049250313e-16	2.3653883788939853	3.1229685864141095
PAK1	1.7997190980618825	2.1352394865495086	2.25933715912942	1.0443587118789184	3.951125678076214	13.234098711654255	4.843475943115194	5.952117625798333
CLNS1A	8.680356081536022	4.1971914987626775	0.9561083542368394	11.098557070841537	7.888652441058644	2.220446049250313e-16	2.220446049250313e-16	3.3080023005655645
FDXACB1	5.671541697818424	4.225317713080541	7.588924833608302	4.973635394538205	2.220446049250313e-16	7.147612809355957	2.220446049250313e-16	6.541820656496297
TMPRSS5	1.6413966706070697	0.9873087740625	2.70297880988438	4.853413510639948	5.798699328631235	5.2730565328001315	13.568594891707072	0.577936484532461
FXYD6	2.643107954311943	5.874187875758777	2.220446049250313e-16	2.9182439274029672	4.927237420208973	12.45802602710626	5.962874987459071	2.220446049250313e-16
TMPRSS13	2.220446049250313e-16	3.50482970263038	3.3007163364157783	1.9885063479230016	2.5856340668032893	15.343995979952762	3.039235219928556	4.810903063514613
NLRX1	6.962782812377387	9.083873193790739	3.262442686798699	5.679255352079219	2.5911112890385994	0.08613937965565643	4.089876955801613	2.7641558126163073
ARHGAP32	3.1630063836938755	4.4662379223884034	3.43630165056274	4.126596387509459	0.8180894125881344	14.659061036835563	2.5140692431683274	2.567767544988431
RAD51AP1	4.311757867802637	3.5510780688426244	5.185358502094632	8.233805803539703	5.714820802568585	1.6885614401477105	0.32272296816746193	5.969075121495397
NTF3	6.385525963832467	4.582238417027504	2.001494206473917	1.9517609180202267	2.5867459255016865	12.35320169082948	6.8572376131753625	2.220446049250313e-16
KLRC3	4.831697747193345	4.1790086254012895	0.7725816347828456	2.220446049250313e-16	2.220446049250313e-16	4.613585145187292	12.481267244949882	8.184577644495695
TAS2R30	8.460526023837183	10.505312156820818	2.759315532136882	3.582847238568972	4.860432541107489	2.0674612418760563	1.5090019384059565	0.8197874936934761
GSG1	2.220446049250313e-16	4.175771965532991	9.186666406951726	5.59308803823292	0.5690608570583313	2.783670869053808	8.450546856291968	3.5938218136020508
SPX	2.796771576862472	5.270214079782999	9.977532477686438	2.603103509048504	2.562198916499608	5.235568033633083	0.03799692217735151	6.069307258204635
GYS2	3.932377987199173	10.469877702682494	1.3590155177298495	5.590885432486256	7.4233666652662675	0.5660736154312804	3.4205435661770833	2.220446049250313e-16
REP15	4.1357620144425695	3.5868943671752493	0.10883490652460104	0.5335090461251535	3.686582029895494	9.650848730156765	12.624412517624918	1.312050781437276
GXYLT1	3.2953968306597345	6.689570661020907	0.8952530909883301	1.026585251161558	4.176539088004497	9.953704178606229	7.977558907509501	0.4503222015017805
TWF1	3.561835225176928	3.436206750369214	7.60840702568211	9.895494615985811	1.4328121259519966	2.220446049250313e-16	3.263516611646268	6.055107079888424
SCAF11	4.132593681573348	2.220446049250313e-16	2.220446049250313e-16	1.5573500225515513	4.348004065752633	10.647800767680843	10.750281385757862	4.973133810987309
FAM186A	2.220446049250313e-16	4.569152308664702	5.371595238574104	4.89001964720713	1.3007438215295428	7.07497518456533	2.220446049250313e-16	10.210289079975205
PRR13	1.517464227032092	7.2532386700670894	1.7024502847024299	7.621160119687447	6.355238598177317	1.7798884900555443	5.5368321722350125	1.173633450558663
CALCOCO1	0.8994353323059227	4.348448570143166	4.297153382972226	10.420437382655576	7.552404350274275	2.220446049250313e-16	2.1502980186046843	3.7977770119783445
STAT6	0.3691589968879372	7.234263771098712	3.945442490091416	9.120090647376777	8.015358604076225	2.220446049250313e-16	2.8123179390323423	1.1249477331831894
NXPH4	2.8719639406043265	5.772346512208543	7.284583924712203	8.041222084312274	7.346497251395322	1.4900545719012492	1.5287975115585635	2.220446049250313e-16
INHBE	7.956158455245041	6.331621819858302	6.83068431524938	7.075218596019122	4.2972065831820405	2.824045616636047	2.220446049250313e-16	0.8538147502947648
DCTN2	2.532167730644032	3.725191004814958	2.220446049250313e-16	5.418279574828526	4.541102078448025	11.90216408190971	3.7498246379301152	3.1613049177150376
EEF1AKMT3	3.919940291834319	0.36855089233079674	2.0693586606765244	2.220446049250313e-16	6.8136590984034635	18.289135983453246	1.184964835334053	4.330849028362822
RASSF3	8.468121536968408	7.611478896687878	1.6829254127415645	2.3494627524004956	1.375955242511973	12.816244323841612	2.1544175976725173	2.220446049250313e-16
GRIP1	5.306590794773669	5.640024503922355	5.513527882372551	4.168234071351085	3.3163358669470666	0.6664553377293858	9.916586009104812	0.7584356150698177
LGR5	5.944454450717884	1.8674363775233687	4.284339222718466	4.006821817480032	0.7790216500328122	12.37374646186491	5.80695456218227	2.4528695695629845
E2F7	4.385918797807074	3.5906781820244547	6.39457399335087	11.794241480708745	3.705199603585628	2.220446049250313e-16	6.229625047050071	2.220446049250313e-16
NTS	8.13336703766913	3.1960004371320174	6.301664392106999	10.160767565412067	0.22869055283420847	0.7499411962664277	2.886772298687804	5.313638518304476
VEZT	4.3073664786955295	2.0947892463055187	2.0423532541749156	1.7352253308864247	3.074970727821114	15.864582611867922	2.3466663707914353	4.912076302737982
DRAM1	2.2413169749630653	3.3065707585792143	2.220446049250313e-16	2.220446049250313e-16	1.8778362729897031	19.138825932374562	0.5146910790645434	8.097503960539065
MYO1H	3.3601582860737236	4.723472063214574	6.410382992381171	12.185071226067903	2.2274287775187958	0.8267253726105319	2.2107934867039534	2.988035189319612
ANKRD13A	3.805127989654161	2.326164741865151	7.2281043522087955	7.521785930588493	4.704174353250946	2.220446049250313e-16	6.721608184071892	3.2457146225697895
BRAP	0.5790369605675685	6.684582234790524	2.736827076543288	4.80837160415922	1.4511626959196606	7.274694097212365	4.94788665771759	4.8708049200407295
ACAD10	5.352003635229294	2.2437932183128346	11.833319428238608	3.953377602045536	4.614412807666746	4.152405273877029	0.502112111441245	3.808217371733929
TRIAP1	1.3639403670309977	2.220446049250313e-16	2.327254462856091	2.0498949835827887	0.7192945388445935	15.912646136851682	4.637370970177166	8.910781510992955
OASL	0.07138025042972994	3.1409465938144763	2.7511699703008983	1.5600616251243413	2.220446049250313e-16	16.374976604930215	3.1038777362624517	7.676679131030585
AACS	3.4314323064513763	3.1237283045176127	5.622864144710222	8.511427499917296	7.295509484321588	2.220446049250313e-16	0.5279423895410083	6.244647869511006
RAN	1.2013536821369122	3.0816828123217874	4.099919593328885	1.560171509884138	2.220446049250313e-16	16.303805535331026	2.657024964197491	6.5127160074883275
PSPC1	5.118146409247341	3.7580480326098833	2.219948506499134	12.410820590388429	5.090371089077369	2.220446049250313e-16	0.026266869441243124	6.44170803048549
SKA3	0.5471755915714904	4.89061906768138	3.033922320911631	5.507960317396368	9.991449502802254	2.220446049250313e-16	1.9918757891689176	6.620846778889692
FGF9	2.3119804470186027	4.198922957040221	0.2618593087121335	4.627058456590014	12.976748220746105	2.220446049250313e-16	2.3698250164247185	6.172598014615591
C1QTNF9	2.2395477323732975	3.161603228836192	7.1170489400741275	9.526935000678762	4.835706724943612	2.220446049250313e-16	8.045174835180052	0.47584319044553247
CENPJ	2.923393123887889	0.8339050896076969	7.749338833965048	13.157771171378744	1.5577895839926197	0.5711459641206047	2.7779098454928475	6.27024727173622
MTMR6	5.994702869062907	1.1620225966776694	10.824569016234932	6.579035620024827	5.404317605899429	1.9867590167654008	3.652654407367649	1.4688789555431083
PDS5B	0.7121091048644503	7.903318578142914	2.557939673803787	7.2239991140134965	2.1259939834404644	6.794243978596258	2.220446049250313e-16	5.546620563248795
FBXL3	1.5063690778829864	2.220446049250313e-16	3.3146248302192003	2.3149547890675324	1.2568747874792674	17.253180035386208	5.469993439779362	5.3066394683480205
SLAIN1	6.4664943598020255	4.869437528490538	2.220446049250313e-16	2.220446049250313e-16	2.1686854871016537	9.717052836358722	5.5576761948897655	6.949728313200447
SLC15A1	3.2114107176724063	5.86595866806581	6.515203338346461	8.52388287149627	5.6755082551860925	2.5964839201918135	2.210629891398105	2.220446049250313e-16
UBAC2	3.7729101120125046	6.565895889283674	4.721949056911489	2.220446049250313e-16	11.939585960903957	1.8820514899377967	1.1359900349710919	3.489281789942084
ZIC5	4.854960976361683	4.470421959531139	2.220446049250313e-16	4.828626110450118	1.366742684300072	15.609281178673424	4.114441333796224	1.0540234860780568
POGLUT2	2.8848306660628613	4.188559795587803	0.5142487860977236	3.689996395588355	2.820161092334023	12.569808089180492	2.8250153333045716	5.440129199169442
LIG4	2.4520456202407646	4.08960024236006	6.381695943288868	2.9831231114845584	10.898783641589176	3.220159166651843	1.0082145265851907	3.0106683205258293
ING1	1.375120459049336	6.880829966851591	1.5012344539642295	13.083615223975361	1.533056225937481	1.4486721984736879	3.7595845367947067	3.7723771568361486
PARP2	0.7680477055071987	2.220446049250313e-16	0.3324439871303362	1.1963576660587032	3.2965744156238963	17.152079777785364	3.510456030349598	9.134811645784087
NDRG2	0.7679936628280801	8.671937314221234	6.268185270905622	4.07308631248625	3.5483164856508203	3.1190234095834786	0.3912526662479774	5.546526369882043
ARHGEF40	4.064421888095532	2.9020027032346167	6.689632377176017	5.474330593356752	2.220446049250313e-16	2.220446049250313e-16	9.37484075941877	7.002104629937367
METTL3	6.7853440036100565	1.6964607239752052	1.4698371541776105	12.263119595684703	9.940621126421624	2.220446049250313e-16	2.122526120983418	2.1267706442301133
OXA1L	2.677683660289615	9.167174200139442	3.914919883868876	8.966541732020012	2.220446049250313e-16	4.127148527687054	5.121748455165488	2.220446049250313e-16
REM2	2.119128316445416	2.5983765757695263	11.60628848152055	7.0109620383201205	3.4889637414026304	2.220446049250313e-16	6.172405399956511	2.3214087022692453
MYH7	1.4757264694234038	1.868305937964557	0.7303979870950625	3.652342515788711	4.28924259152152	13.59144458988148	7.0414292281769795	2.7681087259209494
NGDN	1.9415612158900921	6.119667504712083	7.96304836564564	3.0105379664326657	4.467048442398178	1.9822085616771323	4.654014374638874	3.6426326265312126
PCK2	1.8663049990824934	0.06716758167679338	6.9807967533562625	8.89474102256871	4.114741183315516	4.005493819280375	2.353619322268769	7.166684154210159
FAM177A1	1.8200201647935401	2.543077642916204	2.267660991414541	12.495745928795152	7.828253213648933	0.09798938344427555	0.6567838741178691	6.227588616822641
NFKBIA	1.580964379019576	8.000713578197585	5.318573919129969	3.294838941708716	8.491009129741496	2.220446049250313e-16	2.7522182550988488	3.215787998669083
MIPOL1	3.470780417048116	3.824450919210072	2.220446049250313e-16	3.887790382315126	2.220446049250313e-16	10.43083050501038	7.959453756215991	5.8290321550151285
GEMIN2	2.880975793055849	4.5861952832701895	1.7527405750106695	3.7992805563765994	3.695225817796041	8.707428661534948	9.79237458138305	2.220446049250313e-16
LIN52	0.9747087356565645	6.702063743227999	2.1838326687191882	3.0065289059203204	2.703617901470946	10.845346507255433	4.812939762925835	2.55966547437354
GTF2A1	0.5505542262844161	0.302629374797208	6.601398316186622	8.700702063086196	8.980360185966665	0.7281466876143257	1.7755305723789552	6.670670864538186
KCNK13	0.9527936014199749	4.373217129859729	2.93365949975499	11.194340245376765	7.932702087734171	0.17084806541409092	1.2019387433189448	4.508644028070355
RPS6KA5	4.500071284840598	10.503143196090951	2.3558068734993736	5.544773195737824	2.2765360681149436	2.13591172610769	0.12217430896833559	5.540926142521158
CATSPERB	2.108023373412523	11.744091794148732	3.707548598383073	2.9948180070622454	3.985683057601704	3.2796354771116194	1.2007740600015673	2.9936612164876926
FAM181A	4.466020187692248	7.361588178725098	2.220446049250313e-16	1.5102650839525902	6.29911379747998	12.011051533464327	2.220446049250313e-16	2.9117163563100106
COA8	3.0857108139497287	2.7284738552657295	2.9698375392596263	10.75300783570815	5.26719185269409	1.936367602056191	2.220446049250313e-16	8.120766574305826
TMEM121	3.4310708598795845	3.967139747991663	4.263891939948667	11.878474753409336	6.6330157622677755	2.220446049250313e-16	0.5738056943768877	3.793586234882105
RYR3	1.228592940164154	4.262675822007399	2.599078506682898	11.930499896011574	5.040011556669903	1.282008107481393	2.220446049250313e-16	7.175074863356724
JMJD7	1.1082594491517026	3.982762330144377	5.248895710334773	7.173425552868068	2.762823731105307	0.8397614156222808	8.482316210700443	4.364017483574562
STARD9	4.8866395330000785	2.2016911181851757	7.89506993168658	11.277252244650565	5.5640686749812325	2.220446049250313e-16	2.551847969747183	2.0054780905481255
TTBK2	3.9413457637881377	9.850513750305895	7.458556831859578	5.722383414260558	2.015985621028699	2.104408978572089	0.5795519658070338	2.0104506432416898
CCNDBP1	2.472279360829251	7.4906846507376645	8.759770652857608	1.7362025785320103	5.4613805362481145	3.2321315993456468	2.6155462548587716	1.9631774477899588
CKMT1A	2.220446049250313e-16	2.423850665489706	7.425822563749163	10.402792244528154	6.725431082911301	4.34208860006837	3.497981262586171	2.220446049250313e-16
WDR76	7.559083475799475	6.312734101413618	2.7467332812138676	8.555726518919895	7.344026985315848	2.220446049250313e-16	0.007912764688995821	2.899519572463813
SECISBP2L	7.145056131236399	4.710871164828163	1.7970995177929652	6.999260829117224	8.878841349395273	2.220446049250313e-16	3.997967271912408	1.9826403082896822
CYP19A1	1.1167483529902957	5.934624184212188	4.814075945070378	1.4266292707635664	2.220446049250313e-16	13.265764045706845	5.992073320145338	2.277227061376048
GCNT3	5.835752074014626	6.122315053855104	4.538874604003127	9.03717336400672	6.4899783988243325	0.45915020887253233	1.015993694189719	1.425419427141486
RORA	1.4660467894552975	0.4858061897519619	5.708318856752253	1.355278379816969	1.4922400462122845	12.361079712756457	4.754876018721408	8.127408329739609
SMAD3	6.606285408206433	2.769768552847159	6.132773784971546	8.502373519454855	1.185740806059738	2.9798899423657144	3.175890677666535	5.247725581076324
PARP6	4.279287992513491	3.546931425144882	6.436495386371801	12.871274256018479	2.4674656995376654	2.4838305838855512	1.43297979675814	2.2993205093408013
FAM219B	7.968402406755913	5.149827196648273	7.341960871020252	5.599095912523519	0.70952718208604	3.2745428928789284	2.220446049250313e-16	6.4537471486112725
PTPN9	5.228016777308237	2.606601275921543	2.306871730084429	2.6164828165283627	2.5335808241274624	11.14776747101544	4.904425691693063	4.9098757294580135
TLNRD1	3.4560665308737892	0.8152945899784818	8.260986763409452	7.801279281936104	5.547911440665377	2.220446049250313e-16	4.934014917379541	5.296099178739707
RAMAC	4.345723752994674	6.063826686904781	5.615848636104652	1.7944304041982186	7.520779033465074	9.882628424945583	2.220446049250313e-16	2.220446049250313e-16
BNC1	2.8452596570177358	0.42575009957109167	8.817670576955074	9.499325244579943	10.15647461248903	0.7860376172915808	1.1732753871874841	1.8627922030871704
SLC28A1	5.7863856506939815	5.16927423475461	2.058039027230857	14.317237105401066	3.0862515731306477	2.0452857553837314	0.8099074714768402	2.228568038676242
UNC45A	2.220446049250313e-16	5.699681265719688	1.9603310346712561	1.8774675959697946	0.393037835054427	11.489133023929579	6.07384203369431	6.083386300038313
SELENOS	4.952041039806724	1.4085441261132594	5.102669617607027	1.1843431672809153	5.921937271121026	2.8446377140332033	7.1618957092969	7.066448378227507
MPG	2.3822047361060745	2.4892451580813706	2.85682724882495	1.0745045891756644	2.220446049250313e-16	16.93541312589532	0.1202273492349577	9.665182775240439
AXIN1	6.734521712343574	5.136646030548661	0.04786730003434414	5.356551405284661	2.220446049250313e-16	11.475941041035474	4.845249585369083	2.8648282956976843
TSR3	3.2602968334620313	1.6213225766104262	1.38921300053071	2.220446049250313e-16	4.043797854164525	15.488075680311628	9.40967310362355	1.3191784689922739
UNKL	7.798224054825487	0.5817961068702786	2.7990115974883967	2.220446049250313e-16	9.40880918928036	12.916198691800673	4.377119215902856	2.220446049250313e-16
ABCA3	3.4591954693558447	6.426040587094523	2.220446049250313e-16	5.348747778558013	0.05504236521611183	13.032322803508642	4.542626076969975	2.208035193370887
SOCS1	2.284295185043997	2.1163958530288944	6.623872743780531	3.173595919592843	2.1087398069826464	7.818628866431811	11.610032794062054	0.23442143027910456
ITPRIPL2	5.423492239276441	5.2171845411384865	0.648572170313324	5.654273366117415	2.220446049250313e-16	12.319493798361565	2.5491545862812672	4.207701560994413
NPIPB7	2.220446049250313e-16	5.209686738774223	7.966279063369331	2.8919214956444197	6.672529847877738	1.1567407967652255	2.3296725287274334	6.751007783143041
SLX1B	2.089904036747306	10.00287135177838	8.140549900239058	2.7002304954872045	1.9402424164056873	1.0761292007964323	3.763782680814423	3.109089862973321
ZNF423	3.508636963216144	10.08002032521293	4.272147612768944	8.75047170285315	1.3288740449748424	5.967020564769841	2.220446049250313e-16	2.220446049250313e-16
TENT4B	2.428282507932943	3.5830414574574743	0.39041877155107896	2.220446049250313e-16	5.401391626164579	13.457856225569316	4.609240560495747	4.99782962838564
CES1	0.33423118615452585	4.691501653570326	2.112637756535282	5.7921266564024165	2.42313426830152	12.517227894650329	6.987005135662319	2.220446049250313e-16
CX3CL1	0.6639367090693741	6.071924439722183	2.1908358067884053	2.713352056044246	2.871635027347871	9.899857311270374	2.661550193306299	6.241355315475395
CCL17	2.220446049250313e-16	6.619649169046109	5.409190553256856	4.983172826962823	7.810814104034235	2.220446049250313e-16	3.9835529844950446	3.8852760150960184
DOK4	4.914447372055497	1.6586361736112547	2.220446049250313e-16	2.220446049250313e-16	8.594531329169115	10.043895346811196	11.310258714038358	2.220446049250313e-16
KIFC3	3.888014277168136	9.176403176281354	6.7603483526062025	5.028866875332783	2.5002718848503056	2.220446049250313e-16	3.503526567753773	2.86480063341185
ELMO3	1.2500021945030917	6.234476821658449	2.220446049250313e-16	0.45743687275300804	4.878162954035531	12.89138180050571	5.330426431261614	2.730748111998281
CTRL	5.642274347198691	3.4680377795735726	5.211100039540828	9.902695103915981	5.779892166767989	3.385541360416722	0.0683498521150896	2.4879138272926618
PSMB10	2.2464786974512894	4.115462053963464	0.19978325965877186	2.220446049250313e-16	5.977940392900333	17.88072539134543	2.220446049250313e-16	4.641943991072024
NQO1	4.422110844604464	2.220446049250313e-16	0.7451776245907933	5.8801650687879174	9.353237538010246	2.8506649328806555	6.485615411131668	5.818820072862853
TXNL4B	2.6971126383429858	2.220446049250313e-16	3.9523606612301307	0.49277338373876844	9.049692797988346	0.18083366526096967	11.634638728187372	6.947336090592149
CDYL2	1.0951876861418588	2.245076251196007	2.220446049250313e-16	2.2475010227484242	7.21296965989926	7.89216324595115	12.50553365079376	1.4427526985472623
MEAK7	7.194453160870735	0.05003943827763102	6.059541490516069	3.876171822411081	1.0277772116143251	9.27348840660606	7.115577844196663	3.647450973148625
COTL1	3.596263981013938	0.365105888319718	3.6102351015930467	9.705931775879053	12.10802920873031	2.220446049250313e-16	3.9579910062339305	2.098119287342174
ZDHHC7	4.084543724236002	1.1057933713447738	2.220446049250313e-16	2.8024785667936145	5.8719006855355165	7.685374803513378	7.598435858875777	6.435580203928776
C16orf95	7.651254551218064	2.220446049250313e-16	2.220446049250313e-16	8.789780118224929	0.21887195055164987	11.047473635964316	5.396266188912273	5.3921123508404785
SPATA33	2.619228657412487	1.050715804720392	3.730272697601851	5.153115564328891	4.720974535116083	6.379910537743001	4.8428786500990295	6.770276206747713
GLOD4	1.9898166824520869	2.220446049250313e-16	6.351653988410396	10.077243481122881	7.1557191295307945	2.518524981668337	2.575363310423595	4.752260066557883
OR1A1	2.777169178135126	6.616296273381115	4.750415072347285	6.930345551613952	5.610341870966712	2.220446049250313e-16	3.6380131313186124	3.5832797269143226
RNF167	6.817015403815672	2.220446049250313e-16	2.220446049250313e-16	6.7698468730167765	0.9074534103679808	13.823244226397955	5.753509463716391	4.270243925117519
ELAC2	6.638190843333506	3.815515661848563	2.220446049250313e-16	0.45309859663020546	7.480973864150491	14.786741045768387	0.9760492617748571	2.188010473907174
COX10	6.689905826358088	0.3426669326691716	2.220446049250313e-16	2.220446049250313e-16	9.096783715229149	14.431492873071495	1.0186361413205076	5.328881385703208
ZSWIM7	5.838583770005722	5.325699223656089	0.5698726530622542	6.52638852257308	2.220446049250313e-16	14.084783283691584	2.6179009711770282	1.4705840108648491
ZNF287	2.6009283483331886	5.968584104614884	1.3355637256194637	3.0119686078001315	3.127264509059307	5.0634712274442855	3.8398384458533426	8.444826442724228
ALKBH5	2.220446049250313e-16	5.273981020943868	6.972802701344623	3.0899631095019506	6.491670455786739	2.220446049250313e-16	6.05868779008385	5.278311486030535
GIT1	8.050305261551092	2.142013190131033	2.1000860017774667	8.602847274241766	10.691463007259305	2.220446049250313e-16	2.220446049250313e-16	4.627148554712712
GAS2L2	2.220446049250313e-16	11.72543045694326	6.001913585194586	2.220446049250313e-16	0.2388919455231262	2.626010313517526	9.26453177822213	1.9477737688567478
MMP28	2.2959970465702932	2.220446049250313e-16	8.249806785242894	2.872333283806973	9.70293686616381	4.306307178332235	3.1564333841927756	4.835322005629825
CCL4L2	4.976673795611883	3.7146608854764764	2.907203776367421	6.133956602845013	5.312153559105906	2.220446049250313e-16	12.943100303845613	2.220446049250313e-16
EPOP	4.532682346844452	7.975504961077185	0.44431483033186847	2.220446049250313e-16	1.280285098640773	12.684137793700323	5.719565653066952	2.2768092638885595
LASP1	1.8974087054926263	2.7889201917250617	5.44319391565354	9.162483592558589	7.193337469433673	0.8597086830499179	0.35708621671147345	6.427901432883357
MIEN1	1.8483603536083493	7.070305299343701	7.082699998829749	4.749402145806436	10.412114931065187	1.6062196864433815	2.220446049250313e-16	0.44854032603012683
CSF3	4.864016391217889	3.2052206573436646	2.3540557498892167	11.749728195491677	6.943535253416768	3.1582238304538577	1.4567673828429946	1.850016918849851
CCR7	2.5871732403177985	2.0246097401477137	3.7751240711740355	10.759227938572288	5.920261741809256	2.220446049250313e-16	10.695154294200396	2.220446049250313e-16
KAT2A	1.7848758135210456	1.422772006341944	3.9966420119231736	2.431935764532718	3.516879321070291	8.562778417908246	7.768567043718491	5.715678853056337
PSME3	3.65987987715589	5.09361200421737	1.8556678645187086	5.0241301513911445	6.552245417409049	1.6434147677684645	7.910361830586943	2.5794746713885734
IFI35	0.38292605237312755	4.380951696828067	1.8761533377131023	3.8753352404689942	4.350079199804904	8.354079328638093	3.3695732361679225	6.920709546997065
ARL4D	5.2539219245099105	4.868588539558807	0.5199970107071987	9.307285817929305	2.220446049250313e-16	3.0315049081555805	1.8499383225029122	10.315254566314248
DHX8	2.8335201061020743	3.207909358900011	0.7189479652674668	4.811442476002178	2.220446049250313e-16	6.4592660393301315	10.694561826885884	6.339187804981282
TMUB2	1.5660833027999357	4.482721186954153	4.727419577224001	5.3352232307820024	10.485605143418699	2.220446049250313e-16	0.9212981197247965	5.800607496019238
MAP3K14	6.093217769259741	4.779261199282246	5.324941210546159	9.47264590024902	6.7392740894347885	2.4817981254366064	0.5956788654429808	0.259724994080484
PLEKHM1	4.958381146495927	2.114918823428223	9.438278787112093	6.68597686785695	7.02312634945315	1.9828233574067218	4.201031281020979	2.220446049250313e-16
CA10	6.414317177609657	2.377451168082743	6.222212776204358	9.329692002128876	2.220446049250313e-16	9.297575135507659	0.7316729899727301	3.115780765883563
LPO	2.220446049250313e-16	8.522085492251643	5.459147556564973	4.56360404801872	0.2206770327117784	2.6777357373290367	3.886382223318728	7.144161337197905
PRR11	1.7643497866333322	2.220446049250313e-16	4.014541523983956	2.3263655140740687	7.768468384727559	11.935554005238016	8.515364289556105	2.220446049250313e-16
SMG8	2.220446049250313e-16	3.9959330305890894	2.4857536209391924	3.3421244252053843	1.1022627778536491	14.860306896772022	1.003834989686402	7.472908615733346
INTS2	3.7218721889482027	1.43635963688501	4.327703447796542	3.1162498642552445	6.876458292513463	6.1861749928565715	10.652448160292648	2.220446049250313e-16
FTSJ3	4.600391526218274	5.825011347871451	3.2969703596876156	9.083988767707389	2.220446049250313e-16	3.276167701910676	3.3081222646938606	5.661469048077992
PSMC5	0.9847739307170309	2.424934334299296	2.8024766902857516	13.621327937112614	6.1957650355649765	2.220446049250313e-16	2.1592633191292427	5.739577449954248
ARSG	2.5500078621827904	5.4330516254023244	1.1515144792403835	9.107752471703446	7.454221549507665	2.8395012685074454	0.43363512658391734	4.616360435134783
WIPI1	6.342302473158445	3.7214841539953376	10.978499263280835	3.3807008018343945	2.220446049250313e-16	4.039372794257871	1.3097669343967167	6.814595955852435
SLC25A19	2.220446049250313e-16	8.047586950971917	7.070951296775313	5.111268124524819	6.345720280468918	1.09010992737496	4.479497247064249	0.5949850753123043
ITGB4	1.599960171540015	6.001239689304779	0.05967357512327531	0.3733483963717039	1.1033753991786925	18.910829160638002	3.118138971659791	3.379026028090096
GALK1	4.637668394633962	4.307457885552694	0.6155215939336816	11.494139616039059	9.05402167627831	1.1855015762763106	2.883394329953772	0.6482980808346084
WBP2	2.8688992745136446	1.1854723868359898	1.5609764357326918	1.233920722704595	9.102036851617179	11.487709502785252	4.756614814003846	3.3575194472599055
SRP68	3.932659848165315	6.595043464487318	0.4537903194420778	7.912629814235666	1.1812295482735	5.204966588092969	5.023486739615486	4.10387378882713
ZACN	1.5192551512389547	3.6804365526628278	5.105511299882286	3.601731138421594	10.098270326092598	3.109455798735398	2.220446049250313e-16	6.608707237796188
FOXJ1	1.0268546196389865	2.1104152660006026	0.3015424936689297	7.440842217343919	7.586615645240572	6.405667403883168	3.81378888722878	5.421705100098571
LGALS3BP	2.877389502709458	9.79969217424477	6.700007565639099	0.7372752052282294	3.4237577790519484	0.7346053131385855	4.697773222397737	3.8678059212688427
RAB12	2.996149704267625	5.773235508077125	0.43118961594261807	7.441065451381123	9.307670304483018	1.6857990101974796	1.0820727821275558	4.567256138920454
ANKRD12	3.2540537797666347	8.68534813638783	2.725810339209653	2.526784391035926	2.220446049250313e-16	5.494561206241554	7.082841809578714	3.973892465162934
CIDEA	7.403947915607538	3.324680860727197	0.1623769543915028	6.0241873734344065	5.524709481678691	7.137056059092236	7.554202492168162	2.220446049250313e-16
PTPN2	2.220446049250313e-16	3.895025713236712	3.2129671494724192	7.353542542589416	3.855746908849693	2.3215629646257137	7.340368836186894	5.660187587345026
OSBPL1A	2.220446049250313e-16	3.8054170308458537	3.5133306182364947	5.212014200245879	2.6466657628427255	15.825428057369749	4.227024088372761	2.220446049250313e-16
SLC14A2	2.220446049250313e-16	5.7487398112836825	8.752633668680533	2.815713135366443	8.451603542476244	2.220446049250313e-16	4.197435971342208	3.0934154860256218
PIAS2	0.18980012934213306	8.097225038193885	2.415616538312176	9.309608980237716	0.2316127056889954	1.8622576424027915	4.074251824225119	6.221632982945192
C18orf32	2.9242051611594686	1.5179790850544315	1.8645102847892283	2.220446049250313e-16	8.220800951731377	11.727313243563618	8.478261692133403	1.2210406090562285
CCDC68	6.47559425308243	6.308329165072397	3.1280064024819416	6.285774639907642	3.932514445019955	3.522333607237103	2.0852813052554837	3.578021948929785
TCF4	1.1800221485623084	7.572233611515834	4.728158110010434	6.7503185209877525	7.181491810260502	1.3275286863517843	0.5710594274122833	3.3448934909511276
CCDC102B	2.220446049250313e-16	2.0897467274219585	0.9695329031701867	7.270021478911054	4.6685684240228	4.562304491850967	8.877410681970034	5.619626916838367
RTTN	1.8392739377520961	10.25744775901772	3.8674919818366345	1.4917945500046708	7.710821421810987	2.581248189344295	0.7489711132002999	3.405120631033333
WDR18	2.220446049250313e-16	1.9451363959983068	3.238839911789716	11.923480255326911	7.83293180906024	5.79172619997082	2.220446049250313e-16	3.533324325008734
GRIN3B	2.396846952972441	4.501932254172424	5.975953443249859	7.038204589142266	10.764688379450474	2.220446049250313e-16	0.6279875939718238	2.683361022971295
CNN2	3.1696117039008818	0.7000382050878944	6.983492290475546	8.21128347281463	5.22771026583696	1.3321577231657353	2.220446049250313e-16	9.749900245015073
AMH	0.8404878383831509	5.889153333469782	6.120723189506389	5.813659559804756	9.889812609049123	1.5494040513630107	2.220446049250313e-16	2.9901968936466257
LINGO3	3.0523212609561607	0.7203860225742691	3.391538304349619	2.456634561449494	7.345444571010296	8.895956129229099	10.352162261959972	2.220446049250313e-16
LMNB2	4.710424430571719	3.900112439882639	2.286628149462253	1.1371743130922236	3.503977978338573	5.7763233666746965	12.89294841727622	1.4423851177811091
MFSD12	3.270454198561785	5.693538552713731	3.65223179399705	6.700871463107147	8.292895648864704	2.220446049250313e-16	2.527182056573027	3.9002804238906004
HMG20B	6.691374522116614	0.589690584402577	2.220446049250313e-16	2.220446049250313e-16	7.2662278605313455	15.403827110257168	4.339638259163721	3.0695762432893634
PLIN3	2.4485903069091357	4.458404195340709	0.740778762223766	9.393362854080298	10.196542807698902	2.220446049250313e-16	3.471966233636746	3.2808388786689555
ARRDC5	4.462023327225746	2.220446049250313e-16	2.220446049250313e-16	11.3277585922763	2.839452476616545	13.75923630312376	2.8227936483478	2.1773584774129207
UHRF1	3.930077924985865	5.233062168666615	2.220446049250313e-16	2.220446049250313e-16	2.8615269181870424	9.986512466243049	12.253701679912922	0.9797385576987532
MICOS13	4.894688303650983	2.220446049250313e-16	3.243582160266879	3.112766352455079	4.1898746352483744	5.689173937536822	7.740172889930456	7.4899321855420355
ALKBH7	3.375533488884593	2.5480226546608495	3.2252375481468984	13.857494178905899	6.235437783183158	2.220446049250313e-16	2.5862801868250203	3.475474637175177
SLC25A23	4.2227993238343	0.5722577129993915	1.866382158402546	6.513267623741898	1.8298902065976603	12.199333959609667	10.212683888219004	2.220446049250313e-16
FBN3	1.2858688996482937	6.879248050519193	0.5942125057057348	6.242914215090387	10.737765108501684	0.863783216773367	2.220446049250313e-16	5.513694184238728
CD320	1.1671331648246954	4.129798639435281	3.4393265844636627	5.290757486105013	5.908756219093047	5.936375675819964	0.2834861971349092	7.531190887382099
MYO1F	7.7287543543659005	6.7577400848635225	5.027670337922041	9.761143183635415	2.8378350599092133	2.220446049250313e-16	0.6420487522170939	2.970949143657544
PRKCSH	2.220446049250313e-16	6.536881956000206	3.4934780989826812	11.262596516429706	6.494482237463173	2.220446049250313e-16	2.3459480716023577	2.6041740894587573
ZNF491	3.6108302871977016	6.755001077470949	2.220446049250313e-16	4.014108916333517	1.2892018986783866	13.610284075918717	3.2714815696399544	2.3249131140290946
RTBDN	3.9507212837959447	2.983202421806201	4.540717293256053	3.2052262395245608	3.9244913534784436	5.548332800260372	9.007823801523644	2.434248209858817
ZSWIM4	6.048586291834746	5.453317879708873	2.8797685866537037	11.630378867183982	5.032300562096862	0.3324069959908922	2.220446049250313e-16	3.814472645647921
ADGRE2	6.180010615009184	5.729505151468587	6.339515820687746	6.467299471648834	1.7380393340192413	0.9724601946651275	3.067221129542603	4.902188276732833
RASAL3	4.4067499498015374	2.220446049250313e-16	4.256870914135062	8.483265495083721	10.765696901502398	0.8315929058866782	7.577951058270444	2.220446049250313e-16
OR10H5	2.220446049250313e-16	6.404279054824534	4.88735221757862	3.2766113649984785	9.69218128320141	4.539815970268709	2.220446049250313e-16	3.977389905913389
KLF2	4.827270141853805	8.699569390641972	4.5931038963000255	3.8217485549352492	1.23831858446069	0.5206133823727708	2.790450633586688	7.120557836297
MRPL34	2.0788807322219562	9.016763001188673	4.543824381115516	2.147392243104032	10.45709681756148	0.6257778577858724	1.5358877231608692	1.7826584387369566
DDA1	2.220446049250313e-16	7.69588106740261	0.220455668969743	8.671523260566415	4.646349426184976	4.444333233236647	0.7595140541830818	5.773915114678683
GMIP	6.465244196419099	4.473043167633232	2.9819902453498868	5.384172098322081	8.88802979694813	4.574486170530561	3.1246569670748388	2.220446049250313e-16
ZNF431	1.5744041251436243	4.709156129027802	5.356497749262017	8.3553137124326	1.9191254906501776	2.102481952365662	4.898304042232793	5.19033949442589
GPATCH1	2.6487546464005813	2.1801227730475503	1.4691224554149898	2.2055120505730716	7.394976702031153	14.455034310405262	4.7644320520398535	0.596381948945893
ZFP82	0.008337748140982709	3.3695362144144045	2.2842398871487504	2.220446049250313e-16	2.429984417508499	16.058307753192537	5.719531630869672	4.916195292624065
SIRT2	3.312526657307124	1.5310609775527695	3.850955347571397	7.229884883176631	7.811990296185197	12.862383569165589	2.220446049250313e-16	2.220446049250313e-16
GMFG	4.788877536495748	10.809651886613429	2.220446049250313e-16	5.919605405304397	4.590837822838692	6.100139187420763	2.220446049250313e-16	1.4621994761982853
PAF1	4.561464837631578	2.220446049250313e-16	3.298966173262688	4.33931490942013	5.2836825995627645	2.220446049250313e-16	12.483904862041538	6.143038440453346
C19orf47	1.9853520363470232	3.7175281140450718	2.220446049250313e-16	0.4434845973359365	6.566015736866408	12.18516693644342	9.109206796286525	0.8343583097398763
CEACAM4	2.156596950047729	8.847772297938832	1.8236372625223258	2.1358453598053444	0.13976439407141683	4.6502605127165335	2.8271340633939213	9.977822769576731
PLAUR	1.2821852588017666	3.7426045897943503	6.946603038257395	7.253511393596181	4.505699290565428	2.220446049250313e-16	7.904045577465364	3.031036120415591
GEMIN7	3.0118947071412716	0.4464014766716389	2.220446049250313e-16	6.054063114165901	8.414910192314583	13.889337791125628	1.0613645807839722	3.1580919455652303
SIX5	1.9669590335259388	0.2631713612699258	5.027786564393937	4.338401785135128	12.395384368509937	1.5951595947900725	7.25555995289937	2.0936244246399522
TPRX1	3.957544361252686	2.220446049250313e-16	5.126317690803047	4.457625900972345	0.6424692764482307	14.09254003185372	2.4470017331994365	6.325702164948021
BSPH1	1.0687689724742775	0.9963806861993394	0.7075053404217369	2.1077765249021083	3.084027736059582	17.407653214543192	2.877013987739641	7.132091968209099
EMP3	4.202174100464299	5.413407934530422	8.830176388165658	3.0419230261551116	8.69694634654444	2.220446049250313e-16	4.7253514031303325	2.220446049250313e-16
KLK7	1.2693855176999231	2.220446049250313e-16	3.4364877576299477	2.163707798964509	4.927393534630107	7.038857503078761	7.01160331425411	9.130773451713637
SIGLEC8	4.396929345757915	6.521994418842542	6.127635897979508	8.895349810900576	2.574425979570744	1.640916256538771	0.6462078410504724	3.810894667415189
TFPT	0.43142784918080096	2.220446049250313e-16	5.0754038422913315	4.505421828615768	4.441772561425991	5.097319946235563	10.1736868436546	5.333008191581426
LILRB2	2.504192846705075	4.23595516685819	1.540013969263164	7.463216583876099	9.393393191355994	0.6613210309495385	2.220446049250313e-16	7.465351007464312
SYT5	3.699769299216109	2.220446049250313e-16	0.4629473473944845	0.9546127397025428	4.141855719960581	14.929578813232895	3.6252892988359866	8.407498721967137
ZNF544	0.2185182556245712	3.13588600841085	4.4229932873725835	9.275048339681593	2.220446049250313e-16	3.4575043393354763	2.7340930927556455	10.686791568635172
TRIB3	1.1616688715597923	0.43942688195373947	5.568258445244208	9.354099103848146	1.6251263382697838	11.813575808788269	5.360020920295122	1.0708110657639494
TMX4	0.9397065089840465	3.969293076375866	3.655439664292628	9.39774289236064	8.194179355520166	2.220446049250313e-16	2.722125597008734	4.7990766165747765
ISM1	3.7634062314154537	7.3906879140713855	2.220446049250313e-16	6.959946791407682	10.417903863122856	2.220446049250313e-16	1.366268310967576	3.157472223073546
DTD1	4.304753983215231	5.163324238501826	0.1947859857820431	1.1922977886921968	6.016520728732749	13.22755120695956	5.316992118564906	2.220446049250313e-16
PXMP4	4.446890393120964	2.2256826244869075	11.217401097972832	6.567404217529155	5.007190416780984	3.001257760270565	2.220446049250313e-16	3.7122826639688205
GDF5	3.518677842032292	3.7265397678385384	2.220446049250313e-16	3.204082733584122	5.836042179474717	14.58260538904051	4.309575646871455	0.5555932416138378
NDRG3	5.84945126931115	1.6960345386798021	10.256789740628589	7.633494286585144	0.32482967005084173	4.984690666644436	2.220446049250313e-16	6.3787369765111
ACOT8	5.673501795042362	3.1284338185581557	3.467139931132267	0.5280425295006639	2.220446049250313e-16	11.29437625410193	9.121239533489167	3.6958146801016207
RTF2	4.262845338640992	5.7782563026917195	3.0353049538761483	11.349099519573826	5.027558653161279	2.220446049250313e-16	1.5110850646118528	3.7671266243500012
COL9A3	7.534278783798036	5.115596833990772	10.368253543701133	3.9275692043139885	4.496831226078834	4.078496581880302	2.220446049250313e-16	1.24816027708561
URB1	2.0985238048040626	2.220446049250313e-16	6.43559042941861	8.959892976332641	6.561223618908285	3.8075692012698927	3.9705499421479837	3.9117952917845833
SYNJ1	6.536384176146185	2.220446049250313e-16	2.220446049250313e-16	2.220446049250313e-16	9.058474707071998	12.02910853518864	9.150093037174386	0.8376778981349267
DONSON	4.319406137462659	6.923497607833335	5.670547595243762	7.39948927908369	7.137196524253297	3.0925431991675545	2.220446049250313e-16	2.220446049250313e-16
ITSN1	5.0185844427679145	5.780872011295671	0.08908553739406155	0.8917335183769888	2.951756434646336	6.962572951125721	11.737760690506537	1.6761077044195223
SETD4	5.069484525385488	3.431334800593751	9.819931815609806	9.18871516708177	1.79594667342774	1.527032118626487	0.22209163243558017	4.9075865853678335
IL17RA	4.878716708090278	0.9652988602827204	1.699152094481645	5.525118452917754	3.520483729210788	11.165528980628071	2.990108438706239	5.737102152914595
ESS2	2.4196335206450734	6.637926968700782	9.502661549307238	3.02669585473308	2.220446049250313e-16	1.836839918550229	2.6610112594513544	7.775965529377258
SEPTIN5	0.9745213490520792	5.0356835779538045	1.822559918344993	2.874530110985284	2.220446049250313e-16	14.120710185408498	3.9012692793660446	5.718169565374238
ZDHHC8	3.200764630263589	2.8628355482358305	8.752576726663769	2.0476119271186217	4.85032240830079	6.314826046824285	2.220446049250313e-16	7.340439886532523
LZTR1	5.259884803346478	2.8592179500662027	2.390313678054671	4.9383985351057	3.068043151870946	9.798835954285575	3.6578142366576722	4.1716776365042385
PPIL2	0.9062724386131527	0.5812933791570032	2.220446049250313e-16	3.4904619542770257	13.387148287560834	5.846598719544783	2.597706580660956	6.939053511873809
MMP11	2.220446049250313e-16	5.32555558932849	7.297639850572748	8.48812597450233	7.1728368479016416	1.7021801098624612	0.58185744662857	2.653684515801064
DERL3	5.434083608614981	5.454720902319242	3.5929297717925377	5.438918024206589	7.466588233103071	0.5975071106614993	1.2045353888755543	5.222163356129621
EMID1	3.8284993393130704	3.458800466687677	2.220446049250313e-16	4.998704196718836	9.384025456693902	10.786384284136467	3.0761856274969217	2.220446049250313e-16
TCN2	5.3650565595617685	8.03923812857056	4.302153514026173	7.5335841842828435	7.517474962484803	1.5569243774901067	2.220446049250313e-16	2.220446049250313e-16
PISD	3.7782755516919524	4.041488252771117	2.98701393731042	2.220446049250313e-16	0.9410148982399478	15.612410610100074	5.071918739165959	3.6222603733701106
LGALS1	3.8485749257208814	1.3167777877820246	0.07107577827005418	3.084737176023574	3.8964550305997476	10.355283567701411	9.604637644260176	3.9525360601216453
DMC1	5.846768370440689	1.7542950699665916	3.7590131078507616	11.37412786922299	3.012920621411377	8.550880219831004	3.2256968534077375	2.220446049250313e-16
SUN2	5.486719893210825	5.378552921838587	5.379928861593248	10.226823268286449	5.6610120288901165	2.220446049250313e-16	2.0919912487928576	1.2562427095336073
ENTHD1	0.8057579257222742	3.1089931411225926	2.0302092851050806	2.220446049250313e-16	2.4596148577735235	15.446859027258407	5.308833882388813	5.652936704338735
XPNPEP3	0.9660708344214575	3.8489674433817544	3.4274886279091676	3.7392601565925094	5.586220660511162	10.156364726969283	6.953828544899649	2.220446049250313e-16
PRR5	0.7520070751052207	3.1929977645906398	2.572860230814915	1.0575590574481808	1.784963442415651	18.031594668697235	2.220446049250313e-16	7.444917655200663
PHF21B	2.6225592595535496	2.220446049250313e-16	3.980370716826977	8.369013063633455	7.42692270158788	4.299886604205048	2.591368079849311	6.0863451817904135
CLDN34	2.410248277581988	1.3980089199257115	7.241504606026371	3.2575197411549963	11.683030474757771	5.889781924490027	1.3842974842444349	1.8970117026690199
RS1	6.371367915627856	0.790906283284615	4.964675244319075	9.4899681536634	5.553504200341976	3.640349453897202	3.3796706640666416	2.811621514698915
MAP7D2	3.285122718980642	1.1516328218893754	2.5022642242070234	5.333221159041802	8.534004118876656	14.391422307784833	2.220446049250313e-16	0.9939043235651073
PTCHD1	7.457637880381029	7.5086065528130135	3.7853057582703675	10.74444445882564	0.0027141999888620205	1.201432328324254	2.220446049250313e-16	4.701864422692985
TSPAN7	1.6822099973038973	2.644964717126081	4.224230864514575	8.674875098935411	9.537401041648915	0.5061161415478046	0.36330274260863815	6.18585827312262
NDP	2.220446049250313e-16	5.097636886073466	4.6693615364577195	2.220446049250313e-16	2.755153850172162	10.18560938355661	3.13429215028638	7.633017819573698
ZNF81	7.597533227177178	3.591135738667175	6.77473209539179	10.847537047961254	5.518701731600677	1.1207621826676795	0.7224081778076652	0.5728680249268869
ZNF630	2.5211374951751693	5.512817164199625	3.6285953339846566	12.696910900557725	4.658355495305891	0.8595887871794359	1.951880389884714	2.2743430244885556
FAM156A	2.066761688531185	2.3747047821844607	2.668033023849616	1.1658506893900733	4.3607309846899405	13.944049472387837	4.846177522687327	3.949438504645846
TRO	7.322665741872509	1.5316985936413694	2.4376908958768793	6.11200065385936	2.4885211481143985	2.304877819338248	9.581710206883082	5.098832503791048
MAGEE1	3.4059309227860473	0.6426857362592244	2.220446049250313e-16	10.956442096854959	0.6937662614233315	10.691131230240437	2.175844082077739	7.574498756999938
PGK1	0.8624777575496401	5.117863853259239	2.220446049250313e-16	3.07312203507551	0.8691750363354149	13.470660629106954	3.9204076370112304	6.685717247516024
RPL36A	1.3493419093084433	2.220446049250313e-16	5.129246324039411	2.220446049250313e-16	5.673502244771198	15.563021839345238	6.126200713289147	2.4186368189867737
ARMCX3	4.713935048316673	4.2325721644723195	0.9002774770590851	2.705184252184582	5.1344639853338	13.872887529548368	4.211279431980245	0.16824491236528605
ACSL4	3.1263042899682367	1.712666235718892	2.220446049250313e-16	8.622970882150614	6.82932429133966	3.2213444608129054	8.086733684686983	3.5570489440212683
DOCK11	1.2259608072929362	2.220446049250313e-16	4.9068047772619465	9.180402675431473	2.570572742939862	13.140125325664318	2.220446049250313e-16	5.105654790596377
RNF113A	1.4521050242614226	2.220446049250313e-16	0.9574908684506536	6.307020023366967	9.074489004399023	8.33987965763974	7.865985041645402	1.4407978424756362
MAGEC3	1.9251113329709895	4.9708884782673515	2.220446049250313e-16	1.6036238242225567	5.120236817855431	12.20607026705634	4.532818540067243	3.916140676862474
GABRA3	1.4728482516065051	1.70671632153444	5.023711139261652	6.185383953146481	10.375925676281106	2.821515779132781	2.9840761571831877	3.814681219021282
PDZD4	2.220446049250313e-16	2.102477830128142	6.518200783846394	1.9824365191515083	2.220446049250313e-16	14.78796313981687	5.001119619114803	5.151266850334046
MECP2	1.4616824842349876	3.7780825723914955	3.202497847788727	2.220446049250313e-16	2.4208086581512767	12.411616196570316	6.519218835998472	5.158787176847847
CMC4	2.7429583415590217	3.487030037105699	1.0217276774730397	11.65853732200895	9.676651633783226	2.220446049250313e-16	0.5361006854078627	4.856380169278094
