ID	S0	S1	S2	S3	S4	S5	S6	S7	S8	S9	S10	S11	S12	S13	S14	S15	S16	S17	S18	S19	S20	S21	S22	S23	S24	S25	S26	S27	S28
10101327	0.0	0.0	0.0	0.0	0.0	0.0	0.0	0.0	0.0	0.0	0.0	0.0	0.0	0.0	0.0	0.0	0.0	0.0	0.0	0.0	0.0	0.0	0.0	0.0	0.0	0.0	0.0	0.0	0.0
10101589	0.03444624168277407	0.03444624168278092	0.03444624168279677	0.03445597274134946	0.03445597274135277	0.034455972741353896	0.034446241682783714	0.03445597274135404	0.03438731855363144	0.034455972741355284	0.03444624168278764	0.034387318553636	0.034455972741358476	0.0344462416827577	0.03444624168277724	0.03445597274136481	0.034455972741353535	0.034387318553619754	0.03438731855362026	0.03445597274135328	0.03438731855363181	0.03444624168280096	0.034455972741370015	0.03444624168278397	0.034387318553622925	0.03444624168277065	0.03444624168277371	0.034446241682799944	0.03444624168277851
10221262	0.10734428925563363	0.10734428925563363	0.10734428925562801	0.10733455814368124	0.10733455814367997	0.10733455814368148	0.1073442892556293	0.1073345581436792	0.1076845713429275	0.1073345581436802	0.1073442892556298	0.10768457134293123	0.10733455814367793	0.10734428925564281	0.1073442892556339	0.10733455814367587	0.10733455814367997	0.10768457134293674	0.10768457134293394	0.10733455814367947	0.10768457134292872	0.10734428925562647	0.1073345581436741	0.10734428925563033	0.10768457134293492	0.10734428925563594	0.10734428925563212	0.10734428925562546	0.10734428925563262
10222853	0.0164516276377309	0.016451627637735982	0.01645162763775874	0.016472441451477225	0.016472441451480278	0.016472441451483195	0.01645162763774336	0.016472441451484094	0.016664673284068603	0.016472441451488153	0.016451627637748063	0.016664673284076194	0.01647244145149032	0.016451627637705083	0.01645162763773306	0.01647244145149896	0.016472441451482824	0.016664673284053633	0.016664673284055416	0.01647244145148435	0.016664673284074054	0.01645162763776421	0.016472441451505955	0.01645162763774158	0.016664673284060866	0.01645162763772594	0.016451627637726705	0.016451627637763703	0.01645162763773993
10248033	0.0	0.0	0.0	0.0	0.0	0.0	0.0	0.0	0.0	0.0	0.0	0.0	0.0	0.0	0.0	0.0	0.0	0.0	0.0	0.0	0.0	0.0	0.0	0.0	0.0	0.0	0.0	0.0	0.0
10435090	0.0076494521985530604	0.0076494521985621886	0.007649452198584662	0.007646357584259731	0.007646357584262785	0.007646357584264676	0.007649452198568042	0.0076463575842666024	0.0076356231888446684	0.007646357584270895	0.007649452198571716	0.0076356231888487095	0.007646357584273838	0.007649452198526514	0.007649452198556479	0.007646357584282967	0.007646357584264567	0.007635623188826116	0.007635623188827389	0.007646357584266348	0.00763562318884758	0.007649452198591644	0.007646357584291731	0.007649452198566261	0.007635623188832847	0.007649452198547351	0.007649452198550405	0.007649452198592153	0.00764945219856106
10684501	0.0	0.0	0.0	0.0	0.0	0.0	0.0	0.0	0.0	0.0	0.0	0.0	0.0	0.0	0.0	0.0	0.0	0.0	0.0	0.0	0.0	0.0	0.0	0.0	0.0	0.0	0.0	0.0	0.0
11157783	0.1260446221895615	0.12604462218955778	0.12604462218954685	0.12604000843061666	0.12604000843061844	0.12604000843061403	0.126044622189556	0.1260400084306146	0.126050037030879	0.1260400084306132	0.1260446221895521	0.12605003703087986	0.12604000843061097	0.12604462218957418	0.12604462218956117	0.1260400084306065	0.1260400084306169	0.12605003703089215	0.12605003703089088	0.12604000843061638	0.1260500370308825	0.12604462218954296	0.12604000843060362	0.12604462218955675	0.1260500370308875	0.12604462218956514	0.1260446221895636	0.12604462218954296	0.12604462218955734
11319389	0.008673771161447902	0.00867377116146271	0.00867377116148263	0.008674860295990953	0.008674860295991717	0.008674860295997084	0.008673771161461438	0.008674860295991462	0.008545223718186404	0.008674860296003468	0.008673771161467822	0.008545223718197418	0.008674860295996319	0.008673771161427727	0.008673771161454034	0.008674860296009345	0.00867486029598968	0.008545223718170552	0.00854522371817208	0.008674860295990953	0.008545223718193311	0.00867377116148927	0.008674860296017002	0.00867377116146322	0.00854522371817746	0.008673771161443808	0.008673771161443808	0.008673771161490033	0.008673771161456324
11326252	0.0	0.0	0.0	0.0	0.0	0.0	0.0	0.0	0.0	0.0	0.0	0.0	0.0	0.0	0.0	0.0	0.0	0.0	0.0	0.0	0.0	0.0	0.0	0.0	0.0	0.0	0.0	0.0	0.0
11327005	0.03449492968320381	0.03449492968321064	0.034494929683225976	0.034504772651303216	0.034504772651302196	0.03450477265130561	0.034494929683213695	0.034504772651303466	0.034680169964273484	0.034504772651309024	0.03449492968321736	0.03468016996427596	0.03450477265130866	0.034494929683188714	0.03449492968320722	0.03450477265131651	0.03450477265130398	0.03468016996426032	0.03468016996426312	0.03450477265130398	0.03468016996427434	0.03449492968323016	0.03450477265132222	0.03449492968321319	0.03468016996426474	0.034494929683200136	0.034494929683202676	0.03449492968323041	0.03449492968320951
11345331	0.0	0.0	0.0	0.0	0.0	0.0	0.0	0.0	0.0	0.0	0.0	0.0	0.0	0.0	0.0	0.0	0.0	0.0	0.0	0.0	0.0	0.0	0.0	0.0	0.0	0.0	0.0	0.0	0.0
11392518	0.0	0.0	0.0	0.0	0.0	0.0	0.0	0.0	0.0	0.0	0.0	0.0	0.0	0.0	0.0	0.0	0.0	0.0	0.0	0.0	0.0	0.0	0.0	0.0	0.0	0.0	0.0	0.0	0.0
11413170	0.0	0.0	0.0	0.0	0.0	0.0	0.0	0.0	0.0	0.0	0.0	0.0	0.0	0.0	0.0	0.0	0.0	0.0	0.0	0.0	0.0	0.0	0.0	0.0	0.0	0.0	0.0	0.0	0.0
11453772	0.031884406889780746	0.031884406889785735	0.031884406889803776	0.03184716242584716	0.031847162425847675	0.03184716242584928	0.031884406889790315	0.031847162425854544	0.031703447157736674	0.031847162425851644	0.03188440688979319	0.03170344715773634	0.03184716242585946	0.0318844068897627	0.03188440688978439	0.03184716242586674	0.03184716242585276	0.03170344715771943	0.03170344715772274	0.03184716242585378	0.03170344715773447	0.03188440688980818	0.03184716242587217	0.03188440688978879	0.03170344715772487	0.0318844068897766	0.03188440688977812	0.03188440688980716	0.03188440688978744
11606935	0.0	0.0	0.0	0.0	0.0	0.0	0.0	0.0	0.0	0.0	0.0	0.0	0.0	0.0	0.0	0.0	0.0	0.0	0.0	0.0	0.0	0.0	0.0	0.0	0.0	0.0	0.0	0.0	0.0
11616707	0.0	0.0	0.0	0.0	0.0	0.0	0.0	0.0	0.0	0.0	0.0	0.0	0.0	0.0	0.0	0.0	0.0	0.0	0.0	0.0	0.0	0.0	0.0	0.0	0.0	0.0	0.0	0.0	0.0
11619606	0.09221787572995457	0.09221787572995155	0.09221787572995312	0.09222404153909036	0.09222404153909113	0.09222404153909036	0.09221787572995487	0.09222404153908985	0.09174840703234333	0.09222404153908988	0.09221787572995283	0.09174840703234062	0.09222404153908985	0.09221787572995835	0.09221787572995357	0.09222404153908785	0.09222404153909138	0.09174840703234272	0.09174840703234272	0.09222404153909113	0.09174840703234234	0.09221787572995109	0.09222404153908939	0.09221787572995384	0.0917484070323415	0.09221787572995481	0.09221787572995914	0.09221787572995237	0.09221787572995485
11652071	0.046753196665836674	0.0467531966658376	0.04675319666585234	0.04677273999854825	0.046772739998548	0.046772739998550104	0.046753196665841414	0.04677273999855054	0.046444376733116965	0.0467727399985535	0.04675319666584607	0.04644437673311539	0.04677273999855367	0.046753196665821416	0.04675319666583676	0.0467727399985607	0.04677273999855156	0.04644437673310403	0.046444376733107084	0.046772739998551305	0.04644437673311707	0.04675319666585522	0.046772739998565356	0.04675319666584167	0.04644437673310694	0.04675319666583201	0.046753196665833795	0.04675319666585522	0.0467531966658393
1243685	0.07587394753505024	0.07587394753505154	0.07587394753505576	0.07588980582119714	0.07588980582119764	0.0758898058211993	0.07587394753505688	0.07588980582119764	0.07590025077757567	0.0758898058211979	0.07587394753505472	0.07590025077757619	0.07588980582119853	0.07587394753504881	0.07587394753505114	0.07588980582119856	0.07588980582119764	0.07590025077757184	0.07590025077757083	0.07588980582119714	0.07590025077757147	0.07587394753505615	0.07588980582120175	0.07587394753505586	0.07590025077757427	0.07587394753505214	0.07587394753505342	0.0758739475350587	0.07587394753505242
14498577	0.13003425302659627	0.1300342530265906	0.13003425302657662	0.1300267592473268	0.13002675924732554	0.1300267592473246	0.13003425302658986	0.1300267592473268	0.13007565885687036	0.13002675924732088	0.13003425302658483	0.13007565885686162	0.13002675924732332	0.1300342530266087	0.13003425302659333	0.13002675924731563	0.13002675924732707	0.13007565885687605	0.13007565885687428	0.13002675924732654	0.1300756588568618	0.13003425302657468	0.13002675924731188	0.13003425302658858	0.13007565885687156	0.1300342530265982	0.130034253026599	0.13003425302657215	0.1300342530265923
14641578	0.036105863062084825	0.036105863062091896	0.036105863062107585	0.03612801028822543	0.03612801028822594	0.03612801028822819	0.03610586306209367	0.03612801028822721	0.03620162434111366	0.03612801028823096	0.03610586306209695	0.03620162434111791	0.036128010288230226	0.036105863062070656	0.036105863062088614	0.0361280102882373	0.03612801028822441	0.036201624341101774	0.036201624341101774	0.03612801028822543	0.03620162434111311	0.03610586306211112	0.03612801028824108	0.036105863062093166	0.03620162434110479	0.03610586306208129	0.03610586306208587	0.0361058630621101	0.036105863062089634
15387421	0.0299369363775654	0.029936936377570975	0.029936936377588753	0.029961230690001436	0.029961230690004236	0.029961230690006762	0.02993693637757403	0.029961230690007036	0.029735507613579015	0.02996123069001082	0.029936936377577324	0.029735507613581826	0.02996123069001185	0.029936936377547362	0.02993693637756895	0.029961230690018444	0.02996123069000449	0.02973550761356297	0.02973550761356577	0.029961230690005506	0.029735507613578	0.029936936377592815	0.029961230690024283	0.02993693637757479	0.029735507613567556	0.029936936377560064	0.029936936377560574	0.02993693637759307	0.029936936377570222
20112377	0.07825149143190888	0.07825149143191333	0.0782514914319144	0.07825600842763969	0.07825600842763843	0.07825600842763962	0.07825149143191282	0.07825600842763614	0.07851275117958459	0.07825600842764108	0.07825149143191122	0.07851275117958618	0.07825600842763708	0.07825149143190806	0.07825149143191111	0.07825600842764051	0.07825600842763766	0.07851275117958324	0.07851275117958349	0.07825600842763639	0.0785127511795855	0.0782514914319151	0.0782560084276412	0.07825149143191028	0.07851275117958341	0.07825149143190895	0.07825149143191072	0.07825149143191433	0.07825149143190932
20120255	0.0	0.0	0.0	0.0	0.0	0.0	0.0	0.0	0.0	0.0	0.0	0.0	0.0	0.0	0.0	0.0	0.0	0.0	0.0	0.0	0.0	0.0	0.0	0.0	0.0	0.0	0.0	0.0	0.0
20124619	0.1740779269717887	0.174077926971774	0.17407792697175178	0.1740948237232725	0.17409482372327048	0.17409482372326526	0.17407792697177374	0.17409482372327176	0.1744500051395241	0.17409482372325955	0.17407792697176724	0.17445000513951386	0.174094823723266	0.1740779269718142	0.17407792697178096	0.1740948237232513	0.17409482372327328	0.1744500051395417	0.17445000513954093	0.17409482372327148	0.17445000513951656	0.17407792697174454	0.1740948237232433	0.17407792697177246	0.17445000513953393	0.17407792697179517	0.1740779269717916	0.17407792697174226	0.17407792697178046
20139562	0.0	0.0	0.0	0.0	0.0	0.0	0.0	0.0	0.0	0.0	0.0	0.0	0.0	0.0	0.0	0.0	0.0	0.0	0.0	0.0	0.0	0.0	0.0	0.0	0.0	0.0	0.0	0.0	0.0
20147440	0.09835841736821847	0.09835841736821949	0.0983584173682154	0.09835665151708949	0.09835665151708949	0.0983566515170905	0.09835841736821796	0.09835665151708771	0.09835165750174742	0.09835665151709279	0.09835841736821642	0.09835165750174893	0.09835665151708566	0.09835841736822382	0.09835841736821975	0.09835665151708489	0.09835665151708695	0.09835165750174997	0.0983516575017515	0.09835665151708643	0.09835165750174868	0.09835841736821489	0.09835665151708337	0.09835841736821822	0.0983516575017515	0.09835841736822051	0.09835841736822305	0.0983584173682144	0.09835841736821643
20152393	0.0	0.0	0.0	0.002709583727870357	0.0027095837278723932	0.0027095837278762335	0.0	0.0027095837278746835	0.0028960716954250214	0.0027095837278813466	0.0	0.0028960716954301276	0.002709583727881578	0.0	0.0	0.0027095837278918043	0.002709583727872648	0.0028960716954041306	0.0028960716954069313	0.0027095837278741748	0.0028960716954260467	0.0	0.002709583727901753	0.0	0.0028960716954112664	0.0	0.0	0.0	0.0
20156469	0.1893390902306939	0.18933909023067988	0.18933909023065223	0.1893339767579604	0.18933397675796118	0.18933397675795569	0.18933909023067863	0.18933397675795685	0.1893005475639014	0.18933397675794816	0.1893390902306703	0.18930054756388942	0.18933397675794703	0.18933909023072484	0.1893390902306874	0.189333976757932	0.18933397675795915	0.18930054756392561	0.18930054756392053	0.18933397675795635	0.18930054756389514	0.18933909023064166	0.18933397675792218	0.1893390902306781	0.1893005475639143	0.1893390902307032	0.18933909023069861	0.18933909023064294	0.18933909023068385
20173942	0.048118033045535746	0.048118033045544836	0.04811803304555465	0.048123984247803994	0.04812398424780552	0.04812398424780981	0.0481180330455428	0.048123984247801704	0.047737188660344584	0.04812398424781283	0.04811803304554632	0.04773718866035348	0.04812398424780624	0.048118033045528225	0.04811803304553953	0.048123984247812786	0.04812398424780196	0.047737188660339255	0.04773718866033976	0.04812398424780222	0.04773718866034916	0.04811803304555843	0.048123984247815804	0.04811803304554433	0.047737188660342815	0.04811803304553349	0.04811803304553324	0.048118033045557666	0.048118033045538765
20185860	0.0	0.0	0.0	0.0	0.0	0.0	0.0	0.0	0.0	0.0	0.0	0.0	0.0	0.0	0.0	0.0	0.0	0.0	0.0	0.0	0.0	0.0	0.0	0.0	0.0	0.0	0.0	0.0	0.0
20187042	0.031242185295320732	0.031242185295335755	0.03124218529534811	0.03125195450976177	0.03125195450976279	0.03125195450976648	0.03124218529532914	0.03125195450975846	0.03140368919272006	0.03125195450977094	0.031242185295336393	0.031403689192733786	0.03125195450976165	0.03124218529530888	0.03124218529532926	0.031251954509774124	0.03125195450975898	0.031403689192711935	0.03140368919271041	0.03125195450975872	0.03140368919272654	0.03124218529535435	0.03125195450977909	0.03124218529533219	0.03140368919271791	0.031242185295316017	0.03124218529531678	0.031242185295352824	0.03124218529532519
20195344	0.06220554180779758	0.06220554180780223	0.062205541807808684	0.06220326384611151	0.06220326384611125	0.06220326384611306	0.062205541807802994	0.06220326384611278	0.06198767950465837	0.06220326384611513	0.062205541807804035	0.061987679504654135	0.062203263846115096	0.06220554180779137	0.06220554180779939	0.062203263846118476	0.06220326384611253	0.061987679504647064	0.06198767950464885	0.062203263846111766	0.061987679504654336	0.062205541807812535	0.06220326384612233	0.06220554180780274	0.06198767950465145	0.06220554180779628	0.06220554180779602	0.06220554180780973	0.06220554180780041
20197364	0.08983023586645264	0.08983023586645614	0.08983023586645347	0.08984074449114515	0.08984074449114643	0.08984074449114637	0.08983023586645308	0.08984074449114515	0.0895473455478627	0.08984074449114507	0.08983023586645227	0.08954734554786853	0.08984074449114383	0.08983023586645834	0.08983023586645439	0.08984074449114274	0.08984074449114311	0.08954734554786757	0.08954734554786681	0.08984074449114311	0.08954734554786675	0.08983023586645394	0.08984074449114372	0.08983023586645333	0.08954734554786833	0.08983023586645421	0.08983023586645522	0.08983023586645293	0.0898302358664526
20204538	0.0	0.0	0.0	0.0	0.0	0.0	0.0	0.0	0.0	0.0	0.0	0.0	0.0	0.0	0.0	0.0	0.0	0.0	0.0	0.0	0.0	0.0	0.0	0.0	0.0	0.0	0.0	0.0	0.0
20214850	0.15292375300326658	0.15292375300325498	0.1529237530032402	0.15292866874162728	0.15292866874162753	0.15292866874162286	0.15292375300325725	0.15292866874162525	0.15327414916280307	0.15292866874161845	0.15292375300324929	0.15327414916279317	0.15292866874162056	0.15292375300328617	0.1529237530032627	0.15292866874160718	0.15292866874162472	0.15327414916281426	0.15327414916281323	0.15292866874162525	0.15327414916279558	0.15292375300323455	0.15292866874160227	0.152923753003256	0.1532741491628078	0.15292375300327202	0.15292375300327202	0.15292375300323327	0.15292375300326166
20232474	0.0	0.0	0.0	0.0	0.0	0.0	0.0	0.0	0.0	0.0	0.0	0.0	0.0	0.0	0.0	0.0	0.0	0.0	0.0	0.0	0.0	0.0	0.0	0.0	0.0	0.0	0.0	0.0	0.0
20251553	0.027921858936431312	0.02792185893644156	0.027921858936457055	0.02790511121539838	0.02790511121540067	0.027905111215401845	0.027921858936441814	0.027905111215402453	0.02777577155313523	0.027905111215406845	0.027921858936447573	0.02777577155314143	0.027905111215407445	0.027921858936412504	0.027921858936436818	0.02790511121541464	0.027905111215401433	0.02777577155312241	0.02777577155312572	0.027905111215401433	0.02777577155313871	0.027921858936462308	0.02790511121542015	0.027921858936441814	0.027775771553127424	0.02792185893642759	0.0279218589364253	0.027921858936461035	0.027921858936436308
20252720	0.0	0.0	0.0	0.0	0.0	0.0	0.0	0.0	0.0	0.0	0.0	0.0	0.0	0.0	0.0	0.0	0.0	0.0	0.0	0.0	0.0	0.0	0.0	0.0	0.0	0.0	0.0	0.0	0.0
20254902	0.08318303978793179	0.08318303978793387	0.08318303978793394	0.08318114427478128	0.08318114427478103	0.08318114427477977	0.08318303978793286	0.08318114427478128	0.08323959907577219	0.08318114427478004	0.08318303978793364	0.08323959907577706	0.08318114427478232	0.08318303978793147	0.0831830397879336	0.08318114427478389	0.08318114427478204	0.08323959907577395	0.08323959907577319	0.0831811442747818	0.08323959907577627	0.08318303978793422	0.08318114427478417	0.08318303978793387	0.0832395990757755	0.08318303978793355	0.08318303978792897	0.08318303978793422	0.08318303978793334
20260284	0.05634056208065693	0.05634056208066258	0.056340562080671557	0.056341535397612164	0.056341535397613184	0.05634153539761371	0.0563405620806636	0.05634153539761496	0.056221568414584616	0.05634153539761602	0.05634056208066616	0.05622156841459308	0.05634153539761753	0.056340562080647694	0.05634056208066052	0.05634153539762139	0.05634153539761522	0.05622156841458176	0.0562215684145815	0.05634153539761496	0.05622156841459076	0.05634056208067463	0.05634153539762498	0.056340562080665124	0.05622156841458612	0.05634056208065665	0.056340562080655125	0.056340562080675144	0.05634056208066052
20267709	0.04885536522457092	0.0488553652245776	0.048855365224587215	0.048861645203913576	0.04886164520391383	0.04886164520391805	0.04885536522457836	0.04886164520391536	0.04854016746697819	0.048861645203920244	0.04885536522458029	0.04854016746697957	0.04886164520391907	0.048855365224559515	0.048855365224573115	0.04886164520392345	0.048861645203913576	0.048540167466969174	0.04854016746696969	0.04886164520391409	0.04854016746697811	0.04885536522459043	0.04886164520392691	0.048855365224577854	0.04854016746697165	0.048855365224567716	0.04885536522456695	0.04885536522459043	0.04885536522457337
20271359	0.0	0.0	0.0	0.0	0.0	0.0	0.0	0.0	0.0	0.0	0.0	0.0	0.0	0.0	0.0	0.0	0.0	0.0	0.0	0.0	0.0	0.0	0.0	0.0	0.0	0.0	0.0	0.0	0.0
20275399	0.028860088457399295	0.0288600884574076	0.028860088457425402	0.0288572106334902	0.028857210633490452	0.0288572106334946	0.028860088457408874	0.028857210633491726	0.028866767053431382	0.028857210633497485	0.028860088457414806	0.028866767053437138	0.0288572106334974	0.028860088457383273	0.028860088457404977	0.028857210633506727	0.028857210633492746	0.028866767053416457	0.02886676705341926	0.02885721063349249	0.028866767053434005	0.028860088457429302	0.02885721063351266	0.02886008845740913	0.028866767053421886	0.02886008845739438	0.028860088457394635	0.02886008845742981	0.028860088457404977
20299973	0.06728831894016021	0.06728831894016782	0.06728831894017118	0.06730583046373506	0.06730583046373506	0.06730583046373695	0.06728831894016475	0.06730583046373582	0.06712596775973802	0.06730583046373909	0.06728831894016689	0.06712596775974487	0.0673058304637372	0.06728831894015862	0.06728831894016389	0.06730583046374021	0.06730583046373481	0.06712596775973702	0.06712596775973753	0.06730583046373506	0.06712596775974373	0.06728831894017281	0.06730583046374133	0.06728831894016551	0.06712596775973867	0.0672883189401601	0.06728831894015934	0.06728831894017205	0.06728831894016185
20358955	0.0	0.0	0.0	0.0	0.0	0.0	0.0	0.0	0.0	0.0	0.0	0.0	0.0	0.0	0.0	0.0	0.0	0.0	0.0	0.0	0.0	0.0	0.0	0.0	0.0	0.0	0.0	0.0	0.0
20376029	0.17753989955259103	0.17753989955258412	0.17753989955255414	0.1775393286791465	0.17753932867914396	0.17753932867914202	0.17753989955257443	0.17753932867914116	0.1776463452351799	0.17753932867913602	0.17753989955256944	0.17764634523517955	0.17753932867913336	0.1775398995526197	0.17753989955258706	0.1775393286791206	0.17753932867914243	0.17764634523520745	0.17764634523520365	0.1775393286791409	0.17764634523518097	0.17753989955254662	0.17753932867911204	0.17753989955257496	0.17764634523519787	0.17753989955259675	0.17753989955259447	0.1775398995525451	0.1775398995525807
20380417	0.06692852904694165	0.06692852904694448	0.06692852904694972	0.06695660709083591	0.06695660709083794	0.06695660709083628	0.06692852904694549	0.06695660709083744	0.06699024117585836	0.06695660709083923	0.06692852904694689	0.06699024117586244	0.06695660709083909	0.06692852904693539	0.06692852904694255	0.0669566070908419	0.06695660709083717	0.06699024117585377	0.0669902411758525	0.06695660709083769	0.0669902411758595	0.06692852904695164	0.0669566070908433	0.06692852904694652	0.06699024117585849	0.0669285290469405	0.06692852904693973	0.06692852904695215	0.06692852904694434
20390027	0.11961069976470669	0.1196106997647079	0.11961069976469735	0.11964513990131008	0.11964513990130957	0.11964513990130951	0.1196106997647028	0.11964513990130346	0.11987821373204327	0.11964513990130847	0.11961069976470047	0.1198782137320429	0.11964513990129985	0.11961069976472155	0.11961069976470742	0.11964513990129595	0.11964513990130346	0.11987821373205358	0.11987821373205129	0.11964513990130346	0.11987821373204295	0.11961069976469324	0.11964513990129134	0.11961069976470459	0.11987821373205124	0.11961069976471181	0.11961069976471156	0.11961069976469375	0.1196106997647041
20447343	0.19719583872226468	0.19719583872224525	0.19719583872221838	0.19718104334292127	0.19718104334292028	0.1971810433429141	0.19719583872224475	0.19718104334291645	0.1972213257437255	0.1971810433429082	0.19719583872223703	0.19722132574371523	0.1971810433429067	0.1971958387222956	0.19719583872225546	0.19718104334289163	0.19718104334291822	0.19722132574375056	0.19722132574374676	0.1971810433429167	0.19722132574371756	0.19719583872220764	0.1971810433428804	0.19719583872224475	0.19722132574374035	0.19719583872227184	0.19719583872226829	0.19719583872220764	0.1971958387222529
20501668	0.0	0.0	0.0	0.0	0.0	0.0	0.0	0.0	0.0	0.0	0.0	0.0	0.0	0.0	0.0	0.0	0.0	0.0	0.0	0.0	0.0	0.0	0.0	0.0	0.0	0.0	0.0	0.0	0.0
20532115	0.10700492353760105	0.107004923537595	0.10700492353759124	0.10701780915174797	0.107017809151749	0.10701780915174493	0.10700492353759677	0.10701780915175077	0.10689708310293003	0.10701780915174368	0.10700492353759526	0.10689708310292449	0.10701780915175128	0.10700492353760377	0.10700492353759854	0.10701780915174676	0.10701780915175255	0.1068970831029282	0.10689708310293176	0.10701780915175102	0.10689708310292344	0.10700492353758999	0.10701780915174627	0.10700492353759576	0.10689708310292619	0.10700492353760178	0.10700492353760153	0.10700492353758873	0.1070049235375993
20559562	0.07085725438530704	0.07085725438530181	0.07085725438531013	0.07083659919332852	0.07083659919333081	0.07083659919332705	0.07085725438531021	0.07083659919333336	0.07106088019157773	0.07083659919332685	0.07085725438530874	0.07106088019157195	0.07083659919333646	0.07085725438529847	0.07085725438530353	0.07083659919333557	0.07083659919333209	0.0710608801915695	0.07106088019157002	0.0708365991933326	0.07106088019157343	0.0708572543853112	0.07083659919333715	0.07085725438530868	0.07106088019157006	0.07085725438530419	0.07085725438530749	0.07085725438531146	0.07085725438530914
20630946	0.055948314116933476	0.05594831411693512	0.05594831411694598	0.05592146607510422	0.05592146607510473	0.05592146607510325	0.05594831411693869	0.05592146607510651	0.05606714193962964	0.05592146607510637	0.055948314116940775	0.05606714193963253	0.055921466075109616	0.05594831411692363	0.055948314116934045	0.05592146607511534	0.055921466075106	0.056067141939623186	0.05606714193962293	0.05592146607510626	0.05606714193963121	0.055948314116949095	0.055921466075117436	0.05594831411693843	0.05606714193962578	0.05594831411693062	0.05594831411693164	0.05594831411694833	0.05594831411693685
20706215	0.2258725223673611	0.22587252236734545	0.22587252236730435	0.22586802932740221	0.22586802932740094	0.2258680293273923	0.22587252236733782	0.22586802932739813	0.22560804035911117	0.22586802932738498	0.2258725223673287	0.2256080403590991	0.22586802932738748	0.225872522367407	0.22587252236735406	0.22586802932736672	0.22586802932740016	0.22560804035914236	0.22560804035913828	0.22586802932739788	0.2256080403591036	0.22587252236729322	0.22586802932735303	0.2258725223673368	0.22560804035913073	0.2258725223673705	0.22587252236737074	0.2258725223672917	0.2258725223673487
20819999	0.20677115695446882	0.2067711569544526	0.20677115695441897	0.2067535037387337	0.20675350373873166	0.20675350373872722	0.20677115695445059	0.20675350373872808	0.20678283776641207	0.20675350373871845	0.2067711569544408	0.20678283776640297	0.20675350373871856	0.20677115695450474	0.2067711569544606	0.2067535037387008	0.20675350373873064	0.20678283776643877	0.20678283776643344	0.20675350373872833	0.20678283776640433	0.20677115695440867	0.20675350373868953	0.20677115695444906	0.20678283776642953	0.20677115695447937	0.20677115695447656	0.2067711569544074	0.20677115695445755
20865035	0.02114336680333554	0.021143366803338802	0.02114336680336036	0.021147195123571185	0.02114719512357144	0.021147195123573957	0.02114336680334669	0.021147195123576275	0.021139471516379772	0.02114719512357826	0.02114336680334921	0.021139471516378704	0.02114719512358261	0.021143366803311688	0.02114336680333679	0.02114719512359096	0.021147195123575	0.021139471516359202	0.0211394715163648	0.02114719512357551	0.021139471516379238	0.021143366803365427	0.021147195123597806	0.021143366803345928	0.021139471516365034	0.02114336680332971	0.021143366803330982	0.02114336680336619	0.021143366803343153
20892128	0.06861245875790443	0.0686124587579118	0.06861245875791559	0.06862113735799863	0.0686211373579971	0.06862113735799912	0.06861245875790976	0.06862113735799812	0.06831874848476528	0.06862113735799988	0.06861245875791078	0.06831874848476939	0.06862113735799963	0.06861245875790369	0.06861245875790824	0.06862113735800471	0.06862113735799989	0.06831874848476398	0.06831874848476371	0.06862113735799913	0.06831874848476784	0.06861245875791559	0.06862113735800673	0.06861245875791001	0.06831874848476628	0.06861245875790495	0.06861245875790697	0.06861245875791712	0.06861245875790671
20898476	0.0915857370592531	0.09158573705925376	0.09158573705925395	0.09159425462354605	0.09159425462354681	0.09159425462354788	0.09158573705925604	0.09159425462354401	0.09154301421069201	0.09159425462354719	0.09158573705925255	0.0915430142106975	0.09159425462354279	0.09158573705925774	0.09158573705925369	0.09159425462354191	0.09159425462354452	0.09154301421069622	0.09154301421069545	0.09159425462354376	0.09154301421069437	0.091585737059253	0.09159425462354223	0.0915857370592558	0.09154301421069654	0.09158573705925584	0.09158573705925685	0.09158573705925326	0.09158573705925394
20906079	0.057031321679497274	0.05703132167950077	0.057031321679510076	0.05704215268354242	0.05704215268354497	0.057042152683544164	0.057031321679502804	0.05704215268354573	0.05667920872915633	0.0570421526835454	0.057031321679504546	0.05667920872915504	0.05704215268354926	0.05703132167948822	0.05703132167949928	0.057042152683551985	0.05704215268354548	0.05667920872914616	0.05667920872914743	0.057042152683546496	0.05667920872915454	0.05703132167951208	0.057042152683555	0.05703132167950357	0.056679208729148445	0.05703132167949578	0.05703132167949578	0.05703132167951335	0.05703132167950131
20914669	0.02045600534114567	0.020456005341149813	0.02045600534117282	0.020419950170179287	0.020419950170181066	0.020419950170183138	0.02045600534115592	0.02041995017018463	0.020013054379016425	0.02041995017018725	0.020456005341161296	0.020013054379020387	0.020419950170191027	0.020456005341123677	0.020456005341148505	0.02041995017019874	0.02041995017018285	0.020013054378996933	0.02001305437900279	0.020419950170183866	0.020013054379014968	0.02045600534117769	0.02041995017020641	0.02045600534115592	0.020013054379003116	0.020456005341139526	0.020456005341140546	0.020456005341178963	0.02045600534115283
20920239	0.024877618058676727	0.024877618058685203	0.024877618058701482	0.02489774438663505	0.02489774438663556	0.024897744386637756	0.02487761805868724	0.02489774438663785	0.025149649798059538	0.02489774438664174	0.02487761805869046	0.025149649798063386	0.024897744386642082	0.024877618058659432	0.024877618058680457	0.024897744386651828	0.024897744386636323	0.02514964979804347	0.025149649798047034	0.024897744386637596	0.02514964979806248	0.02487761805870699	0.024897744386657084	0.024877618058686986	0.025149649798049723	0.02487761805867096	0.024877618058675798	0.024877618058706738	0.02487761805868224
20922259	0.06660571615170703	0.06660571615171042	0.06660571615171625	0.06659544419352602	0.06659544419352705	0.06659544419352872	0.06660571615171118	0.0665954441935273	0.06675149903972656	0.06659544419353017	0.06660571615171133	0.06675149903973043	0.06659544419352847	0.06660571615170043	0.06660571615170821	0.06659544419353135	0.06659544419352602	0.06675149903972372	0.0667514990397232	0.06659544419352653	0.06675149903972874	0.06660571615171668	0.06659544419353279	0.06660571615171118	0.0667514990397254	0.06660571615170482	0.06660571615170686	0.06660571615171769	0.06660571615170897
20933324	0.05441000322615454	0.05441000322616357	0.05441000322617177	0.0544220240429678	0.054422024042967546	0.05442202404297154	0.054410003226163316	0.05442202404296576	0.054702321302955034	0.05442202404297275	0.05441000322616375	0.05470232130296299	0.05442202404296823	0.054410003226148626	0.054410003226159055	0.05442202404297472	0.05442202404296551	0.05470232130295089	0.054702321302948095	0.054422024042966526	0.05470232130296029	0.05441000322617425	0.05442202404297771	0.05441000322616357	0.05470232130295411	0.054410003226154094	0.05441000322615486	0.05441000322617476	0.0544100032261588
20946545	0.0	0.0	0.0	0.0	0.0	0.0	0.0	0.0	0.0	0.0	0.0	0.0	0.0	0.0	0.0	0.0	0.0	0.0	0.0	0.0	0.0	0.0	0.0	0.0	0.0	0.0	0.0	0.0	0.0
20964295	0.0	0.0	0.0	0.0	0.0	0.0	0.0	0.0	0.0	0.0	0.0	0.0	0.0	0.0	0.0	0.0	0.0	0.0	0.0	0.0	0.0	0.0	0.0	0.0	0.0	0.0	0.0	0.0	0.0
20989910	0.0	0.0	0.0	0.0	0.0	0.0	0.0	0.0	0.0	0.0	0.0	0.0	0.0	0.0	0.0	0.0	0.0	0.0	0.0	0.0	0.0	0.0	0.0	0.0	0.0	0.0	0.0	0.0	0.0
21000630	0.07349979902935978	0.07349979902936225	0.07349979902936453	0.07347475825598923	0.07347475825598948	0.07347475825598983	0.07349979902936123	0.07347475825598923	0.07359824535313883	0.07347475825599144	0.07349979902936259	0.07359824535314356	0.07347475825599008	0.07349979902935494	0.07349979902936038	0.07347475825599356	0.07347475825598872	0.07359824535313894	0.0735982453531397	0.07347475825598795	0.07359824535314222	0.07349979902936513	0.07347475825599263	0.07349979902936123	0.07359824535314106	0.07349979902935894	0.07349979902935894	0.07349979902936589	0.0734997990293619
21002524	0.011930426180160455	0.011930426180169106	0.011930426180192773	0.011941591036967913	0.011941591036970203	0.011941591036969946	0.011930426180173688	0.011941591036973002	0.011950660681289601	0.011941591036975542	0.011930426180178776	0.011950660681293924	0.011941591036979362	0.011930426180137805	0.011930426180165035	0.011941591036985721	0.011941591036968931	0.011950660681270259	0.011950660681274587	0.011941591036970458	0.011950660681292398	0.011930426180198881	0.01194159103699488	0.011930426180174198	0.011950660681277894	0.01193042618015511	0.011930426180159437	0.011930426180200154	0.011930426180168598
21125782	0.18066317949237062	0.18066317949236116	0.1806631794923329	0.1806340516761649	0.1806340516761616	0.18063405167615887	0.18066317949235453	0.18063405167615854	0.18064844818936188	0.18063405167615412	0.18066317949234925	0.18064844818935824	0.18063405167615149	0.18066317949240113	0.18066317949236613	0.18063405167613922	0.18063405167615953	0.1806484481893869	0.18064844818938258	0.180634051676158	0.18064844818935993	0.18066317949232513	0.18063405167612812	0.18066317949235502	0.18064844818937784	0.18066317949237842	0.1806631794923751	0.18066317949232208	0.18066317949236002
21176459	0.0	0.0	0.0	0.0	0.0	0.0	0.0	0.0	0.0	0.0	0.0	0.0	0.0	0.0	0.0	0.0	0.0	0.0	0.0	0.0	0.0	0.0	0.0	0.0	0.0	0.0	0.0	0.0	0.0
21183160	0.05741097891388392	0.057410978913883276	0.057410978913894524	0.05741984223655012	0.0574198422365519	0.05741984223655208	0.057410978913888626	0.05741984223655318	0.0574216962966984	0.05741984223655354	0.057410978913890076	0.05742169629670208	0.05741984223655641	0.0574109789138714	0.057410978913883345	0.05741984223655984	0.0574198422365519	0.0574216962966932	0.05742169629669498	0.05741984223655292	0.05742169629670087	0.05741097891389624	0.05741984223656206	0.05741097891388837	0.05742169629669593	0.05741097891388119	0.05741097891388221	0.05741097891389624	0.057410978913886655
21189544	0.0	0.0	0.0	0.0	0.0	0.0	0.0	0.0	0.0	0.0	0.0	0.0	0.0	0.0	0.0	0.0	0.0	0.0	0.0	0.0	0.0	0.0	0.0	0.0	0.0	0.0	0.0	0.0	0.0
21274280	0.0	0.0	0.0	0.0	0.0	0.0	0.0	0.0	0.0	0.0	0.0	0.0	0.0	0.0	0.0	0.0	0.0	0.0	0.0	0.0	0.0	0.0	0.0	0.0	0.0	0.0	0.0	0.0	0.0
21293107	0.05126039486781443	0.05126039486781535	0.05126039486782868	0.05128562320386286	0.051285623203864386	0.05128562320386382	0.05126039486781968	0.051285623203867696	0.05134341825702953	0.051285623203865295	0.051260394867822925	0.05134341825702737	0.05128562320387171	0.0512603948678016	0.05126039486781591	0.05128562320387618	0.051285623203867696	0.051343418257015654	0.05134341825701896	0.05128562320386795	0.051343418257025396	0.05126039486783296	0.05128562320387969	0.05126039486781942	0.05134341825701967	0.051260394867810664	0.05126039486781245	0.0512603948678299	0.05126039486781769
21362537	0.0	0.0	0.0	0.0	0.0	0.0	0.0	0.0	0.0	0.0	0.0	0.0	0.0	0.0	0.0	0.0	0.0	0.0	0.0	0.0	0.0	0.0	0.0	0.0	0.0	0.0	0.0	0.0	0.0
21402304	0.1434023455464354	0.14340234554642797	0.14340234554641082	0.14338893615146825	0.14338893615146572	0.14338893615146311	0.14340234554642492	0.14338893615146317	0.14345577282774574	0.14338893615146056	0.14340234554642103	0.14345577282774005	0.14338893615145779	0.14340234554644973	0.1434023455464318	0.14338893615145315	0.14338893615146445	0.1434557728277578	0.14345577282775626	0.14338893615146367	0.14345577282774186	0.1434023455464062	0.1433889361514455	0.14340234554642592	0.14345577282775468	0.14340234554644002	0.14340234554643594	0.14340234554640569	0.14340234554642978
21413181	0.0	0.0	0.0	0.0	0.0	0.0	0.0	0.0	0.0	0.0	0.0	0.0	0.0	0.0	0.0	0.0	0.0	0.0	0.0	0.0	0.0	0.0	0.0	0.0	0.0	0.0	0.0	0.0	0.0
22789958	0.2011352124137603	0.20113521241374377	0.20113521241371182	0.20112495059897015	0.20112495059896582	0.2011249505989606	0.20113521241374022	0.2011249505989666	0.2008417236749783	0.20112495059895258	0.2011352124137327	0.20084172367496866	0.20112495059895677	0.20113521241379223	0.2011352124137523	0.2011249505989377	0.2011249505989666	0.20084172367500652	0.20084172367500272	0.20112495059896507	0.2008417236749736	0.20113521241370202	0.20112495059892638	0.20113521241373947	0.20084172367499423	0.20113521241376756	0.20113521241376425	0.2011352124137005	0.20113521241374746
26631069	0.12834099261682022	0.1283409926168161	0.12834099261680382	0.12834613601152403	0.12834613601152683	0.12834613601151992	0.12834099261681356	0.1283461360115263	0.12852025381073376	0.12834613601151737	0.12834099261681098	0.12852025381072832	0.12834613601152298	0.12834099261683146	0.12834099261681867	0.1283461360115138	0.1283461360115263	0.12852025381074095	0.1285202538107402	0.12834613601152606	0.12852025381072862	0.12834099261679974	0.12834613601151124	0.1283409926168146	0.12852025381073712	0.1283409926168238	0.12834099261682327	0.12834099261680076	0.1283409926168161
27481601	0.0	0.0	0.0	0.0	0.0	0.0	0.0	0.0	0.0	0.0	0.0	0.0	0.0	0.0	0.0	0.0	0.0	0.0	0.0	0.0	0.0	0.0	0.0	0.0	0.0	0.0	0.0	0.0	0.0
36379623	0.0607902650330979	0.060790265033103044	0.06079026503310961	0.06082305161195409	0.06082305161195409	0.06082305161195296	0.06079026503310279	0.06082305161195714	0.06057059363103489	0.060823051611955906	0.060790265033105736	0.06057059363104057	0.060823051611959826	0.060790265033089805	0.06079026503310111	0.06082305161196166	0.060823051611955614	0.06057059363103124	0.06057059363103175	0.060823051611955614	0.060570593631038366	0.06079026503311129	0.060823051611965114	0.060790265033103044	0.0605705936310332	0.06079026503309698	0.06079026503309316	0.060790265033111794	0.06079026503310009
39800111	0.1682462252965819	0.16824622529656816	0.16824622529654593	0.1682389882983565	0.168238988298356	0.16823898829835154	0.16824622529656816	0.16823898829835449	0.16825102429346758	0.16823898829834608	0.16824622529656166	0.16825102429346048	0.16823898829834824	0.16824622529660513	0.16824622529657618	0.16823898829833606	0.16823898829835676	0.16825102429348668	0.16825102429348412	0.16823898829835474	0.16825102429346364	0.1682462252965402	0.16823898829832803	0.16824622529656766	0.16825102429347918	0.1682462252965871	0.16824622529658811	0.16824622529653765	0.16824622529657388
43485807	0.1354812694093945	0.13548126940938587	0.13548126940937305	0.1354836024253214	0.13548360242532317	0.13548360242531796	0.13548126940938587	0.13548360242532165	0.13545554150068037	0.13548360242531327	0.13548126940938218	0.13545554150067782	0.13548360242531746	0.13548126940940758	0.13548126940938982	0.13548360242530857	0.13548360242532217	0.13545554150069106	0.1354555415006895	0.13548360242532317	0.1354555415006782	0.13548126940936886	0.1354836024253054	0.13548126940938587	0.13545554150068712	0.13548126940939792	0.13548126940939792	0.13548126940936833	0.13548126940939006
44019405	0.12659837633856955	0.12659837633856497	0.1265983763385529	0.1266033222139624	0.12660332221396162	0.1266033222139597	0.1265983763385614	0.12660332221396112	0.12679019482318343	0.1266033222139583	0.12659837633856127	0.1267901948231806	0.12660332221395718	0.12659837633858415	0.12659837633856813	0.12660332221395182	0.12660332221396112	0.12679019482319467	0.12679019482319084	0.12660332221396087	0.12679019482318354	0.12659837633855073	0.12660332221394663	0.12659837633856344	0.1267901948231925	0.12659837633857296	0.12659837633856735	0.1265983763385492	0.12659837633856433
46000440	0.002862133372243858	0.002862133372255586	0.0028621333722800494	0.0	0.0	0.0	0.002862133372259149	0.0	0.0	0.0	0.002862133372265522	0.0	0.0	0.0028621333722196485	0.00286213337225074	0.0	0.0	0.0	0.0	0.0	0.0	0.002862133372286168	0.0	0.0028621333722586404	0.0	0.002862133372236976	0.002862133372239521	0.0028621333722864224	0.002862133372252267
46369736	0.13131706198090237	0.1313170619809031	0.1313170619808865	0.1313424150974948	0.1313424150974915	0.13134241509749275	0.13131706198089574	0.1313424150974882	0.13088567227310913	0.1313424150974917	0.13131706198089316	0.13088567227311348	0.13134241509748434	0.1313170619809215	0.13131706198090184	0.13134241509747974	0.13134241509748845	0.1308856722731254	0.13088567227311929	0.13134241509748742	0.1308856722731127	0.13131706198088344	0.1313424150974736	0.13131706198089801	0.13088567227312314	0.13131706198090748	0.13131706198090418	0.13131706198088317	0.1313170619808983
46547648	0.1309541424303622	0.13095414243035639	0.130954142430346	0.1309618950399384	0.13096189503993663	0.1309618950399356	0.13095414243035436	0.13096189503993638	0.13144754037571044	0.13096189503993358	0.13095414243035333	0.13144754037571088	0.1309618950399328	0.13095414243037667	0.13095414243036171	0.13096189503992775	0.1309618950399379	0.13144754037572196	0.13144754037572196	0.13096189503993713	0.13144754037571063	0.1309541424303427	0.13096189503992497	0.13095414243035539	0.13144754037571962	0.13095414243036602	0.13095414243036016	0.13095414243034195	0.1309541424303579
50100770	0.14670058104616943	0.14670058104615863	0.1467005810461452	0.14670790856093555	0.14670790856093452	0.14670790856093113	0.1467005810461581	0.14670790856093477	0.14667473257935618	0.14670790856092752	0.1467005810461555	0.14667473257934815	0.14670790856092858	0.14670058104618663	0.1467005810461658	0.14670790856092134	0.14670790856093477	0.14667473257936497	0.14667473257936522	0.14670790856093427	0.14667473257935076	0.14670058104613953	0.14670790856091417	0.14670058104615963	0.14667473257936084	0.14670058104617456	0.14670058104617353	0.14670058104613953	0.14670058104616454
50102376	0.04799392018017742	0.047993920180182455	0.04799392018019383	0.04799794111466011	0.04799794111465909	0.04799794111466262	0.04799392018018322	0.04799794111465705	0.04809845228052773	0.04799794111466692	0.04799392018018803	0.04809845228053377	0.04799794111466084	0.047993920180165024	0.04799392018017968	0.04799794111467096	0.04799794111465858	0.048098452280520426	0.04809845228052017	0.047997941114657564	0.04809845228053202	0.04799392018019685	0.04799794111467323	0.04799392018018398	0.04809845228052421	0.04799392018017439	0.0479939201801721	0.04799392018019736	0.047993920180181976
50104008	0.0	0.0	0.0	0.0	0.0	0.0	0.0	0.0	0.0	0.0	0.0	0.0	0.0	0.0	0.0	0.0	0.0	0.0	0.0	0.0	0.0	0.0	0.0	0.0	0.0	0.0	0.0	0.0	0.0
50106442	0.05280751056626771	0.05280751056627065	0.05280751056628206	0.05280809586399231	0.05280809586399307	0.05280809586399517	0.052807510566272683	0.05280809586399562	0.052814432899657225	0.05280809586399728	0.052807510566274786	0.0528144328996594	0.05280809586399772	0.05280751056625731	0.05280751056626854	0.05280809586400346	0.052808095863994854	0.052814432899648434	0.05281443289964996	0.05280809586399562	0.05281443289965882	0.05280751056628391	0.05280809586400735	0.05280751056627192	0.05281443289965181	0.05280751056626331	0.05280751056626763	0.05280751056628391	0.05280751056627185
50106730	0.02936887752053662	0.029368877520544838	0.029368877520560725	0.029332873867788926	0.029332873867792236	0.029332873867793798	0.029368877520546875	0.029332873867791216	0.029482370034703533	0.029332873867797912	0.029368877520550726	0.029482370034711474	0.02933287386779558	0.02936887752051869	0.0293688775205392	0.029332873867803807	0.029332873867789436	0.02948237003469253	0.02948237003469355	0.0293328738677902	0.029482370034708136	0.02936887752056458	0.029332873867810208	0.029368877520547128	0.02948237003469689	0.029368877520531744	0.02936887752053276	0.029368877520565342	0.029368877520542763
50107871	0.11958880189314723	0.11958880189314794	0.11958880189313485	0.11959044046179168	0.1195904404617904	0.11959044046179088	0.11958880189314233	0.11959044046178582	0.11914738028839135	0.11959044046178931	0.11958880189313975	0.11914738028839415	0.11959044046178349	0.11958880189315904	0.11958880189314568	0.11959044046177936	0.11959044046178735	0.11914738028840077	0.11914738028839797	0.11959044046178685	0.11914738028839134	0.119588801893131	0.11959044046177628	0.11958880189314336	0.11914738028840027	0.11958880189315083	0.1195888018931488	0.11958880189313202	0.11958880189314364
50108462	0.05034110490764609	0.050341104907653776	0.05034110490766302	0.05033661375477072	0.050336613754770464	0.05033661375477303	0.050341104907653776	0.050336613754771484	0.050085558101496695	0.050336613754775605	0.05034110490765482	0.05008555810150188	0.05033661375477456	0.050341104907637095	0.050341104907649425	0.050336613754780726	0.050336613754771733	0.05008555810148744	0.0500855581014882	0.050336613754772504	0.050085558101498014	0.050341104907666356	0.05033661375478381	0.05034110490765327	0.0500855581014936	0.05034110490764402	0.05034110490764377	0.050341104907665336	0.050341104907650695
50108750	0.06950676362025726	0.06950676362026142	0.06950676362026575	0.06950983753121222	0.06950983753121145	0.06950983753121265	0.06950676362026169	0.069509837531213	0.06995162656063501	0.06950983753121434	0.06950676362026312	0.06995162656063324	0.06950983753121238	0.06950676362025217	0.06950676362025897	0.06950983753121681	0.06950983753121019	0.06995162656062559	0.06995162656062687	0.06950983753121096	0.0699516265606298	0.06950676362026695	0.06950983753121673	0.06950676362026297	0.06995162656062726	0.06950676362025786	0.06950676362025532	0.06950676362026822	0.06950676362026025
50108912	0.020854877971643936	0.020854877971644956	0.020854877971667355	0.020824708184949595	0.020824708184950358	0.020824708184951125	0.020854877971653103	0.020824708184957484	0.02079214747400735	0.020824708184952655	0.020854877971656662	0.02079214747400711	0.020824708184963847	0.020854877971618228	0.02085487797164343	0.020824708184972	0.020824708184955958	0.02079214747398825	0.02079214747399181	0.02082470818495672	0.02079214747400659	0.02085487797167219	0.020824708184978873	0.02085487797165183	0.02079214747399309	0.02085487797163681	0.020854877971638847	0.02085487797167168	0.020854877971650303
50109215	0.03715171002268439	0.03715171002268899	0.0371517100227039	0.03712793538868211	0.03712793538868338	0.03712793538868656	0.03715171002269128	0.03712793538868465	0.03730541200358917	0.03712793538868925	0.03715171002269574	0.03730541200359806	0.03712793538868784	0.037151710022667185	0.03715171002268605	0.03712793538869677	0.0371279353886844	0.03730541200357925	0.037305412003581284	0.03712793538868414	0.03730541200359183	0.037151710022710144	0.03712793538870251	0.03715171002269103	0.03730541200358472	0.03715171002267942	0.03715171002267789	0.0371517100227076	0.03715171002268936
50300822	0.08453612846121333	0.08453612846120705	0.08453612846121134	0.08450728955838606	0.08450728955838478	0.08450728955838419	0.08453612846121213	0.08450728955838988	0.08482401818243827	0.0845072895583851	0.08453612846121254	0.08482401818243115	0.0845072895583913	0.08453612846120648	0.08453612846121197	0.08450728955838935	0.08450728955839014	0.08482401818243393	0.08482401818243673	0.08450728955839064	0.08482401818243229	0.08453612846121175	0.08450728955839104	0.08453612846121213	0.08482401818243077	0.08453612846121215	0.08453612846121088	0.0845361284612115	0.084536128461214
50301675	0.11746731758752427	0.11746731758751948	0.11746731758751279	0.11747678722757562	0.11747678722757232	0.11747678722757296	0.11746731758752202	0.11747678722757512	0.11749944948910632	0.11747678722756955	0.11746731758751834	0.11749944948910228	0.11747678722757347	0.11746731758753426	0.11746731758752137	0.1174767872275669	0.11747678722757486	0.11749944948911367	0.11749944948911165	0.1174767872275736	0.1174994494891039	0.11746731758750913	0.11747678722756247	0.11746731758752152	0.11749944948911052	0.1174673175875282	0.11746731758752718	0.11746731758750989	0.11746731758752137
50400259	0.0	0.0	0.0	0.0	0.0	0.0	0.0	0.0	0.0	0.0	0.0	0.0	0.0	0.0	0.0	0.0	0.0	0.0	0.0	0.0	0.0	0.0	0.0	0.0	0.0	0.0	0.0	0.0	0.0
50400385	0.16678047746044666	0.16678047746043498	0.16678047746041236	0.1667690065613139	0.16676900656131313	0.16676900656131008	0.1667804774604332	0.16676900656131058	0.1670385775801099	0.16676900656130475	0.1667804774604281	0.16703857758010857	0.16676900656130422	0.16678047746046853	0.1667804774604403	0.16676900656129076	0.16676900656131086	0.16703857758013133	0.16703857758013005	0.16676900656130958	0.16703857758011087	0.16678047746040497	0.1667690065612821	0.1667804774604327	0.16703857758012494	0.16678047746045327	0.16678047746045174	0.16678047746040472	0.16678047746043956
50402693	0.09151322787132281	0.09151322787131634	0.09151322787131859	0.09149981556968784	0.09149981556968631	0.0914998155696851	0.09151322787132016	0.09149981556968911	0.09144128410217485	0.09149981556968595	0.09151322787132099	0.09144128410217246	0.0914998155696902	0.09151322787131927	0.09151322787131881	0.09149981556968882	0.09149981556968961	0.09144128410217546	0.09144128410217546	0.09149981556968885	0.09144128410217314	0.09151322787131841	0.09149981556968864	0.0915132278713194	0.09144128410217453	0.09151322787132196	0.09151322787131917	0.09151322787131765	0.09151322787132314
50402729	0.0	0.0	0.0	0.0	0.0	0.0	0.0	0.0	0.0	0.0	0.0	0.0	0.0	0.0	0.0	0.0	0.0	0.0	0.0	0.0	0.0	0.0	0.0	0.0	0.0	0.0	0.0	0.0	0.0
51624179	0.0642045886367446	0.06420458863675017	0.06420458863675663	0.06420229621206146	0.06420229621206146	0.06420229621206361	0.06420458863674992	0.06420229621206247	0.06428274071967621	0.06420229621206448	0.0642045886367508	0.06428274071967796	0.06420229621206386	0.06420458863673814	0.06420458863674751	0.06420229621206638	0.06420229621206171	0.06428274071967091	0.06428274071966963	0.06420229621206222	0.06428274071967632	0.06420458863675878	0.06420229621206981	0.06420458863674916	0.06428274071967331	0.06420458863674372	0.06420458863674525	0.06420458863675776	0.06420458863674726
54122640	0.08275455600671405	0.08275455600671545	0.08275455600671766	0.08277409868994252	0.08277409868994354	0.08277409868994308	0.08275455600671494	0.08277409868994405	0.08255370246403344	0.08277409868994288	0.08275455600671601	0.08255370246403461	0.08277409868994537	0.0827545560067149	0.08275455600671616	0.08277409868994447	0.08277409868994405	0.08255370246403153	0.08255370246403229	0.08277409868994481	0.08255370246403351	0.08275455600671772	0.08277409868994681	0.08275455600671519	0.08255370246403186	0.08275455600671348	0.08275455600671272	0.08275455600671695	0.08275455600671386
55897318	0.013422419979251466	0.013422419979261645	0.013422419979283402	0.013451406940882935	0.013451406940886498	0.01345140694088993	0.01342241997926419	0.013451406940887261	0.013363272992996292	0.013451406940894889	0.01342241997926915	0.013363272993003682	0.01345140694089273	0.01342241997923047	0.013422419979256174	0.013451406940902138	0.01345140694088599	0.0133632729929805	0.013363272992982537	0.013451406940886753	0.01336327299300075	0.013422419979288874	0.013451406940910151	0.013422419979264954	0.013363272992985469	0.013422419979245486	0.013422419979250066	0.0134224199792904	0.013422419979259482
56432243	0.019344813024159236	0.01934481302417044	0.019344813024189153	0.01937094163143034	0.019370941631431868	0.019370941631435046	0.019344813024172985	0.019370941631433394	0.019660315700324924	0.019370941631440774	0.019344813024176167	0.019660315700325892	0.01937094163143963	0.019344813024140522	0.019344813024165474	0.019370941631449045	0.019370941631432378	0.019660315700304354	0.019660315700307664	0.019370941631433394	0.019660315700322988	0.019344813024195134	0.01937094163145528	0.01934481302417324	0.019660315700310568	0.019344813024155545	0.019344813024160377	0.01934481302419539	0.01934481302416802
5779736	0.16889418976871792	0.16889418976870435	0.1688941897686827	0.1688837536366935	0.168883753636693	0.16888375363668745	0.16889418976870385	0.16888375363669272	0.16891113249693718	0.1688837536366832	0.16889418976869855	0.16891113249692663	0.16888375363668617	0.16889418976874135	0.16889418976871343	0.1688837536366744	0.16888375363669325	0.16891113249695255	0.16891113249695153	0.1688837536366912	0.16891113249693063	0.16889418976867718	0.16888375363666558	0.1688941897687041	0.16891113249694756	0.1688941897687242	0.16889418976872064	0.1688941897686754	0.16889418976871087
60747316	0.012852515641132812	0.012852515641143597	0.012852515641164736	0.012866367422413217	0.01286636742241398	0.012866367422417462	0.012852515641146905	0.012866367422413472	0.012812484895946098	0.012866367422422725	0.012852515641151406	0.012812484895956383	0.012866367422419752	0.012852515641110653	0.012852515641139095	0.012866367422430025	0.012866367422411946	0.012812484895929448	0.01281248489593174	0.012866367422412964	0.012812484895951113	0.012852515641170766	0.012866367422436817	0.01285251564114767	0.012812484895937264	0.012852515641128564	0.012852515641129837	0.012852515641170766	0.01285251564114164
66754397	0.12249393579440733	0.12249393579440424	0.12249393579439422	0.12252593662905799	0.12252593662905774	0.1225259366290559	0.12249393579440372	0.12252593662905442	0.12275012812823054	0.12252593662905359	0.12249393579440038	0.12275012812822737	0.12252593662905083	0.12249393579442064	0.12249393579440655	0.12252593662904618	0.12252593662905316	0.12275012812823777	0.12275012812823599	0.12252593662905366	0.12275012812822766	0.12249393579438961	0.12252593662904081	0.12249393579440475	0.12275012812823544	0.1224939357944127	0.12249393579441321	0.12249393579439165	0.12249393579440528
69982533	0.16428913824151828	0.16428913824150906	0.16428913824148758	0.16428717240097424	0.1642871724009755	0.16428717240097138	0.164289138241506	0.16428717240097168	0.16454493447180416	0.16428717240096755	0.16428913824150035	0.16454493447180454	0.16428717240096452	0.16428913824154484	0.1642891382415152	0.16428717240095453	0.16428717240097349	0.16454493447182744	0.16454493447182236	0.16428717240097118	0.16454493447180485	0.16428913824148042	0.1642871724009456	0.164289138241506	0.16454493447182028	0.1642891382415229	0.1642891382415219	0.16428913824148067	0.1642891382415096
70153803	0.10133322470299755	0.10133322470299476	0.10133322470299144	0.10130393628777198	0.10130393628776664	0.10130393628776918	0.10133322470299476	0.10130393628776843	0.10152361167168905	0.10130393628777021	0.10133322470299373	0.10152361167168594	0.10130393628776714	0.10133322470300136	0.10133322470299602	0.10130393628776918	0.10130393628777021	0.10152361167168934	0.10152361167169087	0.10130393628777021	0.10152361167168723	0.10133322470299144	0.10130393628776538	0.10133322470299501	0.10152361167169238	0.10133322470299806	0.10133322470299781	0.10133322470299017	0.10133322470299679
7253015	0.06829627931469914	0.06829627931469996	0.06829627931470612	0.06828788568060483	0.0682878856806061	0.06828788568060536	0.06829627931470225	0.06828788568060687	0.0681297992409151	0.06828788568060792	0.06829627931470277	0.06812979924091364	0.06828788568060917	0.0682962793146922	0.06829627931469993	0.06828788568060921	0.06828788568060559	0.06812979924090791	0.06812979924090892	0.06828788568060584	0.06812979924091207	0.06829627931470768	0.06828788568061178	0.06829627931470073	0.06812979924090998	0.06829627931469608	0.06829627931469862	0.06829627931470716	0.06829627931470222
7265221	0.14086371281285254	0.1408637128128453	0.1408637128128308	0.14087354824771872	0.14087354824771695	0.1408735482477148	0.1408637128128417	0.14087354824771567	0.1405712745183038	0.1408735482477127	0.14086371281283985	0.14057127451829862	0.14087354824771048	0.14086371281286927	0.14086371281284968	0.1408735482477027	0.14087354824771642	0.14057127451831486	0.14057127451831536	0.14087354824771542	0.14057127451830018	0.14086371281282617	0.14087354824769832	0.140863712812843	0.1405712745183138	0.1408637128128572	0.14086371281285567	0.1408637128128254	0.14086371281284737
7287209	0.0451646527244891	0.04516465272449437	0.04516465272450671	0.04517358700857708	0.04517358700857708	0.04517358700857881	0.045164652724497927	0.04517358700858064	0.045277527130193264	0.04517358700858259	0.045164652724498905	0.04527752713019978	0.045173587008585175	0.045164652724475216	0.045164652724491605	0.04517358700858993	0.04517358700857937	0.04527752713018522	0.045277527130187255	0.04517358700857911	0.045277527130197025	0.045164652724510236	0.04517358700859422	0.04516465272449666	0.045277527130189496	0.045164652724486845	0.04516465272448965	0.04516465272450947	0.0451646527244944
74753465	0.0	0.0	0.0	0.0	0.0	0.0	0.0	0.0	0.0	0.0	0.0	0.0	0.0	0.0	0.0	0.0	0.0	0.0	0.0	0.0	0.0	0.0	0.0	0.0	0.0	0.0	0.0	0.0	0.0
75990666	0.023265178791183064	0.02326517879119309	0.023265178791208253	0.023268658243396155	0.023268658243395902	0.023268658243398747	0.023265178791191055	0.02326865824339717	0.02335766230739237	0.023268658243404648	0.023265178791196953	0.02335766230739907	0.023268658243401037	0.023265178791164083	0.023265178791185403	0.023268658243413096	0.02326865824339692	0.023357662307376504	0.023357662307378287	0.02326865824339692	0.023357662307395465	0.023265178791213138	0.023268658243419255	0.023265178791190798	0.02335766230738444	0.02326517879117589	0.02326517879117589	0.023265178791213644	0.02326517879118795
76647134	0.08847312063349332	0.0884731206334973	0.08847312063349498	0.08848222435863645	0.08848222435863645	0.08848222435863906	0.08847312063349425	0.08848222435863416	0.08845680113866469	0.08848222435863966	0.0884731206334938	0.0884568011386684	0.08848222435863295	0.0884731206334969	0.08847312063349468	0.08848222435863236	0.08848222435863416	0.08845680113866784	0.08845680113866657	0.08848222435863468	0.0884568011386673	0.08847312063349455	0.08848222435863193	0.08847312063349348	0.08845680113866768	0.08847312063349298	0.08847312063349552	0.0884731206334943	0.08847312063349212
76755449	0.0	0.0	0.0	0.0	0.0	0.0	0.0	0.0	0.0	0.0	0.0	0.0	0.0	0.0	0.0	0.0	0.0	0.0	0.0	0.0	0.0	0.0	0.0	0.0	0.0	0.0	0.0	0.0	0.0
76867532	0.08287455797500363	0.08287455797500577	0.08287455797500641	0.0828759074215113	0.08287590742150874	0.0828759074215098	0.08287455797500425	0.082875907421509	0.08259182830480509	0.0828759074215124	0.08287455797500427	0.08259182830480777	0.08287590742150878	0.08287455797500373	0.08287455797500444	0.08287590742151144	0.08287590742150926	0.08259182830480571	0.08259182830480469	0.08287590742150926	0.08259182830480694	0.08287455797500672	0.08287590742151046	0.08287455797500425	0.08259182830480859	0.08287455797500307	0.08287455797500078	0.08287455797500595	0.08287455797500343
78353027	0.12116727964113401	0.12116727964113139	0.12116727964112145	0.12118498634228259	0.12118498634228438	0.12118498634228012	0.12116727964113062	0.12118498634227953	0.12120886836838264	0.12118498634227766	0.12116727964112764	0.1212088683683823	0.12118498634227502	0.12116727964114901	0.12116727964113308	0.12118498634227139	0.12118498634228081	0.12120886836839216	0.12120886836839344	0.12118498634227978	0.12120886836838475	0.12116727964111747	0.12118498634227019	0.12116727964113189	0.1212088683683897	0.121167279641139	0.12116727964113799	0.12116727964112027	0.12116727964113053
81852640	0.018067355594142583	0.018067355594152734	0.018067355594173044	0.018094419579426146	0.018094419579427926	0.01809441957943147	0.018067355594158587	0.018094419579430726	0.018234292572943494	0.018094419579435524	0.018067355594160606	0.01823429257294445	0.01809441957943605	0.018067355594124052	0.01806735559414791	0.01809441957944543	0.018094419579427673	0.01823429257292217	0.018234292572927517	0.018094419579428943	0.018234292572943716	0.01806735559417812	0.018094419579451522	0.01806735559415757	0.018234292572930032	0.018067355594139547	0.018067355594141073	0.018067355594179647	0.018067355594149948
81874628	0.11049253259171778	0.11049253259171316	0.11049253259170647	0.11047658573729968	0.11047658573729892	0.11047658573729864	0.11049253259171138	0.11047658573729892	0.11066152819933207	0.11047658573729735	0.1104925325917116	0.11066152819933224	0.1104765857372971	0.11049253259172571	0.11049253259171624	0.11047658573729503	0.11047658573730121	0.11066152819933622	0.11066152819933495	0.1104765857373002	0.11066152819933305	0.11049253259170645	0.11047658573729349	0.11049253259171163	0.11066152819933721	0.1104925325917183	0.11049253259171729	0.11049253259170365	0.11049253259171471
82317494	0.0	0.0	0.0	0.0	0.0	0.0	0.0	0.0	0.0	0.0	0.0	0.0	0.0	0.0	0.0	0.0	0.0	0.0	0.0	0.0	0.0	0.0	0.0	0.0	0.0	0.0	0.0	0.0	0.0
84642424	0.06557734790779357	0.06557734790780197	0.06557734790780577	0.0655618825728417	0.06556188257284018	0.06556188257284475	0.0655773479077984	0.06556188257283865	0.06564808355155186	0.06556188257284654	0.06557734790779966	0.06564808355155616	0.0655618825728394	0.06557734790779102	0.06557734790779636	0.06556188257284577	0.06556188257283839	0.06564808355154805	0.06564808355154653	0.06556188257283814	0.06564808355155438	0.06557734790780552	0.06556188257284781	0.06557734790779916	0.06564808355154983	0.06557734790779204	0.06557734790779254	0.0655773479078068	0.06557734790779433
85171938	0.0	0.0	0.0	0.0	0.0	0.0	0.0	0.0	0.0	0.0	0.0	0.0	0.0	0.0	0.0	0.0	0.0	0.0	0.0	0.0	0.0	0.0	0.0	0.0	0.0	0.0	0.0	0.0	0.0
87645445	0.1118627746456336	0.11186277464563231	0.11186277464562604	0.11186079940397725	0.11186079940397649	0.11186079940397659	0.11186277464563105	0.11186079940397597	0.1123434945373917	0.11186079940397799	0.11186277464562834	0.11234349453739184	0.11186079940397124	0.11186277464564393	0.11186277464563245	0.11186079940396894	0.11186079940397521	0.11234349453739945	0.11234349453739868	0.11186079940397521	0.11234349453739328	0.11186277464562311	0.11186079940396651	0.11186277464563181	0.11234349453739902	0.11186277464563654	0.1118627746456373	0.11186277464562387	0.11186277464563067
89164957	0.1450428001343202	0.1450428001343135	0.14504280013429618	0.1450495802850713	0.14504958028506926	0.14504958028506526	0.14504280013430865	0.14504958028506798	0.14449787431791222	0.145049580285061	0.14504280013430618	0.14449787431790814	0.14504958028506296	0.14504280013433649	0.1450428001343162	0.14504958028505652	0.14504958028507053	0.1444978743179247	0.14449787431792216	0.14504958028506926	0.14449787431790828	0.14504280013429066	0.1450495802850505	0.14504280013430992	0.14449787431792	0.14504280013432366	0.1450428001343229	0.14504280013429066	0.1450428001343152
90267190	0.0	0.0	0.0	0.0	0.0	0.0	0.0	0.0	0.0	0.0	0.0	0.0	0.0	0.0	0.0	0.0	0.0	0.0	0.0	0.0	0.0	0.0	0.0	0.0	0.0	0.0	0.0	0.0	0.0
91018909	0.0	0.0	0.0	0.0	0.0	0.0	0.0	0.0	0.0	0.0	0.0	0.0	0.0	0.0	0.0	0.0	0.0	0.0	0.0	0.0	0.0	0.0	0.0	0.0	0.0	0.0	0.0	0.0	0.0
98953007	0.1909079820815924	0.19090798208157864	0.1909079820815498	0.19090306593684359	0.19090306593684103	0.19090306593683617	0.1909079820815748	0.19090306593684078	0.19045326767584947	0.19090306593682876	0.19090798208156892	0.19045326767583956	0.19090306593683135	0.19090798208162527	0.19090798208158805	0.19090306593681503	0.19090306593684256	0.19045326767587464	0.19045326767586904	0.1909030659368413	0.1904532676758441	0.19090798208154217	0.19090306593680612	0.1909079820815748	0.19045326767586399	0.1909079820816008	0.1909079820815985	0.19090798208154036	0.19090798208158247
